0 verbose cli C:\Program Files\nodejs\node.exe C:\Program Files\nodejs\node_modules\npm\bin\npm-cli.js
1 info using npm@11.13.0
2 info using node@v24.17.0
3 silly config load:file:C:\Program Files\nodejs\node_modules\npm\npmrc
4 silly config load:file:C:\Porfolio\.npmrc
5 silly config load:file:C:\Users\rhust\.npmrc
6 silly config load:file:C:\Users\rhust\AppData\Roaming\npm\etc\npmrc
7 verbose title npm install
8 verbose argv "install" "--cache" ".\\.npm-cache" "--ignore-scripts" "--no-audit" "--no-fund"
9 verbose logfile logs-max:10 dir:C:\Porfolio\.npm-cache\_logs\2026-08-21T08_59_13_032Z-
10 verbose logfile C:\Porfolio\.npm-cache\_logs\2026-08-21T08_59_13_032Z-debug-0.log
11 silly logfile done cleaning log files
12 silly packumentCache heap:2348810240 maxSize:587202560 maxEntrySize:293601280
13 silly idealTree buildDeps
14 verbose shrinkwrap failed to load node_modules/.package-lock.json out of date, updated: node_modules
15 http fetch GET https://registry.npmjs.org/npm attempt 1 failed with EACCES
16 silly reify mark retired [ 'C:\\Porfolio\\node_modules\\acorn' ]
17 silly reify mark retired [ 'C:\\Porfolio\\node_modules\\acorn-jsx' ]
18 silly reify mark retired [ 'C:\\Porfolio\\node_modules\\ajv' ]
19 silly reify mark retired [ 'C:\\Porfolio\\node_modules\\ansi-styles' ]
20 silly reify mark retired [ 'C:\\Porfolio\\node_modules\\argparse' ]
21 silly reify mark retired [ 'C:\\Porfolio\\node_modules\\array-includes' ]
22 silly reify mark retired [ 'C:\\Porfolio\\node_modules\\aria-query' ]
23 silly reify mark retired [ 'C:\\Porfolio\\node_modules\\array.prototype.findlast' ]
24 silly reify mark retired [ 'C:\\Porfolio\\node_modules\\array-buffer-byte-length' ]
25 silly reify mark retired [ 'C:\\Porfolio\\node_modules\\array.prototype.findlastindex' ]
26 silly reify mark retired [ 'C:\\Porfolio\\node_modules\\array.prototype.flat' ]
27 silly reify mark retired [ 'C:\\Porfolio\\node_modules\\array.prototype.flatmap' ]
28 silly reify mark retired [ 'C:\\Porfolio\\node_modules\\array.prototype.tosorted' ]
29 silly reify mark retired [ 'C:\\Porfolio\\node_modules\\arraybuffer.prototype.slice' ]
30 silly reify mark retired [ 'C:\\Porfolio\\node_modules\\ast-types-flow' ]
31 silly reify mark retired [ 'C:\\Porfolio\\node_modules\\async-function' ]
32 silly reify mark retired [ 'C:\\Porfolio\\node_modules\\available-typed-arrays' ]
33 silly reify mark retired [ 'C:\\Porfolio\\node_modules\\axe-core' ]
34 silly reify mark retired [ 'C:\\Porfolio\\node_modules\\axobject-query' ]
35 silly reify mark retired [ 'C:\\Porfolio\\node_modules\\balanced-match' ]
36 silly reify mark retired [ 'C:\\Porfolio\\node_modules\\baseline-browser-mapping' ]
37 silly reify mark retired [ 'C:\\Porfolio\\node_modules\\brace-expansion' ]
38 silly reify mark retired [ 'C:\\Porfolio\\node_modules\\braces' ]
39 silly reify mark retired [ 'C:\\Porfolio\\node_modules\\call-bind' ]
40 silly reify mark retired [ 'C:\\Porfolio\\node_modules\\browserslist' ]
41 silly reify mark retired [ 'C:\\Porfolio\\node_modules\\call-bind-apply-helpers' ]
42 silly reify mark retired [ 'C:\\Porfolio\\node_modules\\call-bound' ]
43 silly reify mark retired [ 'C:\\Porfolio\\node_modules\\callsites' ]
44 silly reify mark retired [ 'C:\\Porfolio\\node_modules\\chalk' ]
45 silly reify mark retired [ 'C:\\Porfolio\\node_modules\\caniuse-lite' ]
46 silly reify mark retired [ 'C:\\Porfolio\\node_modules\\client-only' ]
47 silly reify mark retired [ 'C:\\Porfolio\\node_modules\\color-convert' ]
48 silly reify mark retired [ 'C:\\Porfolio\\node_modules\\color-name' ]
49 silly reify mark retired [ 'C:\\Porfolio\\node_modules\\concat-map' ]
50 silly reify mark retired [ 'C:\\Porfolio\\node_modules\\convert-source-map' ]
51 silly reify mark retired [ 'C:\\Porfolio\\node_modules\\cross-spawn' ]
52 silly reify mark retired [ 'C:\\Porfolio\\node_modules\\csstype' ]
53 silly reify mark retired [ 'C:\\Porfolio\\node_modules\\damerau-levenshtein' ]
54 silly reify mark retired [ 'C:\\Porfolio\\node_modules\\data-view-buffer' ]
55 silly reify mark retired [ 'C:\\Porfolio\\node_modules\\data-view-byte-offset' ]
56 silly reify mark retired [ 'C:\\Porfolio\\node_modules\\data-view-byte-length' ]
57 silly reify mark retired [ 'C:\\Porfolio\\node_modules\\debug' ]
58 silly reify mark retired [ 'C:\\Porfolio\\node_modules\\deep-is' ]
59 silly reify mark retired [ 'C:\\Porfolio\\node_modules\\define-data-property' ]
60 silly reify mark retired [ 'C:\\Porfolio\\node_modules\\detect-libc' ]
61 silly reify mark retired [ 'C:\\Porfolio\\node_modules\\define-properties' ]
62 silly reify mark retired [ 'C:\\Porfolio\\node_modules\\doctrine' ]
63 silly reify mark retired [ 'C:\\Porfolio\\node_modules\\dunder-proto' ]
64 silly reify mark retired [ 'C:\\Porfolio\\node_modules\\electron-to-chromium' ]
65 silly reify mark retired [ 'C:\\Porfolio\\node_modules\\emoji-regex' ]
66 silly reify mark retired [ 'C:\\Porfolio\\node_modules\\enhanced-resolve' ]
67 silly reify mark retired [ 'C:\\Porfolio\\node_modules\\es-abstract' ]
68 silly reify mark retired [ 'C:\\Porfolio\\node_modules\\es-define-property' ]
69 silly reify mark retired [ 'C:\\Porfolio\\node_modules\\es-errors' ]
70 silly reify mark retired [ 'C:\\Porfolio\\node_modules\\es-iterator-helpers' ]
71 silly reify mark retired [ 'C:\\Porfolio\\node_modules\\es-object-atoms' ]
72 silly reify mark retired [ 'C:\\Porfolio\\node_modules\\es-set-tostringtag' ]
73 silly reify mark retired [ 'C:\\Porfolio\\node_modules\\es-shim-unscopables' ]
74 silly reify mark retired [ 'C:\\Porfolio\\node_modules\\es-to-primitive' ]
75 silly reify mark retired [ 'C:\\Porfolio\\node_modules\\escalade' ]
76 silly reify mark retired [ 'C:\\Porfolio\\node_modules\\escape-string-regexp' ]
77 silly reify mark retired [ 'C:\\Porfolio\\node_modules\\eslint' ]
78 silly reify mark retired [ 'C:\\Porfolio\\node_modules\\eslint-config-next' ]
79 silly reify mark retired [ 'C:\\Porfolio\\node_modules\\eslint-import-resolver-node' ]
80 silly reify mark retired [ 'C:\\Porfolio\\node_modules\\eslint-import-resolver-typescript' ]
81 silly reify mark retired [ 'C:\\Porfolio\\node_modules\\eslint-module-utils' ]
82 silly reify mark retired [ 'C:\\Porfolio\\node_modules\\eslint-plugin-import' ]
83 silly reify mark retired [ 'C:\\Porfolio\\node_modules\\eslint-plugin-jsx-a11y' ]
84 silly reify mark retired [ 'C:\\Porfolio\\node_modules\\eslint-plugin-react' ]
85 silly reify mark retired [ 'C:\\Porfolio\\node_modules\\eslint-plugin-react-hooks' ]
86 silly reify mark retired [ 'C:\\Porfolio\\node_modules\\eslint-scope' ]
87 silly reify mark retired [ 'C:\\Porfolio\\node_modules\\eslint-visitor-keys' ]
88 silly reify mark retired [ 'C:\\Porfolio\\node_modules\\espree' ]
89 silly reify mark retired [ 'C:\\Porfolio\\node_modules\\esquery' ]
90 silly reify mark retired [ 'C:\\Porfolio\\node_modules\\esrecurse' ]
91 silly reify mark retired [ 'C:\\Porfolio\\node_modules\\estraverse' ]
92 silly reify mark retired [ 'C:\\Porfolio\\node_modules\\esutils' ]
93 silly reify mark retired [ 'C:\\Porfolio\\node_modules\\fast-deep-equal' ]
94 silly reify mark retired [ 'C:\\Porfolio\\node_modules\\fast-glob' ]
95 silly reify mark retired [ 'C:\\Porfolio\\node_modules\\fast-json-stable-stringify' ]
96 silly reify mark retired [ 'C:\\Porfolio\\node_modules\\fast-levenshtein' ]
97 silly reify mark retired [ 'C:\\Porfolio\\node_modules\\fastq' ]
98 silly reify mark retired [ 'C:\\Porfolio\\node_modules\\file-entry-cache' ]
99 silly reify mark retired [ 'C:\\Porfolio\\node_modules\\fill-range' ]
100 silly reify mark retired [ 'C:\\Porfolio\\node_modules\\find-up' ]
101 silly reify mark retired [ 'C:\\Porfolio\\node_modules\\flat-cache' ]
102 silly reify mark retired [ 'C:\\Porfolio\\node_modules\\flatted' ]
103 silly reify mark retired [ 'C:\\Porfolio\\node_modules\\for-each' ]
104 silly reify mark retired [ 'C:\\Porfolio\\node_modules\\function-bind' ]
105 silly reify mark retired [ 'C:\\Porfolio\\node_modules\\function.prototype.name' ]
106 silly reify mark retired [ 'C:\\Porfolio\\node_modules\\functions-have-names' ]
107 silly reify mark retired [ 'C:\\Porfolio\\node_modules\\generator-function' ]
108 silly reify mark retired [ 'C:\\Porfolio\\node_modules\\gensync' ]
109 silly reify mark retired [ 'C:\\Porfolio\\node_modules\\get-intrinsic' ]
110 silly reify mark retired [ 'C:\\Porfolio\\node_modules\\get-proto' ]
111 silly reify mark retired [ 'C:\\Porfolio\\node_modules\\get-symbol-description' ]
112 silly reify mark retired [ 'C:\\Porfolio\\node_modules\\get-tsconfig' ]
113 silly reify mark retired [ 'C:\\Porfolio\\node_modules\\glob-parent' ]
114 silly reify mark retired [ 'C:\\Porfolio\\node_modules\\globals' ]
115 silly reify mark retired [ 'C:\\Porfolio\\node_modules\\globalthis' ]
116 silly reify mark retired [ 'C:\\Porfolio\\node_modules\\gopd' ]
117 silly reify mark retired [ 'C:\\Porfolio\\node_modules\\graceful-fs' ]
118 silly reify mark retired [ 'C:\\Porfolio\\node_modules\\has-bigints' ]
119 silly reify mark retired [ 'C:\\Porfolio\\node_modules\\has-flag' ]
120 silly reify mark retired [ 'C:\\Porfolio\\node_modules\\has-property-descriptors' ]
121 silly reify mark retired [ 'C:\\Porfolio\\node_modules\\has-proto' ]
122 silly reify mark retired [ 'C:\\Porfolio\\node_modules\\has-symbols' ]
123 silly reify mark retired [ 'C:\\Porfolio\\node_modules\\has-tostringtag' ]
124 silly reify mark retired [ 'C:\\Porfolio\\node_modules\\hasown' ]
125 silly reify mark retired [ 'C:\\Porfolio\\node_modules\\hermes-estree' ]
126 silly reify mark retired [ 'C:\\Porfolio\\node_modules\\hermes-parser' ]
127 silly reify mark retired [ 'C:\\Porfolio\\node_modules\\ignore' ]
128 silly reify mark retired [ 'C:\\Porfolio\\node_modules\\import-fresh' ]
129 silly reify mark retired [ 'C:\\Porfolio\\node_modules\\imurmurhash' ]
130 silly reify mark retired [ 'C:\\Porfolio\\node_modules\\internal-slot' ]
131 silly reify mark retired [ 'C:\\Porfolio\\node_modules\\is-array-buffer' ]
132 silly reify mark retired [ 'C:\\Porfolio\\node_modules\\is-async-function' ]
133 silly reify mark retired [ 'C:\\Porfolio\\node_modules\\is-bigint' ]
134 silly reify mark retired [ 'C:\\Porfolio\\node_modules\\is-boolean-object' ]
135 silly reify mark retired [ 'C:\\Porfolio\\node_modules\\is-bun-module' ]
136 silly reify mark retired [ 'C:\\Porfolio\\node_modules\\is-callable' ]
137 silly reify mark retired [ 'C:\\Porfolio\\node_modules\\is-core-module' ]
138 silly reify mark retired [ 'C:\\Porfolio\\node_modules\\is-data-view' ]
139 silly reify mark retired [ 'C:\\Porfolio\\node_modules\\is-date-object' ]
140 silly reify mark retired [ 'C:\\Porfolio\\node_modules\\is-extglob' ]
141 silly reify mark retired [ 'C:\\Porfolio\\node_modules\\is-finalizationregistry' ]
142 silly reify mark retired [ 'C:\\Porfolio\\node_modules\\is-generator-function' ]
143 silly reify mark retired [ 'C:\\Porfolio\\node_modules\\is-glob' ]
144 silly reify mark retired [ 'C:\\Porfolio\\node_modules\\is-map' ]
145 silly reify mark retired [ 'C:\\Porfolio\\node_modules\\is-negative-zero' ]
146 silly reify mark retired [ 'C:\\Porfolio\\node_modules\\is-number' ]
147 silly reify mark retired [ 'C:\\Porfolio\\node_modules\\is-number-object' ]
148 silly reify mark retired [ 'C:\\Porfolio\\node_modules\\is-regex' ]
149 silly reify mark retired [ 'C:\\Porfolio\\node_modules\\is-set' ]
150 silly reify mark retired [ 'C:\\Porfolio\\node_modules\\is-shared-array-buffer' ]
151 silly reify mark retired [ 'C:\\Porfolio\\node_modules\\is-string' ]
152 silly reify mark retired [ 'C:\\Porfolio\\node_modules\\is-symbol' ]
153 silly reify mark retired [ 'C:\\Porfolio\\node_modules\\is-typed-array' ]
154 silly reify mark retired [ 'C:\\Porfolio\\node_modules\\is-weakmap' ]
155 silly reify mark retired [ 'C:\\Porfolio\\node_modules\\is-weakref' ]
156 silly reify mark retired [ 'C:\\Porfolio\\node_modules\\is-weakset' ]
157 silly reify mark retired [ 'C:\\Porfolio\\node_modules\\isarray' ]
158 silly reify mark retired [ 'C:\\Porfolio\\node_modules\\isexe' ]
159 silly reify mark retired [ 'C:\\Porfolio\\node_modules\\iterator.prototype' ]
160 silly reify mark retired [ 'C:\\Porfolio\\node_modules\\jiti' ]
161 silly reify mark retired [ 'C:\\Porfolio\\node_modules\\js-tokens' ]
162 silly reify mark retired [ 'C:\\Porfolio\\node_modules\\js-yaml' ]
163 silly reify mark retired [ 'C:\\Porfolio\\node_modules\\jsesc' ]
164 silly reify mark retired [ 'C:\\Porfolio\\node_modules\\json-buffer' ]
165 silly reify mark retired [ 'C:\\Porfolio\\node_modules\\json-schema-traverse' ]
166 silly reify mark retired [ 'C:\\Porfolio\\node_modules\\json-stable-stringify-without-jsonify' ]
167 silly reify mark retired [ 'C:\\Porfolio\\node_modules\\json5' ]
168 silly reify mark retired [ 'C:\\Porfolio\\node_modules\\jsx-ast-utils' ]
169 silly reify mark retired [ 'C:\\Porfolio\\node_modules\\keyv' ]
170 silly reify mark retired [ 'C:\\Porfolio\\node_modules\\language-subtag-registry' ]
171 silly reify mark retired [ 'C:\\Porfolio\\node_modules\\language-tags' ]
172 silly reify mark retired [ 'C:\\Porfolio\\node_modules\\levn' ]
173 silly reify mark retired [ 'C:\\Porfolio\\node_modules\\lightningcss' ]
174 silly reify mark retired [ 'C:\\Porfolio\\node_modules\\lightningcss-win32-x64-msvc' ]
175 silly reify mark retired [ 'C:\\Porfolio\\node_modules\\locate-path' ]
176 silly reify mark retired [ 'C:\\Porfolio\\node_modules\\lodash.merge' ]
177 silly reify mark retired [ 'C:\\Porfolio\\node_modules\\lru-cache' ]
178 silly reify mark retired [ 'C:\\Porfolio\\node_modules\\magic-string' ]
179 silly reify mark retired [ 'C:\\Porfolio\\node_modules\\math-intrinsics' ]
180 silly reify mark retired [ 'C:\\Porfolio\\node_modules\\merge2' ]
181 silly reify mark retired [ 'C:\\Porfolio\\node_modules\\micromatch' ]
182 silly reify mark retired [ 'C:\\Porfolio\\node_modules\\minimatch' ]
183 silly reify mark retired [ 'C:\\Porfolio\\node_modules\\minimist' ]
184 silly reify mark retired [ 'C:\\Porfolio\\node_modules\\ms' ]
185 silly reify mark retired [ 'C:\\Porfolio\\node_modules\\loose-envify' ]
186 silly reify mark retired [ 'C:\\Porfolio\\node_modules\\nanoid' ]
187 silly reify mark retired [ 'C:\\Porfolio\\node_modules\\napi-postinstall' ]
188 silly reify mark retired [ 'C:\\Porfolio\\node_modules\\natural-compare' ]
189 silly reify mark retired [ 'C:\\Porfolio\\node_modules\\next' ]
190 silly reify mark retired [ 'C:\\Porfolio\\node_modules\\node-exports-info' ]
191 silly reify mark retired [ 'C:\\Porfolio\\node_modules\\node-releases' ]
192 silly reify mark retired [ 'C:\\Porfolio\\node_modules\\object-assign' ]
193 silly reify mark retired [ 'C:\\Porfolio\\node_modules\\object-inspect' ]
194 silly reify mark retired [ 'C:\\Porfolio\\node_modules\\object-keys' ]
195 silly reify mark retired [ 'C:\\Porfolio\\node_modules\\object.assign' ]
196 silly reify mark retired [ 'C:\\Porfolio\\node_modules\\object.entries' ]
197 silly reify mark retired [ 'C:\\Porfolio\\node_modules\\object.fromentries' ]
198 silly reify mark retired [ 'C:\\Porfolio\\node_modules\\object.groupby' ]
199 silly reify mark retired [ 'C:\\Porfolio\\node_modules\\object.values' ]
200 silly reify mark retired [ 'C:\\Porfolio\\node_modules\\optionator' ]
201 silly reify mark retired [ 'C:\\Porfolio\\node_modules\\own-keys' ]
202 silly reify mark retired [ 'C:\\Porfolio\\node_modules\\p-limit' ]
203 silly reify mark retired [ 'C:\\Porfolio\\node_modules\\p-locate' ]
204 silly reify mark retired [ 'C:\\Porfolio\\node_modules\\parent-module' ]
205 silly reify mark retired [ 'C:\\Porfolio\\node_modules\\path-exists' ]
206 silly reify mark retired [ 'C:\\Porfolio\\node_modules\\path-key' ]
207 silly reify mark retired [ 'C:\\Porfolio\\node_modules\\path-parse' ]
208 silly reify mark retired [ 'C:\\Porfolio\\node_modules\\picocolors' ]
209 silly reify mark retired [ 'C:\\Porfolio\\node_modules\\picomatch' ]
210 silly reify mark retired [ 'C:\\Porfolio\\node_modules\\possible-typed-array-names' ]
211 silly reify mark retired [ 'C:\\Porfolio\\node_modules\\postcss' ]
212 silly reify mark retired [ 'C:\\Porfolio\\node_modules\\prelude-ls' ]
213 silly reify mark retired [ 'C:\\Porfolio\\node_modules\\prop-types' ]
214 silly reify mark retired [ 'C:\\Porfolio\\node_modules\\queue-microtask' ]
215 silly reify mark retired [ 'C:\\Porfolio\\node_modules\\punycode' ]
216 silly reify mark retired [ 'C:\\Porfolio\\node_modules\\react' ]
217 silly reify mark retired [ 'C:\\Porfolio\\node_modules\\react-dom' ]
218 silly reify mark retired [ 'C:\\Porfolio\\node_modules\\react-is' ]
219 silly reify mark retired [ 'C:\\Porfolio\\node_modules\\reflect.getprototypeof' ]
220 silly reify mark retired [ 'C:\\Porfolio\\node_modules\\regexp.prototype.flags' ]
221 silly reify mark retired [ 'C:\\Porfolio\\node_modules\\resolve' ]
222 silly reify mark retired [ 'C:\\Porfolio\\node_modules\\resolve-from' ]
223 silly reify mark retired [ 'C:\\Porfolio\\node_modules\\resolve-pkg-maps' ]
224 silly reify mark retired [ 'C:\\Porfolio\\node_modules\\reusify' ]
225 silly reify mark retired [ 'C:\\Porfolio\\node_modules\\run-parallel' ]
226 silly reify mark retired [ 'C:\\Porfolio\\node_modules\\safe-array-concat' ]
227 silly reify mark retired [ 'C:\\Porfolio\\node_modules\\safe-push-apply' ]
228 silly reify mark retired [ 'C:\\Porfolio\\node_modules\\safe-regex-test' ]
229 silly reify mark retired [ 'C:\\Porfolio\\node_modules\\semver' ]
230 silly reify mark retired [ 'C:\\Porfolio\\node_modules\\scheduler' ]
231 silly reify mark retired [ 'C:\\Porfolio\\node_modules\\set-function-length' ]
232 silly reify mark retired [ 'C:\\Porfolio\\node_modules\\set-function-name' ]
233 silly reify mark retired [ 'C:\\Porfolio\\node_modules\\set-proto' ]
234 silly reify mark retired [ 'C:\\Porfolio\\node_modules\\sharp' ]
235 silly reify mark retired [ 'C:\\Porfolio\\node_modules\\shebang-command' ]
236 silly reify mark retired [ 'C:\\Porfolio\\node_modules\\shebang-regex' ]
237 silly reify mark retired [ 'C:\\Porfolio\\node_modules\\side-channel' ]
238 silly reify mark retired [ 'C:\\Porfolio\\node_modules\\side-channel-list' ]
239 silly reify mark retired [ 'C:\\Porfolio\\node_modules\\side-channel-weakmap' ]
240 silly reify mark retired [ 'C:\\Porfolio\\node_modules\\side-channel-map' ]
241 silly reify mark retired [ 'C:\\Porfolio\\node_modules\\source-map-js' ]
242 silly reify mark retired [ 'C:\\Porfolio\\node_modules\\stable-hash' ]
243 silly reify mark retired [ 'C:\\Porfolio\\node_modules\\stop-iteration-iterator' ]
244 silly reify mark retired [ 'C:\\Porfolio\\node_modules\\string.prototype.includes' ]
245 silly reify mark retired [ 'C:\\Porfolio\\node_modules\\string.prototype.matchall' ]
246 silly reify mark retired [ 'C:\\Porfolio\\node_modules\\string.prototype.repeat' ]
247 silly reify mark retired [ 'C:\\Porfolio\\node_modules\\string.prototype.trimend' ]
248 silly reify mark retired [ 'C:\\Porfolio\\node_modules\\string.prototype.trim' ]
249 silly reify mark retired [ 'C:\\Porfolio\\node_modules\\string.prototype.trimstart' ]
250 silly reify mark retired [ 'C:\\Porfolio\\node_modules\\strip-bom' ]
251 silly reify mark retired [ 'C:\\Porfolio\\node_modules\\strip-json-comments' ]
252 silly reify mark retired [ 'C:\\Porfolio\\node_modules\\styled-jsx' ]
253 silly reify mark retired [ 'C:\\Porfolio\\node_modules\\supports-color' ]
254 silly reify mark retired [ 'C:\\Porfolio\\node_modules\\supports-preserve-symlinks-flag' ]
255 silly reify mark retired [ 'C:\\Porfolio\\node_modules\\tailwindcss' ]
256 silly reify mark retired [ 'C:\\Porfolio\\node_modules\\tapable' ]
257 silly reify mark retired [ 'C:\\Porfolio\\node_modules\\tinyglobby' ]
258 silly reify mark retired [ 'C:\\Porfolio\\node_modules\\to-regex-range' ]
259 silly reify mark retired [ 'C:\\Porfolio\\node_modules\\ts-api-utils' ]
260 silly reify mark retired [ 'C:\\Porfolio\\node_modules\\tsconfig-paths' ]
261 silly reify mark retired [ 'C:\\Porfolio\\node_modules\\tslib' ]
262 silly reify mark retired [ 'C:\\Porfolio\\node_modules\\type-check' ]
263 silly reify mark retired [ 'C:\\Porfolio\\node_modules\\typed-array-byte-length' ]
264 silly reify mark retired [ 'C:\\Porfolio\\node_modules\\typed-array-buffer' ]
265 silly reify mark retired [ 'C:\\Porfolio\\node_modules\\typed-array-length' ]
266 silly reify mark retired [ 'C:\\Porfolio\\node_modules\\typed-array-byte-offset' ]
267 silly reify mark retired [ 'C:\\Porfolio\\node_modules\\typescript' ]
268 silly reify mark retired [ 'C:\\Porfolio\\node_modules\\typescript-eslint' ]
269 silly reify mark retired [ 'C:\\Porfolio\\node_modules\\unbox-primitive' ]
270 silly reify mark retired [ 'C:\\Porfolio\\node_modules\\undici-types' ]
271 silly reify mark retired [ 'C:\\Porfolio\\node_modules\\unrs-resolver' ]
272 silly reify mark retired [ 'C:\\Porfolio\\node_modules\\update-browserslist-db' ]
273 silly reify mark retired [ 'C:\\Porfolio\\node_modules\\uri-js' ]
274 silly reify mark retired [ 'C:\\Porfolio\\node_modules\\which' ]
275 silly reify mark retired [ 'C:\\Porfolio\\node_modules\\which-boxed-primitive' ]
276 silly reify mark retired [ 'C:\\Porfolio\\node_modules\\which-collection' ]
277 silly reify mark retired [ 'C:\\Porfolio\\node_modules\\which-builtin-type' ]
278 silly reify mark retired [ 'C:\\Porfolio\\node_modules\\which-typed-array' ]
279 silly reify mark retired [ 'C:\\Porfolio\\node_modules\\word-wrap' ]
280 silly reify mark retired [ 'C:\\Porfolio\\node_modules\\yallist' ]
281 silly reify mark retired [ 'C:\\Porfolio\\node_modules\\yocto-queue' ]
282 silly reify mark retired [ 'C:\\Porfolio\\node_modules\\zod' ]
283 silly reify mark retired [ 'C:\\Porfolio\\node_modules\\zod-validation-error' ]
284 silly reify mark retired [ 'C:\\Porfolio\\node_modules\\@alloc\\quick-lru' ]
285 silly reify mark retired [ 'C:\\Porfolio\\node_modules\\@babel\\code-frame' ]
286 silly reify mark retired [ 'C:\\Porfolio\\node_modules\\@babel\\core' ]
287 silly reify mark retired [ 'C:\\Porfolio\\node_modules\\@babel\\compat-data' ]
288 silly reify mark retired [ 'C:\\Porfolio\\node_modules\\@babel\\generator' ]
289 silly reify mark retired [ 'C:\\Porfolio\\node_modules\\@babel\\helper-compilation-targets' ]
290 silly reify mark retired [ 'C:\\Porfolio\\node_modules\\@babel\\helper-globals' ]
291 silly reify mark retired [ 'C:\\Porfolio\\node_modules\\@babel\\helper-module-imports' ]
292 silly reify mark retired [ 'C:\\Porfolio\\node_modules\\@babel\\helper-string-parser' ]
293 silly reify mark retired [ 'C:\\Porfolio\\node_modules\\@babel\\helper-module-transforms' ]
294 silly reify mark retired [ 'C:\\Porfolio\\node_modules\\@babel\\helper-validator-identifier' ]
295 silly reify mark retired [ 'C:\\Porfolio\\node_modules\\@babel\\helper-validator-option' ]
296 silly reify mark retired [ 'C:\\Porfolio\\node_modules\\@babel\\helpers' ]
297 silly reify mark retired [ 'C:\\Porfolio\\node_modules\\@babel\\parser' ]
298 silly reify mark retired [ 'C:\\Porfolio\\node_modules\\@babel\\template' ]
299 silly reify mark retired [ 'C:\\Porfolio\\node_modules\\@babel\\traverse' ]
300 silly reify mark retired [ 'C:\\Porfolio\\node_modules\\@babel\\types' ]
301 silly reify mark retired [ 'C:\\Porfolio\\node_modules\\@eslint\\config-array' ]
302 silly reify mark retired [ 'C:\\Porfolio\\node_modules\\@eslint\\config-helpers' ]
303 silly reify mark retired [ 'C:\\Porfolio\\node_modules\\@eslint\\core' ]
304 silly reify mark retired [ 'C:\\Porfolio\\node_modules\\@eslint\\eslintrc' ]
305 silly reify mark retired [ 'C:\\Porfolio\\node_modules\\@eslint\\js' ]
306 silly reify mark retired [ 'C:\\Porfolio\\node_modules\\@eslint\\object-schema' ]
307 silly reify mark retired [ 'C:\\Porfolio\\node_modules\\@eslint\\plugin-kit' ]
308 silly reify mark retired [ 'C:\\Porfolio\\node_modules\\@eslint-community\\eslint-utils' ]
309 silly reify mark retired [ 'C:\\Porfolio\\node_modules\\@eslint-community\\regexpp' ]
310 silly reify mark retired [ 'C:\\Porfolio\\node_modules\\@humanwhocodes\\module-importer' ]
311 silly reify mark retired [ 'C:\\Porfolio\\node_modules\\@humanwhocodes\\retry' ]
312 silly reify mark retired [ 'C:\\Porfolio\\node_modules\\@humanfs\\core' ]
313 silly reify mark retired [ 'C:\\Porfolio\\node_modules\\@humanfs\\node' ]
314 silly reify mark retired [ 'C:\\Porfolio\\node_modules\\@humanfs\\types' ]
315 silly reify mark retired [ 'C:\\Porfolio\\node_modules\\@img\\colour' ]
316 silly reify mark retired [ 'C:\\Porfolio\\node_modules\\@img\\sharp-win32-x64' ]
317 silly reify mark retired [ 'C:\\Porfolio\\node_modules\\@next\\env' ]
318 silly reify mark retired [ 'C:\\Porfolio\\node_modules\\@next\\eslint-plugin-next' ]
319 silly reify mark retired [ 'C:\\Porfolio\\node_modules\\@next\\swc-win32-x64-msvc' ]
320 silly reify mark retired [ 'C:\\Porfolio\\node_modules\\@jridgewell\\gen-mapping' ]
321 silly reify mark retired [ 'C:\\Porfolio\\node_modules\\@jridgewell\\remapping' ]
322 silly reify mark retired [ 'C:\\Porfolio\\node_modules\\@jridgewell\\resolve-uri' ]
323 silly reify mark retired [ 'C:\\Porfolio\\node_modules\\@jridgewell\\sourcemap-codec' ]
324 silly reify mark retired [ 'C:\\Porfolio\\node_modules\\@nodelib\\fs.scandir' ]
325 silly reify mark retired [ 'C:\\Porfolio\\node_modules\\@jridgewell\\trace-mapping' ]
326 silly reify mark retired [ 'C:\\Porfolio\\node_modules\\@nodelib\\fs.stat' ]
327 silly reify mark retired [ 'C:\\Porfolio\\node_modules\\@nodelib\\fs.walk' ]
328 silly reify mark retired [ 'C:\\Porfolio\\node_modules\\@nolyfill\\is-core-module' ]
329 silly reify mark retired [ 'C:\\Porfolio\\node_modules\\@rtsao\\scc' ]
330 silly reify mark retired [ 'C:\\Porfolio\\node_modules\\@swc\\helpers' ]
331 silly reify mark retired [ 'C:\\Porfolio\\node_modules\\@tailwindcss\\node' ]
332 silly reify mark retired [ 'C:\\Porfolio\\node_modules\\@tailwindcss\\oxide' ]
333 silly reify mark retired [ 'C:\\Porfolio\\node_modules\\@tailwindcss\\oxide-win32-x64-msvc' ]
334 silly reify mark retired [ 'C:\\Porfolio\\node_modules\\@tailwindcss\\postcss' ]
335 silly reify mark retired [ 'C:\\Porfolio\\node_modules\\@types\\estree' ]
336 silly reify mark retired [ 'C:\\Porfolio\\node_modules\\@types\\json-schema' ]
337 silly reify mark retired [ 'C:\\Porfolio\\node_modules\\@types\\json5' ]
338 silly reify mark retired [ 'C:\\Porfolio\\node_modules\\@types\\node' ]
339 silly reify mark retired [ 'C:\\Porfolio\\node_modules\\@types\\react' ]
340 silly reify mark retired [ 'C:\\Porfolio\\node_modules\\@types\\react-dom' ]
341 silly reify mark retired [ 'C:\\Porfolio\\node_modules\\@typescript-eslint\\eslint-plugin' ]
342 silly reify mark retired [ 'C:\\Porfolio\\node_modules\\@typescript-eslint\\parser' ]
343 silly reify mark retired [ 'C:\\Porfolio\\node_modules\\@typescript-eslint\\project-service' ]
344 silly reify mark retired [ 'C:\\Porfolio\\node_modules\\@typescript-eslint\\scope-manager' ]
345 silly reify mark retired [ 'C:\\Porfolio\\node_modules\\@typescript-eslint\\tsconfig-utils' ]
346 silly reify mark retired [ 'C:\\Porfolio\\node_modules\\@typescript-eslint\\type-utils' ]
347 silly reify mark retired [ 'C:\\Porfolio\\node_modules\\@typescript-eslint\\types' ]
348 silly reify mark retired [ 'C:\\Porfolio\\node_modules\\@typescript-eslint\\typescript-estree' ]
349 silly reify mark retired [ 'C:\\Porfolio\\node_modules\\@typescript-eslint\\utils' ]
350 silly reify mark retired [ 'C:\\Porfolio\\node_modules\\@typescript-eslint\\visitor-keys' ]
351 silly reify mark retired [
351 silly reify   'C:\\Porfolio\\node_modules\\@unrs\\resolver-binding-win32-x64-msvc'
351 silly reify ]
352 silly reify moves {
352 silly reify   'C:\\Porfolio\\node_modules\\acorn': 'C:\\Porfolio\\node_modules\\.acorn-qqwkCWeF',
352 silly reify   'C:\\Porfolio\\node_modules\\acorn-jsx': 'C:\\Porfolio\\node_modules\\.acorn-jsx-z4PjiMVh',
352 silly reify   'C:\\Porfolio\\node_modules\\ajv': 'C:\\Porfolio\\node_modules\\.ajv-0NZdWYXk',
352 silly reify   'C:\\Porfolio\\node_modules\\ansi-styles': 'C:\\Porfolio\\node_modules\\.ansi-styles-y07RQ5am',
352 silly reify   'C:\\Porfolio\\node_modules\\argparse': 'C:\\Porfolio\\node_modules\\.argparse-mezKJq2n',
352 silly reify   'C:\\Porfolio\\node_modules\\array-includes': 'C:\\Porfolio\\node_modules\\.array-includes-FxjxmZht',
352 silly reify   'C:\\Porfolio\\node_modules\\aria-query': 'C:\\Porfolio\\node_modules\\.aria-query-xZ6kYspO',
352 silly reify   'C:\\Porfolio\\node_modules\\array.prototype.findlast': 'C:\\Porfolio\\node_modules\\.array.prototype.findlast-0VmdgZ1Z',
352 silly reify   'C:\\Porfolio\\node_modules\\array-buffer-byte-length': 'C:\\Porfolio\\node_modules\\.array-buffer-byte-length-bb5FME9k',
352 silly reify   'C:\\Porfolio\\node_modules\\array.prototype.findlastindex': 'C:\\Porfolio\\node_modules\\.array.prototype.findlastindex-jYzANjWm',
352 silly reify   'C:\\Porfolio\\node_modules\\array.prototype.flat': 'C:\\Porfolio\\node_modules\\.array.prototype.flat-c8CxTCBJ',
352 silly reify   'C:\\Porfolio\\node_modules\\array.prototype.flatmap': 'C:\\Porfolio\\node_modules\\.array.prototype.flatmap-gRKCCQAz',
352 silly reify   'C:\\Porfolio\\node_modules\\array.prototype.tosorted': 'C:\\Porfolio\\node_modules\\.array.prototype.tosorted-P9ZSJlJL',
352 silly reify   'C:\\Porfolio\\node_modules\\arraybuffer.prototype.slice': 'C:\\Porfolio\\node_modules\\.arraybuffer.prototype.slice-jOoJij81',
352 silly reify   'C:\\Porfolio\\node_modules\\ast-types-flow': 'C:\\Porfolio\\node_modules\\.ast-types-flow-pCbJvFR4',
352 silly reify   'C:\\Porfolio\\node_modules\\async-function': 'C:\\Porfolio\\node_modules\\.async-function-ObLx6Deq',
352 silly reify   'C:\\Porfolio\\node_modules\\available-typed-arrays': 'C:\\Porfolio\\node_modules\\.available-typed-arrays-VYBixuuM',
352 silly reify   'C:\\Porfolio\\node_modules\\axe-core': 'C:\\Porfolio\\node_modules\\.axe-core-xoY3Kvsu',
352 silly reify   'C:\\Porfolio\\node_modules\\axobject-query': 'C:\\Porfolio\\node_modules\\.axobject-query-PqT6Vhxc',
352 silly reify   'C:\\Porfolio\\node_modules\\balanced-match': 'C:\\Porfolio\\node_modules\\.balanced-match-3Jd7zcbQ',
352 silly reify   'C:\\Porfolio\\node_modules\\baseline-browser-mapping': 'C:\\Porfolio\\node_modules\\.baseline-browser-mapping-GKb1fMI6',
352 silly reify   'C:\\Porfolio\\node_modules\\brace-expansion': 'C:\\Porfolio\\node_modules\\.brace-expansion-1hkTHBQ3',
352 silly reify   'C:\\Porfolio\\node_modules\\braces': 'C:\\Porfolio\\node_modules\\.braces-8DcANEqP',
352 silly reify   'C:\\Porfolio\\node_modules\\call-bind': 'C:\\Porfolio\\node_modules\\.call-bind-BxK1hC6P',
352 silly reify   'C:\\Porfolio\\node_modules\\browserslist': 'C:\\Porfolio\\node_modules\\.browserslist-1bCdG77B',
352 silly reify   'C:\\Porfolio\\node_modules\\call-bind-apply-helpers': 'C:\\Porfolio\\node_modules\\.call-bind-apply-helpers-F1zk4pAN',
352 silly reify   'C:\\Porfolio\\node_modules\\call-bound': 'C:\\Porfolio\\node_modules\\.call-bound-oFrCJwlc',
352 silly reify   'C:\\Porfolio\\node_modules\\callsites': 'C:\\Porfolio\\node_modules\\.callsites-VnOvbWJd',
352 silly reify   'C:\\Porfolio\\node_modules\\chalk': 'C:\\Porfolio\\node_modules\\.chalk-4BXIZ0Kd',
352 silly reify   'C:\\Porfolio\\node_modules\\caniuse-lite': 'C:\\Porfolio\\node_modules\\.caniuse-lite-Qv1s0soW',
352 silly reify   'C:\\Porfolio\\node_modules\\client-only': 'C:\\Porfolio\\node_modules\\.client-only-f4iA250Y',
352 silly reify   'C:\\Porfolio\\node_modules\\color-convert': 'C:\\Porfolio\\node_modules\\.color-convert-jviDD6D4',
352 silly reify   'C:\\Porfolio\\node_modules\\color-name': 'C:\\Porfolio\\node_modules\\.color-name-LiZQxyB0',
352 silly reify   'C:\\Porfolio\\node_modules\\concat-map': 'C:\\Porfolio\\node_modules\\.concat-map-lJOFsCpa',
352 silly reify   'C:\\Porfolio\\node_modules\\convert-source-map': 'C:\\Porfolio\\node_modules\\.convert-source-map-EyuiRLI7',
352 silly reify   'C:\\Porfolio\\node_modules\\cross-spawn': 'C:\\Porfolio\\node_modules\\.cross-spawn-bJRcjUFz',
352 silly reify   'C:\\Porfolio\\node_modules\\csstype': 'C:\\Porfolio\\node_modules\\.csstype-eqAOeaC3',
352 silly reify   'C:\\Porfolio\\node_modules\\damerau-levenshtein': 'C:\\Porfolio\\node_modules\\.damerau-levenshtein-LDOephGf',
352 silly reify   'C:\\Porfolio\\node_modules\\data-view-buffer': 'C:\\Porfolio\\node_modules\\.data-view-buffer-d1nFnM6e',
352 silly reify   'C:\\Porfolio\\node_modules\\data-view-byte-offset': 'C:\\Porfolio\\node_modules\\.data-view-byte-offset-e4THDPei',
352 silly reify   'C:\\Porfolio\\node_modules\\data-view-byte-length': 'C:\\Porfolio\\node_modules\\.data-view-byte-length-jQO1Fqwk',
352 silly reify   'C:\\Porfolio\\node_modules\\debug': 'C:\\Porfolio\\node_modules\\.debug-JkX70ODG',
352 silly reify   'C:\\Porfolio\\node_modules\\deep-is': 'C:\\Porfolio\\node_modules\\.deep-is-81EGucoi',
352 silly reify   'C:\\Porfolio\\node_modules\\define-data-property': 'C:\\Porfolio\\node_modules\\.define-data-property-xxxOWgHf',
352 silly reify   'C:\\Porfolio\\node_modules\\detect-libc': 'C:\\Porfolio\\node_modules\\.detect-libc-5bH7oq8Q',
352 silly reify   'C:\\Porfolio\\node_modules\\define-properties': 'C:\\Porfolio\\node_modules\\.define-properties-yciiOegP',
352 silly reify   'C:\\Porfolio\\node_modules\\doctrine': 'C:\\Porfolio\\node_modules\\.doctrine-hkAXv7Ox',
352 silly reify   'C:\\Porfolio\\node_modules\\dunder-proto': 'C:\\Porfolio\\node_modules\\.dunder-proto-egnWFMZV',
352 silly reify   'C:\\Porfolio\\node_modules\\electron-to-chromium': 'C:\\Porfolio\\node_modules\\.electron-to-chromium-PTuD8wfL',
352 silly reify   'C:\\Porfolio\\node_modules\\emoji-regex': 'C:\\Porfolio\\node_modules\\.emoji-regex-Lhqif4Ru',
352 silly reify   'C:\\Porfolio\\node_modules\\enhanced-resolve': 'C:\\Porfolio\\node_modules\\.enhanced-resolve-mfU5rgKs',
352 silly reify   'C:\\Porfolio\\node_modules\\es-abstract': 'C:\\Porfolio\\node_modules\\.es-abstract-IabYx0fi',
352 silly reify   'C:\\Porfolio\\node_modules\\es-define-property': 'C:\\Porfolio\\node_modules\\.es-define-property-1NtgS3NP',
352 silly reify   'C:\\Porfolio\\node_modules\\es-errors': 'C:\\Porfolio\\node_modules\\.es-errors-ZepBF18g',
352 silly reify   'C:\\Porfolio\\node_modules\\es-iterator-helpers': 'C:\\Porfolio\\node_modules\\.es-iterator-helpers-uLO0c2v6',
352 silly reify   'C:\\Porfolio\\node_modules\\es-object-atoms': 'C:\\Porfolio\\node_modules\\.es-object-atoms-FdVZ1GWZ',
352 silly reify   'C:\\Porfolio\\node_modules\\es-set-tostringtag': 'C:\\Porfolio\\node_modules\\.es-set-tostringtag-R5dodQ9x',
352 silly reify   'C:\\Porfolio\\node_modules\\es-shim-unscopables': 'C:\\Porfolio\\node_modules\\.es-shim-unscopables-1L5cuhBk',
352 silly reify   'C:\\Porfolio\\node_modules\\es-to-primitive': 'C:\\Porfolio\\node_modules\\.es-to-primitive-pLRydICo',
352 silly reify   'C:\\Porfolio\\node_modules\\escalade': 'C:\\Porfolio\\node_modules\\.escalade-2OIOiJvp',
352 silly reify   'C:\\Porfolio\\node_modules\\escape-string-regexp': 'C:\\Porfolio\\node_modules\\.escape-string-regexp-x4ZdYeN9',
352 silly reify   'C:\\Porfolio\\node_modules\\eslint': 'C:\\Porfolio\\node_modules\\.eslint-Y182NJyU',
352 silly reify   'C:\\Porfolio\\node_modules\\eslint-config-next': 'C:\\Porfolio\\node_modules\\.eslint-config-next-IJ0qAG5i',
352 silly reify   'C:\\Porfolio\\node_modules\\eslint-import-resolver-node': 'C:\\Porfolio\\node_modules\\.eslint-import-resolver-node-BVro17Qv',
352 silly reify   'C:\\Porfolio\\node_modules\\eslint-import-resolver-typescript': 'C:\\Porfolio\\node_modules\\.eslint-import-resolver-typescript-FkcdyY25',
352 silly reify   'C:\\Porfolio\\node_modules\\eslint-module-utils': 'C:\\Porfolio\\node_modules\\.eslint-module-utils-yeCovxEM',
352 silly reify   'C:\\Porfolio\\node_modules\\eslint-plugin-import': 'C:\\Porfolio\\node_modules\\.eslint-plugin-import-sFJZuEkU',
352 silly reify   'C:\\Porfolio\\node_modules\\eslint-plugin-jsx-a11y': 'C:\\Porfolio\\node_modules\\.eslint-plugin-jsx-a11y-fP32uj6w',
352 silly reify   'C:\\Porfolio\\node_modules\\eslint-plugin-react': 'C:\\Porfolio\\node_modules\\.eslint-plugin-react-B2TB3mOA',
352 silly reify   'C:\\Porfolio\\node_modules\\eslint-plugin-react-hooks': 'C:\\Porfolio\\node_modules\\.eslint-plugin-react-hooks-QLIAJtW5',
352 silly reify   'C:\\Porfolio\\node_modules\\eslint-scope': 'C:\\Porfolio\\node_modules\\.eslint-scope-TIutJVvo',
352 silly reify   'C:\\Porfolio\\node_modules\\eslint-visitor-keys': 'C:\\Porfolio\\node_modules\\.eslint-visitor-keys-DtAD9FnD',
352 silly reify   'C:\\Porfolio\\node_modules\\espree': 'C:\\Porfolio\\node_modules\\.espree-XbA6KiPL',
352 silly reify   'C:\\Porfolio\\node_modules\\esquery': 'C:\\Porfolio\\node_modules\\.esquery-1gFYpLNY',
352 silly reify   'C:\\Porfolio\\node_modules\\esrecurse': 'C:\\Porfolio\\node_modules\\.esrecurse-PsjPFFRN',
352 silly reify   'C:\\Porfolio\\node_modules\\estraverse': 'C:\\Porfolio\\node_modules\\.estraverse-qUfpBc2s',
352 silly reify   'C:\\Porfolio\\node_modules\\esutils': 'C:\\Porfolio\\node_modules\\.esutils-eQcRyMpr',
352 silly reify   'C:\\Porfolio\\node_modules\\fast-deep-equal': 'C:\\Porfolio\\node_modules\\.fast-deep-equal-a6sfHBPo',
352 silly reify   'C:\\Porfolio\\node_modules\\fast-glob': 'C:\\Porfolio\\node_modules\\.fast-glob-O3HMAGWM',
352 silly reify   'C:\\Porfolio\\node_modules\\fast-json-stable-stringify': 'C:\\Porfolio\\node_modules\\.fast-json-stable-stringify-9elaruyT',
352 silly reify   'C:\\Porfolio\\node_modules\\fast-levenshtein': 'C:\\Porfolio\\node_modules\\.fast-levenshtein-WMYoJlrE',
352 silly reify   'C:\\Porfolio\\node_modules\\fastq': 'C:\\Porfolio\\node_modules\\.fastq-rK07fQk6',
352 silly reify   'C:\\Porfolio\\node_modules\\file-entry-cache': 'C:\\Porfolio\\node_modules\\.file-entry-cache-Vvp794bd',
352 silly reify   'C:\\Porfolio\\node_modules\\fill-range': 'C:\\Porfolio\\node_modules\\.fill-range-uU108bxK',
352 silly reify   'C:\\Porfolio\\node_modules\\find-up': 'C:\\Porfolio\\node_modules\\.find-up-350RERNb',
352 silly reify   'C:\\Porfolio\\node_modules\\flat-cache': 'C:\\Porfolio\\node_modules\\.flat-cache-43Ol1tJb',
352 silly reify   'C:\\Porfolio\\node_modules\\flatted': 'C:\\Porfolio\\node_modules\\.flatted-lqsmFw7F',
352 silly reify   'C:\\Porfolio\\node_modules\\for-each': 'C:\\Porfolio\\node_modules\\.for-each-0YThnVKX',
352 silly reify   'C:\\Porfolio\\node_modules\\function-bind': 'C:\\Porfolio\\node_modules\\.function-bind-VS1DYSAH',
352 silly reify   'C:\\Porfolio\\node_modules\\function.prototype.name': 'C:\\Porfolio\\node_modules\\.function.prototype.name-2S6hhXOZ',
352 silly reify   'C:\\Porfolio\\node_modules\\functions-have-names': 'C:\\Porfolio\\node_modules\\.functions-have-names-VAZWvgH5',
352 silly reify   'C:\\Porfolio\\node_modules\\generator-function': 'C:\\Porfolio\\node_modules\\.generator-function-uzetwvo4',
352 silly reify   'C:\\Porfolio\\node_modules\\gensync': 'C:\\Porfolio\\node_modules\\.gensync-naoWtlmz',
352 silly reify   'C:\\Porfolio\\node_modules\\get-intrinsic': 'C:\\Porfolio\\node_modules\\.get-intrinsic-WmWvghUQ',
352 silly reify   'C:\\Porfolio\\node_modules\\get-proto': 'C:\\Porfolio\\node_modules\\.get-proto-wxQXstO5',
352 silly reify   'C:\\Porfolio\\node_modules\\get-symbol-description': 'C:\\Porfolio\\node_modules\\.get-symbol-description-ChGWCtwy',
352 silly reify   'C:\\Porfolio\\node_modules\\get-tsconfig': 'C:\\Porfolio\\node_modules\\.get-tsconfig-rFhGkU38',
352 silly reify   'C:\\Porfolio\\node_modules\\glob-parent': 'C:\\Porfolio\\node_modules\\.glob-parent-v5Ryh2oy',
352 silly reify   'C:\\Porfolio\\node_modules\\globals': 'C:\\Porfolio\\node_modules\\.globals-84HrcVUw',
352 silly reify   'C:\\Porfolio\\node_modules\\globalthis': 'C:\\Porfolio\\node_modules\\.globalthis-JqzxxMN0',
352 silly reify   'C:\\Porfolio\\node_modules\\gopd': 'C:\\Porfolio\\node_modules\\.gopd-SiAZmzus',
352 silly reify   'C:\\Porfolio\\node_modules\\graceful-fs': 'C:\\Porfolio\\node_modules\\.graceful-fs-cmGgsV75',
352 silly reify   'C:\\Porfolio\\node_modules\\has-bigints': 'C:\\Porfolio\\node_modules\\.has-bigints-qzQPveWO',
352 silly reify   'C:\\Porfolio\\node_modules\\has-flag': 'C:\\Porfolio\\node_modules\\.has-flag-MXw5kzCE',
352 silly reify   'C:\\Porfolio\\node_modules\\has-property-descriptors': 'C:\\Porfolio\\node_modules\\.has-property-descriptors-YVqOG9Eo',
352 silly reify   'C:\\Porfolio\\node_modules\\has-proto': 'C:\\Porfolio\\node_modules\\.has-proto-JXKmMhXg',
352 silly reify   'C:\\Porfolio\\node_modules\\has-symbols': 'C:\\Porfolio\\node_modules\\.has-symbols-nu7GWqUt',
352 silly reify   'C:\\Porfolio\\node_modules\\has-tostringtag': 'C:\\Porfolio\\node_modules\\.has-tostringtag-tEaCmYq7',
352 silly reify   'C:\\Porfolio\\node_modules\\hasown': 'C:\\Porfolio\\node_modules\\.hasown-3Oa7AHEh',
352 silly reify   'C:\\Porfolio\\node_modules\\hermes-estree': 'C:\\Porfolio\\node_modules\\.hermes-estree-4aeYNSBN',
352 silly reify   'C:\\Porfolio\\node_modules\\hermes-parser': 'C:\\Porfolio\\node_modules\\.hermes-parser-RPG6y7BP',
352 silly reify   'C:\\Porfolio\\node_modules\\ignore': 'C:\\Porfolio\\node_modules\\.ignore-pbl45rxC',
352 silly reify   'C:\\Porfolio\\node_modules\\import-fresh': 'C:\\Porfolio\\node_modules\\.import-fresh-Lts9miMg',
352 silly reify   'C:\\Porfolio\\node_modules\\imurmurhash': 'C:\\Porfolio\\node_modules\\.imurmurhash-1lAqp3Eb',
352 silly reify   'C:\\Porfolio\\node_modules\\internal-slot': 'C:\\Porfolio\\node_modules\\.internal-slot-BIZE4B7e',
352 silly reify   'C:\\Porfolio\\node_modules\\is-array-buffer': 'C:\\Porfolio\\node_modules\\.is-array-buffer-mbhNTr0e',
352 silly reify   'C:\\Porfolio\\node_modules\\is-async-function': 'C:\\Porfolio\\node_modules\\.is-async-function-aHmEgRpe',
352 silly reify   'C:\\Porfolio\\node_modules\\is-bigint': 'C:\\Porfolio\\node_modules\\.is-bigint-j9SSOnAs',
352 silly reify   'C:\\Porfolio\\node_modules\\is-boolean-object': 'C:\\Porfolio\\node_modules\\.is-boolean-object-ssdtBD9r',
352 silly reify   'C:\\Porfolio\\node_modules\\is-bun-module': 'C:\\Porfolio\\node_modules\\.is-bun-module-4rM45idY',
352 silly reify   'C:\\Porfolio\\node_modules\\is-callable': 'C:\\Porfolio\\node_modules\\.is-callable-aODrvjdo',
352 silly reify   'C:\\Porfolio\\node_modules\\is-core-module': 'C:\\Porfolio\\node_modules\\.is-core-module-BHQK6lRo',
352 silly reify   'C:\\Porfolio\\node_modules\\is-data-view': 'C:\\Porfolio\\node_modules\\.is-data-view-QowWJkv0',
352 silly reify   'C:\\Porfolio\\node_modules\\is-date-object': 'C:\\Porfolio\\node_modules\\.is-date-object-8b5ckmQ8',
352 silly reify   'C:\\Porfolio\\node_modules\\is-extglob': 'C:\\Porfolio\\node_modules\\.is-extglob-kn2dYcvo',
352 silly reify   'C:\\Porfolio\\node_modules\\is-finalizationregistry': 'C:\\Porfolio\\node_modules\\.is-finalizationregistry-rsuUz4yP',
352 silly reify   'C:\\Porfolio\\node_modules\\is-generator-function': 'C:\\Porfolio\\node_modules\\.is-generator-function-JgjJU7m5',
352 silly reify   'C:\\Porfolio\\node_modules\\is-glob': 'C:\\Porfolio\\node_modules\\.is-glob-CYLegNC5',
352 silly reify   'C:\\Porfolio\\node_modules\\is-map': 'C:\\Porfolio\\node_modules\\.is-map-ng8tJaTM',
352 silly reify   'C:\\Porfolio\\node_modules\\is-negative-zero': 'C:\\Porfolio\\node_modules\\.is-negative-zero-KfKaRqiF',
352 silly reify   'C:\\Porfolio\\node_modules\\is-number': 'C:\\Porfolio\\node_modules\\.is-number-W4e1Zbhi',
352 silly reify   'C:\\Porfolio\\node_modules\\is-number-object': 'C:\\Porfolio\\node_modules\\.is-number-object-e1O3RNkU',
352 silly reify   'C:\\Porfolio\\node_modules\\is-regex': 'C:\\Porfolio\\node_modules\\.is-regex-KOGVD8VZ',
352 silly reify   'C:\\Porfolio\\node_modules\\is-set': 'C:\\Porfolio\\node_modules\\.is-set-JpnPiXEu',
352 silly reify   'C:\\Porfolio\\node_modules\\is-shared-array-buffer': 'C:\\Porfolio\\node_modules\\.is-shared-array-buffer-zexr9QDM',
352 silly reify   'C:\\Porfolio\\node_modules\\is-string': 'C:\\Porfolio\\node_modules\\.is-string-rcymFqp0',
352 silly reify   'C:\\Porfolio\\node_modules\\is-symbol': 'C:\\Porfolio\\node_modules\\.is-symbol-wRRK0DZx',
352 silly reify   'C:\\Porfolio\\node_modules\\is-typed-array': 'C:\\Porfolio\\node_modules\\.is-typed-array-sKMn8tY8',
352 silly reify   'C:\\Porfolio\\node_modules\\is-weakmap': 'C:\\Porfolio\\node_modules\\.is-weakmap-Km9vlUMw',
352 silly reify   'C:\\Porfolio\\node_modules\\is-weakref': 'C:\\Porfolio\\node_modules\\.is-weakref-CLxHDajs',
352 silly reify   'C:\\Porfolio\\node_modules\\is-weakset': 'C:\\Porfolio\\node_modules\\.is-weakset-vnvuOR4N',
352 silly reify   'C:\\Porfolio\\node_modules\\isarray': 'C:\\Porfolio\\node_modules\\.isarray-IByjy5tr',
352 silly reify   'C:\\Porfolio\\node_modules\\isexe': 'C:\\Porfolio\\node_modules\\.isexe-WVILRgvp',
352 silly reify   'C:\\Porfolio\\node_modules\\iterator.prototype': 'C:\\Porfolio\\node_modules\\.iterator.prototype-mm6JUQcZ',
352 silly reify   'C:\\Porfolio\\node_modules\\jiti': 'C:\\Porfolio\\node_modules\\.jiti-FQkue3ws',
352 silly reify   'C:\\Porfolio\\node_modules\\js-tokens': 'C:\\Porfolio\\node_modules\\.js-tokens-PYbahs9X',
352 silly reify   'C:\\Porfolio\\node_modules\\js-yaml': 'C:\\Porfolio\\node_modules\\.js-yaml-NGTBSmff',
352 silly reify   'C:\\Porfolio\\node_modules\\jsesc': 'C:\\Porfolio\\node_modules\\.jsesc-s2b0mFE2',
352 silly reify   'C:\\Porfolio\\node_modules\\json-buffer': 'C:\\Porfolio\\node_modules\\.json-buffer-bVjGDSZo',
352 silly reify   'C:\\Porfolio\\node_modules\\json-schema-traverse': 'C:\\Porfolio\\node_modules\\.json-schema-traverse-DM8lw1FF',
352 silly reify   'C:\\Porfolio\\node_modules\\json-stable-stringify-without-jsonify': 'C:\\Porfolio\\node_modules\\.json-stable-stringify-without-jsonify-6bbeF7cm',
352 silly reify   'C:\\Porfolio\\node_modules\\json5': 'C:\\Porfolio\\node_modules\\.json5-5akpPlxX',
352 silly reify   'C:\\Porfolio\\node_modules\\jsx-ast-utils': 'C:\\Porfolio\\node_modules\\.jsx-ast-utils-HyBIoR6c',
352 silly reify   'C:\\Porfolio\\node_modules\\keyv': 'C:\\Porfolio\\node_modules\\.keyv-23PfkNtt',
352 silly reify   'C:\\Porfolio\\node_modules\\language-subtag-registry': 'C:\\Porfolio\\node_modules\\.language-subtag-registry-NoQgEe08',
352 silly reify   'C:\\Porfolio\\node_modules\\language-tags': 'C:\\Porfolio\\node_modules\\.language-tags-ZNkmdl6K',
352 silly reify   'C:\\Porfolio\\node_modules\\levn': 'C:\\Porfolio\\node_modules\\.levn-XJlJWjO9',
352 silly reify   'C:\\Porfolio\\node_modules\\lightningcss': 'C:\\Porfolio\\node_modules\\.lightningcss-mFqi8mr3',
352 silly reify   'C:\\Porfolio\\node_modules\\lightningcss-win32-x64-msvc': 'C:\\Porfolio\\node_modules\\.lightningcss-win32-x64-msvc-ggei1YB6',
352 silly reify   'C:\\Porfolio\\node_modules\\locate-path': 'C:\\Porfolio\\node_modules\\.locate-path-sV2jOFsx',
352 silly reify   'C:\\Porfolio\\node_modules\\lodash.merge': 'C:\\Porfolio\\node_modules\\.lodash.merge-jtwZbet2',
352 silly reify   'C:\\Porfolio\\node_modules\\lru-cache': 'C:\\Porfolio\\node_modules\\.lru-cache-MCsL5ozS',
352 silly reify   'C:\\Porfolio\\node_modules\\magic-string': 'C:\\Porfolio\\node_modules\\.magic-string-99JOEPuP',
352 silly reify   'C:\\Porfolio\\node_modules\\math-intrinsics': 'C:\\Porfolio\\node_modules\\.math-intrinsics-jiDHrGjy',
352 silly reify   'C:\\Porfolio\\node_modules\\merge2': 'C:\\Porfolio\\node_modules\\.merge2-myIxXqyy',
352 silly reify   'C:\\Porfolio\\node_modules\\micromatch': 'C:\\Porfolio\\node_modules\\.micromatch-6VyjVXZa',
352 silly reify   'C:\\Porfolio\\node_modules\\minimatch': 'C:\\Porfolio\\node_modules\\.minimatch-nV5usaaL',
352 silly reify   'C:\\Porfolio\\node_modules\\minimist': 'C:\\Porfolio\\node_modules\\.minimist-IuU0oRBi',
352 silly reify   'C:\\Porfolio\\node_modules\\ms': 'C:\\Porfolio\\node_modules\\.ms-eD48MWoe',
352 silly reify   'C:\\Porfolio\\node_modules\\loose-envify': 'C:\\Porfolio\\node_modules\\.loose-envify-YKN0Uaip',
352 silly reify   'C:\\Porfolio\\node_modules\\nanoid': 'C:\\Porfolio\\node_modules\\.nanoid-23R83LFk',
352 silly reify   'C:\\Porfolio\\node_modules\\napi-postinstall': 'C:\\Porfolio\\node_modules\\.napi-postinstall-92dMoyNq',
352 silly reify   'C:\\Porfolio\\node_modules\\natural-compare': 'C:\\Porfolio\\node_modules\\.natural-compare-5YU8RqEB',
352 silly reify   'C:\\Porfolio\\node_modules\\next': 'C:\\Porfolio\\node_modules\\.next-pi8UME8P',
352 silly reify   'C:\\Porfolio\\node_modules\\node-exports-info': 'C:\\Porfolio\\node_modules\\.node-exports-info-Gq0shAlC',
352 silly reify   'C:\\Porfolio\\node_modules\\node-releases': 'C:\\Porfolio\\node_modules\\.node-releases-iNLXrCGY',
352 silly reify   'C:\\Porfolio\\node_modules\\object-assign': 'C:\\Porfolio\\node_modules\\.object-assign-mloT37JN',
352 silly reify   'C:\\Porfolio\\node_modules\\object-inspect': 'C:\\Porfolio\\node_modules\\.object-inspect-tmC10RKa',
352 silly reify   'C:\\Porfolio\\node_modules\\object-keys': 'C:\\Porfolio\\node_modules\\.object-keys-37VhtOCD',
352 silly reify   'C:\\Porfolio\\node_modules\\object.assign': 'C:\\Porfolio\\node_modules\\.object.assign-4Q0dQfA1',
352 silly reify   'C:\\Porfolio\\node_modules\\object.entries': 'C:\\Porfolio\\node_modules\\.object.entries-BMcoVSWp',
352 silly reify   'C:\\Porfolio\\node_modules\\object.fromentries': 'C:\\Porfolio\\node_modules\\.object.fromentries-4s3JOA1S',
352 silly reify   'C:\\Porfolio\\node_modules\\object.groupby': 'C:\\Porfolio\\node_modules\\.object.groupby-aHMJw7GN',
352 silly reify   'C:\\Porfolio\\node_modules\\object.values': 'C:\\Porfolio\\node_modules\\.object.values-JX0PqL2v',
352 silly reify   'C:\\Porfolio\\node_modules\\optionator': 'C:\\Porfolio\\node_modules\\.optionator-dxh9tHaX',
352 silly reify   'C:\\Porfolio\\node_modules\\own-keys': 'C:\\Porfolio\\node_modules\\.own-keys-Rw5HDjeZ',
352 silly reify   'C:\\Porfolio\\node_modules\\p-limit': 'C:\\Porfolio\\node_modules\\.p-limit-z89AmlXK',
352 silly reify   'C:\\Porfolio\\node_modules\\p-locate': 'C:\\Porfolio\\node_modules\\.p-locate-7ht4ByVa',
352 silly reify   'C:\\Porfolio\\node_modules\\parent-module': 'C:\\Porfolio\\node_modules\\.parent-module-CUCJbjaq',
352 silly reify   'C:\\Porfolio\\node_modules\\path-exists': 'C:\\Porfolio\\node_modules\\.path-exists-QLRKe0Ug',
352 silly reify   'C:\\Porfolio\\node_modules\\path-key': 'C:\\Porfolio\\node_modules\\.path-key-XduvxXsW',
352 silly reify   'C:\\Porfolio\\node_modules\\path-parse': 'C:\\Porfolio\\node_modules\\.path-parse-IEsVrLuJ',
352 silly reify   'C:\\Porfolio\\node_modules\\picocolors': 'C:\\Porfolio\\node_modules\\.picocolors-VlIhWPGx',
352 silly reify   'C:\\Porfolio\\node_modules\\picomatch': 'C:\\Porfolio\\node_modules\\.picomatch-HtgUImCe',
352 silly reify   'C:\\Porfolio\\node_modules\\possible-typed-array-names': 'C:\\Porfolio\\node_modules\\.possible-typed-array-names-Z4busi86',
352 silly reify   'C:\\Porfolio\\node_modules\\postcss': 'C:\\Porfolio\\node_modules\\.postcss-I04uS6gJ',
352 silly reify   'C:\\Porfolio\\node_modules\\prelude-ls': 'C:\\Porfolio\\node_modules\\.prelude-ls-hi8jYz46',
352 silly reify   'C:\\Porfolio\\node_modules\\prop-types': 'C:\\Porfolio\\node_modules\\.prop-types-GWqEPtAR',
352 silly reify   'C:\\Porfolio\\node_modules\\queue-microtask': 'C:\\Porfolio\\node_modules\\.queue-microtask-4vdjYnRT',
352 silly reify   'C:\\Porfolio\\node_modules\\punycode': 'C:\\Porfolio\\node_modules\\.punycode-v0eTsuIY',
352 silly reify   'C:\\Porfolio\\node_modules\\react': 'C:\\Porfolio\\node_modules\\.react-6jzKIyKl',
352 silly reify   'C:\\Porfolio\\node_modules\\react-dom': 'C:\\Porfolio\\node_modules\\.react-dom-F6D8HLtX',
352 silly reify   'C:\\Porfolio\\node_modules\\react-is': 'C:\\Porfolio\\node_modules\\.react-is-jpwW6CRr',
352 silly reify   'C:\\Porfolio\\node_modules\\reflect.getprototypeof': 'C:\\Porfolio\\node_modules\\.reflect.getprototypeof-O1tZzw3e',
352 silly reify   'C:\\Porfolio\\node_modules\\regexp.prototype.flags': 'C:\\Porfolio\\node_modules\\.regexp.prototype.flags-q5YJ9Jx7',
352 silly reify   'C:\\Porfolio\\node_modules\\resolve': 'C:\\Porfolio\\node_modules\\.resolve-GO2Ohpqt',
352 silly reify   'C:\\Porfolio\\node_modules\\resolve-from': 'C:\\Porfolio\\node_modules\\.resolve-from-QCGypMxB',
352 silly reify   'C:\\Porfolio\\node_modules\\resolve-pkg-maps': 'C:\\Porfolio\\node_modules\\.resolve-pkg-maps-woC546L3',
352 silly reify   'C:\\Porfolio\\node_modules\\reusify': 'C:\\Porfolio\\node_modules\\.reusify-NQ18yfUp',
352 silly reify   'C:\\Porfolio\\node_modules\\run-parallel': 'C:\\Porfolio\\node_modules\\.run-parallel-UVWN8MsG',
352 silly reify   'C:\\Porfolio\\node_modules\\safe-array-concat': 'C:\\Porfolio\\node_modules\\.safe-array-concat-ZtbPkPej',
352 silly reify   'C:\\Porfolio\\node_modules\\safe-push-apply': 'C:\\Porfolio\\node_modules\\.safe-push-apply-FQsgA3ns',
352 silly reify   'C:\\Porfolio\\node_modules\\safe-regex-test': 'C:\\Porfolio\\node_modules\\.safe-regex-test-C6TsFTRn',
352 silly reify   'C:\\Porfolio\\node_modules\\semver': 'C:\\Porfolio\\node_modules\\.semver-yTaQ2BsL',
352 silly reify   'C:\\Porfolio\\node_modules\\scheduler': 'C:\\Porfolio\\node_modules\\.scheduler-RYXQZZow',
352 silly reify   'C:\\Porfolio\\node_modules\\set-function-length': 'C:\\Porfolio\\node_modules\\.set-function-length-KfPfTiqF',
352 silly reify   'C:\\Porfolio\\node_modules\\set-function-name': 'C:\\Porfolio\\node_modules\\.set-function-name-hUMUfdXi',
352 silly reify   'C:\\Porfolio\\node_modules\\set-proto': 'C:\\Porfolio\\node_modules\\.set-proto-AVGVsOMB',
352 silly reify   'C:\\Porfolio\\node_modules\\sharp': 'C:\\Porfolio\\node_modules\\.sharp-7aeDOEq1',
352 silly reify   'C:\\Porfolio\\node_modules\\shebang-command': 'C:\\Porfolio\\node_modules\\.shebang-command-LDP416RP',
352 silly reify   'C:\\Porfolio\\node_modules\\shebang-regex': 'C:\\Porfolio\\node_modules\\.shebang-regex-Zk3bsaUX',
352 silly reify   'C:\\Porfolio\\node_modules\\side-channel': 'C:\\Porfolio\\node_modules\\.side-channel-2WL597lk',
352 silly reify   'C:\\Porfolio\\node_modules\\side-channel-list': 'C:\\Porfolio\\node_modules\\.side-channel-list-hUb42c3b',
352 silly reify   'C:\\Porfolio\\node_modules\\side-channel-weakmap': 'C:\\Porfolio\\node_modules\\.side-channel-weakmap-nRU2JGi2',
352 silly reify   'C:\\Porfolio\\node_modules\\side-channel-map': 'C:\\Porfolio\\node_modules\\.side-channel-map-XTRylFif',
352 silly reify   'C:\\Porfolio\\node_modules\\source-map-js': 'C:\\Porfolio\\node_modules\\.source-map-js-00FDqhRq',
352 silly reify   'C:\\Porfolio\\node_modules\\stable-hash': 'C:\\Porfolio\\node_modules\\.stable-hash-fg7m0TBP',
352 silly reify   'C:\\Porfolio\\node_modules\\stop-iteration-iterator': 'C:\\Porfolio\\node_modules\\.stop-iteration-iterator-7y80Ty6w',
352 silly reify   'C:\\Porfolio\\node_modules\\string.prototype.includes': 'C:\\Porfolio\\node_modules\\.string.prototype.includes-XauLiuZb',
352 silly reify   'C:\\Porfolio\\node_modules\\string.prototype.matchall': 'C:\\Porfolio\\node_modules\\.string.prototype.matchall-Ud2bh7Fq',
352 silly reify   'C:\\Porfolio\\node_modules\\string.prototype.repeat': 'C:\\Porfolio\\node_modules\\.string.prototype.repeat-gXA4dnQZ',
352 silly reify   'C:\\Porfolio\\node_modules\\string.prototype.trimend': 'C:\\Porfolio\\node_modules\\.string.prototype.trimend-CRCrCBE6',
352 silly reify   'C:\\Porfolio\\node_modules\\string.prototype.trim': 'C:\\Porfolio\\node_modules\\.string.prototype.trim-WD7FKzLs',
352 silly reify   'C:\\Porfolio\\node_modules\\string.prototype.trimstart': 'C:\\Porfolio\\node_modules\\.string.prototype.trimstart-PubYL0tz',
352 silly reify   'C:\\Porfolio\\node_modules\\strip-bom': 'C:\\Porfolio\\node_modules\\.strip-bom-WgmF9JDg',
352 silly reify   'C:\\Porfolio\\node_modules\\strip-json-comments': 'C:\\Porfolio\\node_modules\\.strip-json-comments-SnAspbjJ',
352 silly reify   'C:\\Porfolio\\node_modules\\styled-jsx': 'C:\\Porfolio\\node_modules\\.styled-jsx-GfZ99Xam',
352 silly reify   'C:\\Porfolio\\node_modules\\supports-color': 'C:\\Porfolio\\node_modules\\.supports-color-FaBGbb1m',
352 silly reify   'C:\\Porfolio\\node_modules\\supports-preserve-symlinks-flag': 'C:\\Porfolio\\node_modules\\.supports-preserve-symlinks-flag-FrKfer6g',
352 silly reify   'C:\\Porfolio\\node_modules\\tailwindcss': 'C:\\Porfolio\\node_modules\\.tailwindcss-6aIARSVC',
352 silly reify   'C:\\Porfolio\\node_modules\\tapable': 'C:\\Porfolio\\node_modules\\.tapable-d68FGozV',
352 silly reify   'C:\\Porfolio\\node_modules\\tinyglobby': 'C:\\Porfolio\\node_modules\\.tinyglobby-2GAZCe08',
352 silly reify   'C:\\Porfolio\\node_modules\\to-regex-range': 'C:\\Porfolio\\node_modules\\.to-regex-range-3yaBhK0x',
352 silly reify   'C:\\Porfolio\\node_modules\\ts-api-utils': 'C:\\Porfolio\\node_modules\\.ts-api-utils-YVsjtr0d',
352 silly reify   'C:\\Porfolio\\node_modules\\tsconfig-paths': 'C:\\Porfolio\\node_modules\\.tsconfig-paths-Gf3ZqCRy',
352 silly reify   'C:\\Porfolio\\node_modules\\tslib': 'C:\\Porfolio\\node_modules\\.tslib-TYo6lzBW',
352 silly reify   'C:\\Porfolio\\node_modules\\type-check': 'C:\\Porfolio\\node_modules\\.type-check-DsOIFep3',
352 silly reify   'C:\\Porfolio\\node_modules\\typed-array-byte-length': 'C:\\Porfolio\\node_modules\\.typed-array-byte-length-0P8gi8FZ',
352 silly reify   'C:\\Porfolio\\node_modules\\typed-array-buffer': 'C:\\Porfolio\\node_modules\\.typed-array-buffer-OCOSQUCQ',
352 silly reify   'C:\\Porfolio\\node_modules\\typed-array-length': 'C:\\Porfolio\\node_modules\\.typed-array-length-mPryGSlh',
352 silly reify   'C:\\Porfolio\\node_modules\\typed-array-byte-offset': 'C:\\Porfolio\\node_modules\\.typed-array-byte-offset-BmFZwX6x',
352 silly reify   'C:\\Porfolio\\node_modules\\typescript': 'C:\\Porfolio\\node_modules\\.typescript-9og8NELC',
352 silly reify   'C:\\Porfolio\\node_modules\\typescript-eslint': 'C:\\Porfolio\\node_modules\\.typescript-eslint-oh8FJmmh',
352 silly reify   'C:\\Porfolio\\node_modules\\unbox-primitive': 'C:\\Porfolio\\node_modules\\.unbox-primitive-MAiemik3',
352 silly reify   'C:\\Porfolio\\node_modules\\undici-types': 'C:\\Porfolio\\node_modules\\.undici-types-IJttVrtJ',
352 silly reify   'C:\\Porfolio\\node_modules\\unrs-resolver': 'C:\\Porfolio\\node_modules\\.unrs-resolver-PgYUpoqw',
352 silly reify   'C:\\Porfolio\\node_modules\\update-browserslist-db': 'C:\\Porfolio\\node_modules\\.update-browserslist-db-vUYbAeJA',
352 silly reify   'C:\\Porfolio\\node_modules\\uri-js': 'C:\\Porfolio\\node_modules\\.uri-js-aWgkCeCQ',
352 silly reify   'C:\\Porfolio\\node_modules\\which': 'C:\\Porfolio\\node_modules\\.which-iroMnmZJ',
352 silly reify   'C:\\Porfolio\\node_modules\\which-boxed-primitive': 'C:\\Porfolio\\node_modules\\.which-boxed-primitive-vMjsrJfA',
352 silly reify   'C:\\Porfolio\\node_modules\\which-collection': 'C:\\Porfolio\\node_modules\\.which-collection-VYvLx91T',
352 silly reify   'C:\\Porfolio\\node_modules\\which-builtin-type': 'C:\\Porfolio\\node_modules\\.which-builtin-type-FFzJoiJz',
352 silly reify   'C:\\Porfolio\\node_modules\\which-typed-array': 'C:\\Porfolio\\node_modules\\.which-typed-array-LJPUsgZ6',
352 silly reify   'C:\\Porfolio\\node_modules\\word-wrap': 'C:\\Porfolio\\node_modules\\.word-wrap-GLwg1d2q',
352 silly reify   'C:\\Porfolio\\node_modules\\yallist': 'C:\\Porfolio\\node_modules\\.yallist-dbze2keY',
352 silly reify   'C:\\Porfolio\\node_modules\\yocto-queue': 'C:\\Porfolio\\node_modules\\.yocto-queue-MIvYZXnN',
352 silly reify   'C:\\Porfolio\\node_modules\\zod': 'C:\\Porfolio\\node_modules\\.zod-YD3vGcRD',
352 silly reify   'C:\\Porfolio\\node_modules\\zod-validation-error': 'C:\\Porfolio\\node_modules\\.zod-validation-error-6wmFksdA',
352 silly reify   'C:\\Porfolio\\node_modules\\@alloc\\quick-lru': 'C:\\Porfolio\\node_modules\\@alloc\\.quick-lru-8NJlj5qF',
352 silly reify   'C:\\Porfolio\\node_modules\\@babel\\code-frame': 'C:\\Porfolio\\node_modules\\@babel\\.code-frame-qSRSmNwn',
352 silly reify   'C:\\Porfolio\\node_modules\\@babel\\core': 'C:\\Porfolio\\node_modules\\@babel\\.core-BP9T8Sio',
352 silly reify   'C:\\Porfolio\\node_modules\\@babel\\compat-data': 'C:\\Porfolio\\node_modules\\@babel\\.compat-data-ODxoMdbh',
352 silly reify   'C:\\Porfolio\\node_modules\\@babel\\generator': 'C:\\Porfolio\\node_modules\\@babel\\.generator-gEoDmYhi',
352 silly reify   'C:\\Porfolio\\node_modules\\@babel\\helper-compilation-targets': 'C:\\Porfolio\\node_modules\\@babel\\.helper-compilation-targets-w45TNYoV',
352 silly reify   'C:\\Porfolio\\node_modules\\@babel\\helper-globals': 'C:\\Porfolio\\node_modules\\@babel\\.helper-globals-2ZgXKv68',
352 silly reify   'C:\\Porfolio\\node_modules\\@babel\\helper-module-imports': 'C:\\Porfolio\\node_modules\\@babel\\.helper-module-imports-a7QLOkjl',
352 silly reify   'C:\\Porfolio\\node_modules\\@babel\\helper-string-parser': 'C:\\Porfolio\\node_modules\\@babel\\.helper-string-parser-ZkzV5Fu7',
352 silly reify   'C:\\Porfolio\\node_modules\\@babel\\helper-module-transforms': 'C:\\Porfolio\\node_modules\\@babel\\.helper-module-transforms-EF26QBpf',
352 silly reify   'C:\\Porfolio\\node_modules\\@babel\\helper-validator-identifier': 'C:\\Porfolio\\node_modules\\@babel\\.helper-validator-identifier-tUt7QgrQ',
352 silly reify   'C:\\Porfolio\\node_modules\\@babel\\helper-validator-option': 'C:\\Porfolio\\node_modules\\@babel\\.helper-validator-option-Klhvt5kf',
352 silly reify   'C:\\Porfolio\\node_modules\\@babel\\helpers': 'C:\\Porfolio\\node_modules\\@babel\\.helpers-A9Wq5cSR',
352 silly reify   'C:\\Porfolio\\node_modules\\@babel\\parser': 'C:\\Porfolio\\node_modules\\@babel\\.parser-7SMCXZd9',
352 silly reify   'C:\\Porfolio\\node_modules\\@babel\\template': 'C:\\Porfolio\\node_modules\\@babel\\.template-YbStInV9',
352 silly reify   'C:\\Porfolio\\node_modules\\@babel\\traverse': 'C:\\Porfolio\\node_modules\\@babel\\.traverse-QcQTxrYU',
352 silly reify   'C:\\Porfolio\\node_modules\\@babel\\types': 'C:\\Porfolio\\node_modules\\@babel\\.types-JFJnlHyu',
352 silly reify   'C:\\Porfolio\\node_modules\\@eslint\\config-array': 'C:\\Porfolio\\node_modules\\@eslint\\.config-array-qb75QGcD',
352 silly reify   'C:\\Porfolio\\node_modules\\@eslint\\config-helpers': 'C:\\Porfolio\\node_modules\\@eslint\\.config-helpers-8NzxfXH6',
352 silly reify   'C:\\Porfolio\\node_modules\\@eslint\\core': 'C:\\Porfolio\\node_modules\\@eslint\\.core-WQqm9yAs',
352 silly reify   'C:\\Porfolio\\node_modules\\@eslint\\eslintrc': 'C:\\Porfolio\\node_modules\\@eslint\\.eslintrc-mNi7IMoQ',
352 silly reify   'C:\\Porfolio\\node_modules\\@eslint\\js': 'C:\\Porfolio\\node_modules\\@eslint\\.js-lTT036uX',
352 silly reify   'C:\\Porfolio\\node_modules\\@eslint\\object-schema': 'C:\\Porfolio\\node_modules\\@eslint\\.object-schema-CoqgaL2I',
352 silly reify   'C:\\Porfolio\\node_modules\\@eslint\\plugin-kit': 'C:\\Porfolio\\node_modules\\@eslint\\.plugin-kit-1xqF7cKg',
352 silly reify   'C:\\Porfolio\\node_modules\\@eslint-community\\eslint-utils': 'C:\\Porfolio\\node_modules\\@eslint-community\\.eslint-utils-adACIJxL',
352 silly reify   'C:\\Porfolio\\node_modules\\@eslint-community\\regexpp': 'C:\\Porfolio\\node_modules\\@eslint-community\\.regexpp-6i7AhQ7e',
352 silly reify   'C:\\Porfolio\\node_modules\\@humanwhocodes\\module-importer': 'C:\\Porfolio\\node_modules\\@humanwhocodes\\.module-importer-kCjMB89O',
352 silly reify   'C:\\Porfolio\\node_modules\\@humanwhocodes\\retry': 'C:\\Porfolio\\node_modules\\@humanwhocodes\\.retry-wGg1SI77',
352 silly reify   'C:\\Porfolio\\node_modules\\@humanfs\\core': 'C:\\Porfolio\\node_modules\\@humanfs\\.core-xpNGDP8v',
352 silly reify   'C:\\Porfolio\\node_modules\\@humanfs\\node': 'C:\\Porfolio\\node_modules\\@humanfs\\.node-sDlIaQg9',
352 silly reify   'C:\\Porfolio\\node_modules\\@humanfs\\types': 'C:\\Porfolio\\node_modules\\@humanfs\\.types-sZhVD4FW',
352 silly reify   'C:\\Porfolio\\node_modules\\@img\\colour': 'C:\\Porfolio\\node_modules\\@img\\.colour-86zE8KaA',
352 silly reify   'C:\\Porfolio\\node_modules\\@img\\sharp-win32-x64': 'C:\\Porfolio\\node_modules\\@img\\.sharp-win32-x64-vKD6aiQB',
352 silly reify   'C:\\Porfolio\\node_modules\\@next\\env': 'C:\\Porfolio\\node_modules\\@next\\.env-zYq5PjAm',
352 silly reify   'C:\\Porfolio\\node_modules\\@next\\eslint-plugin-next': 'C:\\Porfolio\\node_modules\\@next\\.eslint-plugin-next-sgo5OmiI',
352 silly reify   'C:\\Porfolio\\node_modules\\@next\\swc-win32-x64-msvc': 'C:\\Porfolio\\node_modules\\@next\\.swc-win32-x64-msvc-NqF2CyZR',
352 silly reify   'C:\\Porfolio\\node_modules\\@jridgewell\\gen-mapping': 'C:\\Porfolio\\node_modules\\@jridgewell\\.gen-mapping-gVghLnnu',
352 silly reify   'C:\\Porfolio\\node_modules\\@jridgewell\\remapping': 'C:\\Porfolio\\node_modules\\@jridgewell\\.remapping-PCp3emZM',
352 silly reify   'C:\\Porfolio\\node_modules\\@jridgewell\\resolve-uri': 'C:\\Porfolio\\node_modules\\@jridgewell\\.resolve-uri-n6Xj8bvh',
352 silly reify   'C:\\Porfolio\\node_modules\\@jridgewell\\sourcemap-codec': 'C:\\Porfolio\\node_modules\\@jridgewell\\.sourcemap-codec-SOKLh67N',
352 silly reify   'C:\\Porfolio\\node_modules\\@nodelib\\fs.scandir': 'C:\\Porfolio\\node_modules\\@nodelib\\.fs.scandir-3IoBxWQ3',
352 silly reify   'C:\\Porfolio\\node_modules\\@jridgewell\\trace-mapping': 'C:\\Porfolio\\node_modules\\@jridgewell\\.trace-mapping-TH9220q5',
352 silly reify   'C:\\Porfolio\\node_modules\\@nodelib\\fs.stat': 'C:\\Porfolio\\node_modules\\@nodelib\\.fs.stat-aA9BBF12',
352 silly reify   'C:\\Porfolio\\node_modules\\@nodelib\\fs.walk': 'C:\\Porfolio\\node_modules\\@nodelib\\.fs.walk-Hg3vQjkv',
352 silly reify   'C:\\Porfolio\\node_modules\\@nolyfill\\is-core-module': 'C:\\Porfolio\\node_modules\\@nolyfill\\.is-core-module-CKjNJhRh',
352 silly reify   'C:\\Porfolio\\node_modules\\@rtsao\\scc': 'C:\\Porfolio\\node_modules\\@rtsao\\.scc-P7R7xWZu',
352 silly reify   'C:\\Porfolio\\node_modules\\@swc\\helpers': 'C:\\Porfolio\\node_modules\\@swc\\.helpers-YC27y7VD',
352 silly reify   'C:\\Porfolio\\node_modules\\@tailwindcss\\node': 'C:\\Porfolio\\node_modules\\@tailwindcss\\.node-tySJ1wzK',
352 silly reify   'C:\\Porfolio\\node_modules\\@tailwindcss\\oxide': 'C:\\Porfolio\\node_modules\\@tailwindcss\\.oxide-Bil08y6p',
352 silly reify   'C:\\Porfolio\\node_modules\\@tailwindcss\\oxide-win32-x64-msvc': 'C:\\Porfolio\\node_modules\\@tailwindcss\\.oxide-win32-x64-msvc-RliZvNYN',
352 silly reify   'C:\\Porfolio\\node_modules\\@tailwindcss\\postcss': 'C:\\Porfolio\\node_modules\\@tailwindcss\\.postcss-GISzBRcr',
352 silly reify   'C:\\Porfolio\\node_modules\\@types\\estree': 'C:\\Porfolio\\node_modules\\@types\\.estree-xPNqJUfO',
352 silly reify   'C:\\Porfolio\\node_modules\\@types\\json-schema': 'C:\\Porfolio\\node_modules\\@types\\.json-schema-wBl3IQG1',
352 silly reify   'C:\\Porfolio\\node_modules\\@types\\json5': 'C:\\Porfolio\\node_modules\\@types\\.json5-5cTTTqs6',
352 silly reify   'C:\\Porfolio\\node_modules\\@types\\node': 'C:\\Porfolio\\node_modules\\@types\\.node-wJqgOhqt',
352 silly reify   'C:\\Porfolio\\node_modules\\@types\\react': 'C:\\Porfolio\\node_modules\\@types\\.react-taaYf2UK',
352 silly reify   'C:\\Porfolio\\node_modules\\@types\\react-dom': 'C:\\Porfolio\\node_modules\\@types\\.react-dom-zpEyFKcV',
352 silly reify   'C:\\Porfolio\\node_modules\\@typescript-eslint\\eslint-plugin': 'C:\\Porfolio\\node_modules\\@typescript-eslint\\.eslint-plugin-j8oFoIAu',
352 silly reify   'C:\\Porfolio\\node_modules\\@typescript-eslint\\parser': 'C:\\Porfolio\\node_modules\\@typescript-eslint\\.parser-p1xiHXbx',
352 silly reify   'C:\\Porfolio\\node_modules\\@typescript-eslint\\project-service': 'C:\\Porfolio\\node_modules\\@typescript-eslint\\.project-service-ZBf9juVo',
352 silly reify   'C:\\Porfolio\\node_modules\\@typescript-eslint\\scope-manager': 'C:\\Porfolio\\node_modules\\@typescript-eslint\\.scope-manager-HXLE6SLw',
352 silly reify   'C:\\Porfolio\\node_modules\\@typescript-eslint\\tsconfig-utils': 'C:\\Porfolio\\node_modules\\@typescript-eslint\\.tsconfig-utils-Fou6wL9Q',
352 silly reify   'C:\\Porfolio\\node_modules\\@typescript-eslint\\type-utils': 'C:\\Porfolio\\node_modules\\@typescript-eslint\\.type-utils-zEx3Tg4d',
352 silly reify   'C:\\Porfolio\\node_modules\\@typescript-eslint\\types': 'C:\\Porfolio\\node_modules\\@typescript-eslint\\.types-uDv8LTAN',
352 silly reify   'C:\\Porfolio\\node_modules\\@typescript-eslint\\typescript-estree': 'C:\\Porfolio\\node_modules\\@typescript-eslint\\.typescript-estree-3qj1umIL',
352 silly reify   'C:\\Porfolio\\node_modules\\@typescript-eslint\\utils': 'C:\\Porfolio\\node_modules\\@typescript-eslint\\.utils-w28vk7j4',
352 silly reify   'C:\\Porfolio\\node_modules\\@typescript-eslint\\visitor-keys': 'C:\\Porfolio\\node_modules\\@typescript-eslint\\.visitor-keys-Fc7ZXICv',
352 silly reify   'C:\\Porfolio\\node_modules\\@unrs\\resolver-binding-win32-x64-msvc': 'C:\\Porfolio\\node_modules\\@unrs\\.resolver-binding-win32-x64-msvc-a0Pp4Txo'
352 silly reify }
353 http cache @unrs/resolver-binding-win32-x64-msvc@https://registry.npmjs.org/@unrs/resolver-binding-win32-x64-msvc/-/resolver-binding-win32-x64-msvc-1.11.1.tgz 0ms (cache hit)
354 http cache @typescript-eslint/visitor-keys@https://registry.npmjs.org/@typescript-eslint/visitor-keys/-/visitor-keys-8.59.3.tgz 0ms (cache hit)
355 http cache @typescript-eslint/utils@https://registry.npmjs.org/@typescript-eslint/utils/-/utils-8.59.3.tgz 0ms (cache hit)
356 http cache @typescript-eslint/typescript-estree@https://registry.npmjs.org/@typescript-eslint/typescript-estree/-/typescript-estree-8.59.3.tgz 0ms (cache hit)
357 http cache @typescript-eslint/types@https://registry.npmjs.org/@typescript-eslint/types/-/types-8.59.3.tgz 0ms (cache hit)
358 http cache @typescript-eslint/type-utils@https://registry.npmjs.org/@typescript-eslint/type-utils/-/type-utils-8.59.3.tgz 0ms (cache hit)
359 http cache @typescript-eslint/tsconfig-utils@https://registry.npmjs.org/@typescript-eslint/tsconfig-utils/-/tsconfig-utils-8.59.3.tgz 0ms (cache hit)
360 http cache @typescript-eslint/scope-manager@https://registry.npmjs.org/@typescript-eslint/scope-manager/-/scope-manager-8.59.3.tgz 0ms (cache hit)
361 http cache @typescript-eslint/project-service@https://registry.npmjs.org/@typescript-eslint/project-service/-/project-service-8.59.3.tgz 0ms (cache hit)
362 http cache @typescript-eslint/eslint-plugin@https://registry.npmjs.org/@typescript-eslint/eslint-plugin/-/eslint-plugin-8.59.3.tgz 0ms (cache hit)
363 http cache @typescript-eslint/parser@https://registry.npmjs.org/@typescript-eslint/parser/-/parser-8.59.3.tgz 0ms (cache hit)
364 http cache @types/react-dom@https://registry.npmjs.org/@types/react-dom/-/react-dom-19.2.3.tgz 0ms (cache hit)
365 http cache @types/json5@https://registry.npmjs.org/@types/json5/-/json5-0.0.29.tgz 0ms (cache hit)
366 http cache @types/react@https://registry.npmjs.org/@types/react/-/react-19.2.14.tgz 0ms (cache hit)
367 http cache @types/node@https://registry.npmjs.org/@types/node/-/node-22.19.19.tgz 0ms (cache hit)
368 http cache @types/json-schema@https://registry.npmjs.org/@types/json-schema/-/json-schema-7.0.15.tgz 0ms (cache hit)
369 http cache @types/estree@https://registry.npmjs.org/@types/estree/-/estree-1.0.9.tgz 0ms (cache hit)
370 http cache @tailwindcss/postcss@https://registry.npmjs.org/@tailwindcss/postcss/-/postcss-4.2.1.tgz 0ms (cache hit)
371 http cache @tailwindcss/oxide-win32-x64-msvc@https://registry.npmjs.org/@tailwindcss/oxide-win32-x64-msvc/-/oxide-win32-x64-msvc-4.2.1.tgz 0ms (cache hit)
372 http cache @tailwindcss/node@https://registry.npmjs.org/@tailwindcss/node/-/node-4.2.1.tgz 0ms (cache hit)
373 http cache @swc/helpers@https://registry.npmjs.org/@swc/helpers/-/helpers-0.5.15.tgz 0ms (cache hit)
374 http cache @tailwindcss/oxide@https://registry.npmjs.org/@tailwindcss/oxide/-/oxide-4.2.1.tgz 0ms (cache hit)
375 http cache @rtsao/scc@https://registry.npmjs.org/@rtsao/scc/-/scc-1.1.0.tgz 0ms (cache hit)
376 http cache @nodelib/fs.stat@https://registry.npmjs.org/@nodelib/fs.stat/-/fs.stat-2.0.5.tgz 0ms (cache hit)
377 http cache @nolyfill/is-core-module@https://registry.npmjs.org/@nolyfill/is-core-module/-/is-core-module-1.0.39.tgz 0ms (cache hit)
378 http cache @nodelib/fs.walk@https://registry.npmjs.org/@nodelib/fs.walk/-/fs.walk-1.2.8.tgz 0ms (cache hit)
379 http cache @nodelib/fs.scandir@https://registry.npmjs.org/@nodelib/fs.scandir/-/fs.scandir-2.1.5.tgz 0ms (cache hit)
380 http cache @jridgewell/trace-mapping@https://registry.npmjs.org/@jridgewell/trace-mapping/-/trace-mapping-0.3.31.tgz 1ms (cache hit)
381 http cache @jridgewell/sourcemap-codec@https://registry.npmjs.org/@jridgewell/sourcemap-codec/-/sourcemap-codec-1.5.5.tgz 0ms (cache hit)
382 http cache @jridgewell/resolve-uri@https://registry.npmjs.org/@jridgewell/resolve-uri/-/resolve-uri-3.1.2.tgz 0ms (cache hit)
383 http cache @jridgewell/remapping@https://registry.npmjs.org/@jridgewell/remapping/-/remapping-2.3.5.tgz 0ms (cache hit)
384 http cache @jridgewell/gen-mapping@https://registry.npmjs.org/@jridgewell/gen-mapping/-/gen-mapping-0.3.13.tgz 0ms (cache hit)
385 http cache @img/sharp-win32-x64@https://registry.npmjs.org/@img/sharp-win32-x64/-/sharp-win32-x64-0.34.5.tgz 0ms (cache hit)
386 http cache @next/eslint-plugin-next@https://registry.npmjs.org/@next/eslint-plugin-next/-/eslint-plugin-next-16.2.6.tgz 0ms (cache hit)
387 http cache @next/swc-win32-x64-msvc@https://registry.npmjs.org/@next/swc-win32-x64-msvc/-/swc-win32-x64-msvc-16.2.6.tgz 0ms (cache hit)
388 http cache @next/env@https://registry.npmjs.org/@next/env/-/env-16.2.6.tgz 0ms (cache hit)
389 http cache @img/colour@https://registry.npmjs.org/@img/colour/-/colour-1.1.0.tgz 0ms (cache hit)
390 http cache @humanwhocodes/retry@https://registry.npmjs.org/@humanwhocodes/retry/-/retry-0.4.3.tgz 0ms (cache hit)
391 http cache @humanfs/types@https://registry.npmjs.org/@humanfs/types/-/types-0.15.0.tgz 0ms (cache hit)
392 http cache @humanfs/core@https://registry.npmjs.org/@humanfs/core/-/core-0.19.2.tgz 0ms (cache hit)
393 http cache @humanfs/node@https://registry.npmjs.org/@humanfs/node/-/node-0.16.8.tgz 0ms (cache hit)
394 http cache @humanwhocodes/module-importer@https://registry.npmjs.org/@humanwhocodes/module-importer/-/module-importer-1.0.1.tgz 0ms (cache hit)
395 http cache @eslint-community/regexpp@https://registry.npmjs.org/@eslint-community/regexpp/-/regexpp-4.12.2.tgz 0ms (cache hit)
396 http cache @eslint/plugin-kit@https://registry.npmjs.org/@eslint/plugin-kit/-/plugin-kit-0.4.1.tgz 0ms (cache hit)
397 http cache @eslint-community/eslint-utils@https://registry.npmjs.org/@eslint-community/eslint-utils/-/eslint-utils-4.9.1.tgz 0ms (cache hit)
398 http cache @eslint/object-schema@https://registry.npmjs.org/@eslint/object-schema/-/object-schema-2.1.7.tgz 0ms (cache hit)
399 http cache @eslint/eslintrc@https://registry.npmjs.org/@eslint/eslintrc/-/eslintrc-3.3.5.tgz 0ms (cache hit)
400 http cache @eslint/js@https://registry.npmjs.org/@eslint/js/-/js-9.39.4.tgz 0ms (cache hit)
401 http cache @eslint/core@https://registry.npmjs.org/@eslint/core/-/core-0.17.0.tgz 0ms (cache hit)
402 http cache @eslint/config-helpers@https://registry.npmjs.org/@eslint/config-helpers/-/config-helpers-0.4.2.tgz 0ms (cache hit)
403 http cache @babel/types@https://registry.npmjs.org/@babel/types/-/types-7.29.0.tgz 0ms (cache hit)
404 http cache @eslint/config-array@https://registry.npmjs.org/@eslint/config-array/-/config-array-0.21.2.tgz 0ms (cache hit)
405 http cache @babel/traverse@https://registry.npmjs.org/@babel/traverse/-/traverse-7.29.0.tgz 0ms (cache hit)
406 http cache @babel/template@https://registry.npmjs.org/@babel/template/-/template-7.28.6.tgz 0ms (cache hit)
407 http cache @babel/parser@https://registry.npmjs.org/@babel/parser/-/parser-7.29.3.tgz 0ms (cache hit)
408 http cache @babel/helpers@https://registry.npmjs.org/@babel/helpers/-/helpers-7.29.2.tgz 0ms (cache hit)
409 http cache @babel/helper-validator-option@https://registry.npmjs.org/@babel/helper-validator-option/-/helper-validator-option-7.27.1.tgz 0ms (cache hit)
410 http cache @babel/helper-validator-identifier@https://registry.npmjs.org/@babel/helper-validator-identifier/-/helper-validator-identifier-7.28.5.tgz 0ms (cache hit)
411 http cache @babel/helper-module-transforms@https://registry.npmjs.org/@babel/helper-module-transforms/-/helper-module-transforms-7.28.6.tgz 1ms (cache hit)
412 http cache @babel/helper-string-parser@https://registry.npmjs.org/@babel/helper-string-parser/-/helper-string-parser-7.27.1.tgz 0ms (cache hit)
413 http cache @babel/helper-globals@https://registry.npmjs.org/@babel/helper-globals/-/helper-globals-7.28.0.tgz 0ms (cache hit)
414 http cache @babel/helper-module-imports@https://registry.npmjs.org/@babel/helper-module-imports/-/helper-module-imports-7.28.6.tgz 0ms (cache hit)
415 http cache @babel/helper-compilation-targets@https://registry.npmjs.org/@babel/helper-compilation-targets/-/helper-compilation-targets-7.28.6.tgz 0ms (cache hit)
416 http cache @babel/generator@https://registry.npmjs.org/@babel/generator/-/generator-7.29.1.tgz 0ms (cache hit)
417 http cache @babel/compat-data@https://registry.npmjs.org/@babel/compat-data/-/compat-data-7.29.3.tgz 0ms (cache hit)
418 http cache @babel/code-frame@https://registry.npmjs.org/@babel/code-frame/-/code-frame-7.29.0.tgz 0ms (cache hit)
419 http cache @babel/core@https://registry.npmjs.org/@babel/core/-/core-7.29.0.tgz 0ms (cache hit)
420 http cache @alloc/quick-lru@https://registry.npmjs.org/@alloc/quick-lru/-/quick-lru-5.2.0.tgz 0ms (cache hit)
421 http cache zod@https://registry.npmjs.org/zod/-/zod-4.4.3.tgz 0ms (cache hit)
422 http cache yallist@https://registry.npmjs.org/yallist/-/yallist-3.1.1.tgz 0ms (cache hit)
423 http cache zod-validation-error@https://registry.npmjs.org/zod-validation-error/-/zod-validation-error-4.0.2.tgz 0ms (cache hit)
424 http cache yocto-queue@https://registry.npmjs.org/yocto-queue/-/yocto-queue-0.1.0.tgz 0ms (cache hit)
425 http cache word-wrap@https://registry.npmjs.org/word-wrap/-/word-wrap-1.2.5.tgz 0ms (cache hit)
426 http cache which-builtin-type@https://registry.npmjs.org/which-builtin-type/-/which-builtin-type-1.2.1.tgz 0ms (cache hit)
427 http cache which-typed-array@https://registry.npmjs.org/which-typed-array/-/which-typed-array-1.1.20.tgz 0ms (cache hit)
428 http cache which-collection@https://registry.npmjs.org/which-collection/-/which-collection-1.0.2.tgz 0ms (cache hit)
429 http cache which@https://registry.npmjs.org/which/-/which-2.0.2.tgz 0ms (cache hit)
430 http cache uri-js@https://registry.npmjs.org/uri-js/-/uri-js-4.4.1.tgz 0ms (cache hit)
431 http cache undici-types@https://registry.npmjs.org/undici-types/-/undici-types-6.21.0.tgz 0ms (cache hit)
432 http cache update-browserslist-db@https://registry.npmjs.org/update-browserslist-db/-/update-browserslist-db-1.2.3.tgz 0ms (cache hit)
433 http cache unrs-resolver@https://registry.npmjs.org/unrs-resolver/-/unrs-resolver-1.11.1.tgz 0ms (cache hit)
434 http cache typescript-eslint@https://registry.npmjs.org/typescript-eslint/-/typescript-eslint-8.59.3.tgz 0ms (cache hit)
435 http cache which-boxed-primitive@https://registry.npmjs.org/which-boxed-primitive/-/which-boxed-primitive-1.1.1.tgz 0ms (cache hit)
436 http cache typed-array-byte-offset@https://registry.npmjs.org/typed-array-byte-offset/-/typed-array-byte-offset-1.0.4.tgz 0ms (cache hit)
437 http cache unbox-primitive@https://registry.npmjs.org/unbox-primitive/-/unbox-primitive-1.1.0.tgz 0ms (cache hit)
438 http cache typescript@https://registry.npmjs.org/typescript/-/typescript-5.9.3.tgz 0ms (cache hit)
439 http cache typed-array-buffer@https://registry.npmjs.org/typed-array-buffer/-/typed-array-buffer-1.0.3.tgz 0ms (cache hit)
440 http cache typed-array-length@https://registry.npmjs.org/typed-array-length/-/typed-array-length-1.0.7.tgz 0ms (cache hit)
441 http cache type-check@https://registry.npmjs.org/type-check/-/type-check-0.4.0.tgz 0ms (cache hit)
442 http cache tslib@https://registry.npmjs.org/tslib/-/tslib-2.8.1.tgz 0ms (cache hit)
443 http cache typed-array-byte-length@https://registry.npmjs.org/typed-array-byte-length/-/typed-array-byte-length-1.0.3.tgz 0ms (cache hit)
444 http cache tsconfig-paths@https://registry.npmjs.org/tsconfig-paths/-/tsconfig-paths-3.15.0.tgz 0ms (cache hit)
445 http cache ts-api-utils@https://registry.npmjs.org/ts-api-utils/-/ts-api-utils-2.5.0.tgz 0ms (cache hit)
446 http cache to-regex-range@https://registry.npmjs.org/to-regex-range/-/to-regex-range-5.0.1.tgz 0ms (cache hit)
447 http cache tinyglobby@https://registry.npmjs.org/tinyglobby/-/tinyglobby-0.2.16.tgz 0ms (cache hit)
448 http cache supports-preserve-symlinks-flag@https://registry.npmjs.org/supports-preserve-symlinks-flag/-/supports-preserve-symlinks-flag-1.0.0.tgz 0ms (cache hit)
449 http cache tapable@https://registry.npmjs.org/tapable/-/tapable-2.3.3.tgz 0ms (cache hit)
450 http cache tailwindcss@https://registry.npmjs.org/tailwindcss/-/tailwindcss-4.2.1.tgz 0ms (cache hit)
451 http cache strip-json-comments@https://registry.npmjs.org/strip-json-comments/-/strip-json-comments-3.1.1.tgz 0ms (cache hit)
452 http cache supports-color@https://registry.npmjs.org/supports-color/-/supports-color-7.2.0.tgz 0ms (cache hit)
453 http cache strip-bom@https://registry.npmjs.org/strip-bom/-/strip-bom-3.0.0.tgz 0ms (cache hit)
454 http cache styled-jsx@https://registry.npmjs.org/styled-jsx/-/styled-jsx-5.1.6.tgz 0ms (cache hit)
455 http cache string.prototype.trim@https://registry.npmjs.org/string.prototype.trim/-/string.prototype.trim-1.2.10.tgz 0ms (cache hit)
456 http cache string.prototype.trimstart@https://registry.npmjs.org/string.prototype.trimstart/-/string.prototype.trimstart-1.0.8.tgz 0ms (cache hit)
457 http cache string.prototype.repeat@https://registry.npmjs.org/string.prototype.repeat/-/string.prototype.repeat-1.0.0.tgz 0ms (cache hit)
458 http cache string.prototype.trimend@https://registry.npmjs.org/string.prototype.trimend/-/string.prototype.trimend-1.0.9.tgz 0ms (cache hit)
459 http cache string.prototype.matchall@https://registry.npmjs.org/string.prototype.matchall/-/string.prototype.matchall-4.0.12.tgz 0ms (cache hit)
460 http cache string.prototype.includes@https://registry.npmjs.org/string.prototype.includes/-/string.prototype.includes-2.0.1.tgz 0ms (cache hit)
461 http cache stop-iteration-iterator@https://registry.npmjs.org/stop-iteration-iterator/-/stop-iteration-iterator-1.1.0.tgz 0ms (cache hit)
462 http cache source-map-js@https://registry.npmjs.org/source-map-js/-/source-map-js-1.2.1.tgz 0ms (cache hit)
463 http cache stable-hash@https://registry.npmjs.org/stable-hash/-/stable-hash-0.0.5.tgz 0ms (cache hit)
464 http cache side-channel-map@https://registry.npmjs.org/side-channel-map/-/side-channel-map-1.0.1.tgz 0ms (cache hit)
465 http cache side-channel-weakmap@https://registry.npmjs.org/side-channel-weakmap/-/side-channel-weakmap-1.0.2.tgz 0ms (cache hit)
466 http cache shebang-regex@https://registry.npmjs.org/shebang-regex/-/shebang-regex-3.0.0.tgz 0ms (cache hit)
467 http cache side-channel-list@https://registry.npmjs.org/side-channel-list/-/side-channel-list-1.0.1.tgz 0ms (cache hit)
468 http cache shebang-command@https://registry.npmjs.org/shebang-command/-/shebang-command-2.0.0.tgz 0ms (cache hit)
469 http cache side-channel@https://registry.npmjs.org/side-channel/-/side-channel-1.1.0.tgz 0ms (cache hit)
470 http cache set-proto@https://registry.npmjs.org/set-proto/-/set-proto-1.0.0.tgz 0ms (cache hit)
471 http cache set-function-name@https://registry.npmjs.org/set-function-name/-/set-function-name-2.0.2.tgz 0ms (cache hit)
472 http cache sharp@https://registry.npmjs.org/sharp/-/sharp-0.34.5.tgz 0ms (cache hit)
473 http cache set-function-length@https://registry.npmjs.org/set-function-length/-/set-function-length-1.2.2.tgz 0ms (cache hit)
474 http cache scheduler@https://registry.npmjs.org/scheduler/-/scheduler-0.27.0.tgz 0ms (cache hit)
475 http cache semver@https://registry.npmjs.org/semver/-/semver-6.3.1.tgz 0ms (cache hit)
476 http cache safe-regex-test@https://registry.npmjs.org/safe-regex-test/-/safe-regex-test-1.1.0.tgz 0ms (cache hit)
477 http cache safe-push-apply@https://registry.npmjs.org/safe-push-apply/-/safe-push-apply-1.0.0.tgz 0ms (cache hit)
478 http cache reusify@https://registry.npmjs.org/reusify/-/reusify-1.1.0.tgz 0ms (cache hit)
479 http cache safe-array-concat@https://registry.npmjs.org/safe-array-concat/-/safe-array-concat-1.1.4.tgz 0ms (cache hit)
480 http cache run-parallel@https://registry.npmjs.org/run-parallel/-/run-parallel-1.2.0.tgz 0ms (cache hit)
481 http cache resolve-from@https://registry.npmjs.org/resolve-from/-/resolve-from-4.0.0.tgz 0ms (cache hit)
482 http cache regexp.prototype.flags@https://registry.npmjs.org/regexp.prototype.flags/-/regexp.prototype.flags-1.5.4.tgz 0ms (cache hit)
483 http cache resolve@https://registry.npmjs.org/resolve/-/resolve-2.0.0-next.7.tgz 0ms (cache hit)
484 http cache resolve-pkg-maps@https://registry.npmjs.org/resolve-pkg-maps/-/resolve-pkg-maps-1.0.0.tgz 0ms (cache hit)
485 http cache reflect.getprototypeof@https://registry.npmjs.org/reflect.getprototypeof/-/reflect.getprototypeof-1.0.10.tgz 0ms (cache hit)
486 http cache react@https://registry.npmjs.org/react/-/react-19.2.6.tgz 1ms (cache hit)
487 http cache react-is@https://registry.npmjs.org/react-is/-/react-is-16.13.1.tgz 0ms (cache hit)
488 http cache react-dom@https://registry.npmjs.org/react-dom/-/react-dom-19.2.6.tgz 0ms (cache hit)
489 http cache queue-microtask@https://registry.npmjs.org/queue-microtask/-/queue-microtask-1.2.3.tgz 0ms (cache hit)
490 http cache punycode@https://registry.npmjs.org/punycode/-/punycode-2.3.1.tgz 0ms (cache hit)
491 http cache prop-types@https://registry.npmjs.org/prop-types/-/prop-types-15.8.1.tgz 0ms (cache hit)
492 http cache prelude-ls@https://registry.npmjs.org/prelude-ls/-/prelude-ls-1.2.1.tgz 0ms (cache hit)
493 http cache postcss@https://registry.npmjs.org/postcss/-/postcss-8.5.14.tgz 0ms (cache hit)
494 http cache possible-typed-array-names@https://registry.npmjs.org/possible-typed-array-names/-/possible-typed-array-names-1.1.0.tgz 0ms (cache hit)
495 http cache picomatch@https://registry.npmjs.org/picomatch/-/picomatch-2.3.2.tgz 0ms (cache hit)
496 http cache picocolors@https://registry.npmjs.org/picocolors/-/picocolors-1.1.1.tgz 0ms (cache hit)
497 http cache path-key@https://registry.npmjs.org/path-key/-/path-key-3.1.1.tgz 0ms (cache hit)
498 http cache path-parse@https://registry.npmjs.org/path-parse/-/path-parse-1.0.7.tgz 0ms (cache hit)
499 http cache parent-module@https://registry.npmjs.org/parent-module/-/parent-module-1.0.1.tgz 0ms (cache hit)
500 http cache path-exists@https://registry.npmjs.org/path-exists/-/path-exists-4.0.0.tgz 0ms (cache hit)
501 http cache own-keys@https://registry.npmjs.org/own-keys/-/own-keys-1.0.1.tgz 0ms (cache hit)
502 http cache p-limit@https://registry.npmjs.org/p-limit/-/p-limit-3.1.0.tgz 0ms (cache hit)
503 http cache p-locate@https://registry.npmjs.org/p-locate/-/p-locate-5.0.0.tgz 0ms (cache hit)
504 http cache object.groupby@https://registry.npmjs.org/object.groupby/-/object.groupby-1.0.3.tgz 0ms (cache hit)
505 http cache optionator@https://registry.npmjs.org/optionator/-/optionator-0.9.4.tgz 0ms (cache hit)
506 http cache object.fromentries@https://registry.npmjs.org/object.fromentries/-/object.fromentries-2.0.8.tgz 0ms (cache hit)
507 http cache object.values@https://registry.npmjs.org/object.values/-/object.values-1.2.1.tgz 0ms (cache hit)
508 http cache object.entries@https://registry.npmjs.org/object.entries/-/object.entries-1.1.9.tgz 0ms (cache hit)
509 http cache object-keys@https://registry.npmjs.org/object-keys/-/object-keys-1.1.1.tgz 0ms (cache hit)
510 http cache object-inspect@https://registry.npmjs.org/object-inspect/-/object-inspect-1.13.4.tgz 0ms (cache hit)
511 http cache object.assign@https://registry.npmjs.org/object.assign/-/object.assign-4.1.7.tgz 1ms (cache hit)
512 http cache object-assign@https://registry.npmjs.org/object-assign/-/object-assign-4.1.1.tgz 0ms (cache hit)
513 http cache node-releases@https://registry.npmjs.org/node-releases/-/node-releases-2.0.44.tgz 0ms (cache hit)
514 http cache node-exports-info@https://registry.npmjs.org/node-exports-info/-/node-exports-info-1.6.0.tgz 0ms (cache hit)
515 http cache next@https://registry.npmjs.org/next/-/next-16.2.6.tgz 0ms (cache hit)
516 http cache natural-compare@https://registry.npmjs.org/natural-compare/-/natural-compare-1.4.0.tgz 0ms (cache hit)
517 http cache nanoid@https://registry.npmjs.org/nanoid/-/nanoid-3.3.12.tgz 0ms (cache hit)
518 http cache napi-postinstall@https://registry.npmjs.org/napi-postinstall/-/napi-postinstall-0.3.4.tgz 0ms (cache hit)
519 http cache loose-envify@https://registry.npmjs.org/loose-envify/-/loose-envify-1.4.0.tgz 0ms (cache hit)
520 http cache ms@https://registry.npmjs.org/ms/-/ms-2.1.3.tgz 0ms (cache hit)
521 http cache minimist@https://registry.npmjs.org/minimist/-/minimist-1.2.8.tgz 0ms (cache hit)
522 http cache minimatch@https://registry.npmjs.org/minimatch/-/minimatch-3.1.5.tgz 0ms (cache hit)
523 http cache merge2@https://registry.npmjs.org/merge2/-/merge2-1.4.1.tgz 0ms (cache hit)
524 http cache micromatch@https://registry.npmjs.org/micromatch/-/micromatch-4.0.8.tgz 0ms (cache hit)
525 http cache math-intrinsics@https://registry.npmjs.org/math-intrinsics/-/math-intrinsics-1.1.0.tgz 0ms (cache hit)
526 http cache magic-string@https://registry.npmjs.org/magic-string/-/magic-string-0.30.21.tgz 0ms (cache hit)
527 http cache lodash.merge@https://registry.npmjs.org/lodash.merge/-/lodash.merge-4.6.2.tgz 0ms (cache hit)
528 http cache lru-cache@https://registry.npmjs.org/lru-cache/-/lru-cache-5.1.1.tgz 0ms (cache hit)
529 http cache lightningcss-win32-x64-msvc@https://registry.npmjs.org/lightningcss-win32-x64-msvc/-/lightningcss-win32-x64-msvc-1.31.1.tgz 0ms (cache hit)
530 http cache locate-path@https://registry.npmjs.org/locate-path/-/locate-path-6.0.0.tgz 0ms (cache hit)
531 http cache levn@https://registry.npmjs.org/levn/-/levn-0.4.1.tgz 0ms (cache hit)
532 http cache lightningcss@https://registry.npmjs.org/lightningcss/-/lightningcss-1.31.1.tgz 0ms (cache hit)
533 http cache language-tags@https://registry.npmjs.org/language-tags/-/language-tags-1.0.9.tgz 0ms (cache hit)
534 http cache keyv@https://registry.npmjs.org/keyv/-/keyv-4.5.4.tgz 0ms (cache hit)
535 http cache jsx-ast-utils@https://registry.npmjs.org/jsx-ast-utils/-/jsx-ast-utils-3.3.5.tgz 0ms (cache hit)
536 http cache json-schema-traverse@https://registry.npmjs.org/json-schema-traverse/-/json-schema-traverse-0.4.1.tgz 1ms (cache hit)
537 http cache json5@https://registry.npmjs.org/json5/-/json5-2.2.3.tgz 0ms (cache hit)
538 http cache language-subtag-registry@https://registry.npmjs.org/language-subtag-registry/-/language-subtag-registry-0.3.23.tgz 0ms (cache hit)
539 http cache json-stable-stringify-without-jsonify@https://registry.npmjs.org/json-stable-stringify-without-jsonify/-/json-stable-stringify-without-jsonify-1.0.1.tgz 0ms (cache hit)
540 http cache json-buffer@https://registry.npmjs.org/json-buffer/-/json-buffer-3.0.1.tgz 0ms (cache hit)
541 http cache jsesc@https://registry.npmjs.org/jsesc/-/jsesc-3.1.0.tgz 0ms (cache hit)
542 http cache jiti@https://registry.npmjs.org/jiti/-/jiti-2.7.0.tgz 0ms (cache hit)
543 http cache js-yaml@https://registry.npmjs.org/js-yaml/-/js-yaml-4.1.1.tgz 0ms (cache hit)
544 http cache iterator.prototype@https://registry.npmjs.org/iterator.prototype/-/iterator.prototype-1.1.5.tgz 0ms (cache hit)
545 http cache js-tokens@https://registry.npmjs.org/js-tokens/-/js-tokens-4.0.0.tgz 0ms (cache hit)
546 http cache isarray@https://registry.npmjs.org/isarray/-/isarray-2.0.5.tgz 0ms (cache hit)
547 http cache isexe@https://registry.npmjs.org/isexe/-/isexe-2.0.0.tgz 0ms (cache hit)
548 http cache is-weakset@https://registry.npmjs.org/is-weakset/-/is-weakset-2.0.4.tgz 0ms (cache hit)
549 http cache is-weakmap@https://registry.npmjs.org/is-weakmap/-/is-weakmap-2.0.2.tgz 0ms (cache hit)
550 http cache is-weakref@https://registry.npmjs.org/is-weakref/-/is-weakref-1.1.1.tgz 0ms (cache hit)
551 http cache is-string@https://registry.npmjs.org/is-string/-/is-string-1.1.1.tgz 0ms (cache hit)
552 http cache is-symbol@https://registry.npmjs.org/is-symbol/-/is-symbol-1.1.1.tgz 0ms (cache hit)
553 http cache is-set@https://registry.npmjs.org/is-set/-/is-set-2.0.3.tgz 0ms (cache hit)
554 http cache is-regex@https://registry.npmjs.org/is-regex/-/is-regex-1.2.1.tgz 0ms (cache hit)
555 http cache is-shared-array-buffer@https://registry.npmjs.org/is-shared-array-buffer/-/is-shared-array-buffer-1.0.4.tgz 0ms (cache hit)
556 http cache is-number@https://registry.npmjs.org/is-number/-/is-number-7.0.0.tgz 0ms (cache hit)
557 http cache is-number-object@https://registry.npmjs.org/is-number-object/-/is-number-object-1.1.1.tgz 0ms (cache hit)
558 http cache is-glob@https://registry.npmjs.org/is-glob/-/is-glob-4.0.3.tgz 0ms (cache hit)
559 http cache is-map@https://registry.npmjs.org/is-map/-/is-map-2.0.3.tgz 0ms (cache hit)
560 http cache is-negative-zero@https://registry.npmjs.org/is-negative-zero/-/is-negative-zero-2.0.3.tgz 0ms (cache hit)
561 http cache is-generator-function@https://registry.npmjs.org/is-generator-function/-/is-generator-function-1.1.2.tgz 0ms (cache hit)
562 http cache is-finalizationregistry@https://registry.npmjs.org/is-finalizationregistry/-/is-finalizationregistry-1.1.1.tgz 0ms (cache hit)
563 http cache is-extglob@https://registry.npmjs.org/is-extglob/-/is-extglob-2.1.1.tgz 0ms (cache hit)
564 http cache is-typed-array@https://registry.npmjs.org/is-typed-array/-/is-typed-array-1.1.15.tgz 0ms (cache hit)
565 http cache is-date-object@https://registry.npmjs.org/is-date-object/-/is-date-object-1.1.0.tgz 0ms (cache hit)
566 http cache is-data-view@https://registry.npmjs.org/is-data-view/-/is-data-view-1.0.2.tgz 0ms (cache hit)
567 http cache is-boolean-object@https://registry.npmjs.org/is-boolean-object/-/is-boolean-object-1.2.2.tgz 0ms (cache hit)
568 http cache is-core-module@https://registry.npmjs.org/is-core-module/-/is-core-module-2.16.2.tgz 0ms (cache hit)
569 http cache is-callable@https://registry.npmjs.org/is-callable/-/is-callable-1.2.7.tgz 0ms (cache hit)
570 http cache is-async-function@https://registry.npmjs.org/is-async-function/-/is-async-function-2.1.1.tgz 0ms (cache hit)
571 http cache is-bun-module@https://registry.npmjs.org/is-bun-module/-/is-bun-module-2.0.0.tgz 0ms (cache hit)
572 http cache internal-slot@https://registry.npmjs.org/internal-slot/-/internal-slot-1.1.0.tgz 0ms (cache hit)
573 http cache import-fresh@https://registry.npmjs.org/import-fresh/-/import-fresh-3.3.1.tgz 0ms (cache hit)
574 http cache imurmurhash@https://registry.npmjs.org/imurmurhash/-/imurmurhash-0.1.4.tgz 0ms (cache hit)
575 http cache is-array-buffer@https://registry.npmjs.org/is-array-buffer/-/is-array-buffer-3.0.5.tgz 0ms (cache hit)
576 http cache ignore@https://registry.npmjs.org/ignore/-/ignore-5.3.2.tgz 0ms (cache hit)
577 http cache is-bigint@https://registry.npmjs.org/is-bigint/-/is-bigint-1.1.0.tgz 0ms (cache hit)
578 http cache hermes-parser@https://registry.npmjs.org/hermes-parser/-/hermes-parser-0.25.1.tgz 0ms (cache hit)
579 http cache hermes-estree@https://registry.npmjs.org/hermes-estree/-/hermes-estree-0.25.1.tgz 0ms (cache hit)
580 http cache hasown@https://registry.npmjs.org/hasown/-/hasown-2.0.3.tgz 0ms (cache hit)
581 http cache has-symbols@https://registry.npmjs.org/has-symbols/-/has-symbols-1.1.0.tgz 0ms (cache hit)
582 http cache has-tostringtag@https://registry.npmjs.org/has-tostringtag/-/has-tostringtag-1.0.2.tgz 0ms (cache hit)
583 http cache has-property-descriptors@https://registry.npmjs.org/has-property-descriptors/-/has-property-descriptors-1.0.2.tgz 0ms (cache hit)
584 http cache has-proto@https://registry.npmjs.org/has-proto/-/has-proto-1.2.0.tgz 0ms (cache hit)
585 http cache has-flag@https://registry.npmjs.org/has-flag/-/has-flag-4.0.0.tgz 0ms (cache hit)
586 http cache has-bigints@https://registry.npmjs.org/has-bigints/-/has-bigints-1.1.0.tgz 0ms (cache hit)
587 http cache graceful-fs@https://registry.npmjs.org/graceful-fs/-/graceful-fs-4.2.11.tgz 0ms (cache hit)
588 http cache globalthis@https://registry.npmjs.org/globalthis/-/globalthis-1.0.4.tgz 0ms (cache hit)
589 http cache gopd@https://registry.npmjs.org/gopd/-/gopd-1.2.0.tgz 0ms (cache hit)
590 http cache get-tsconfig@https://registry.npmjs.org/get-tsconfig/-/get-tsconfig-4.14.0.tgz 0ms (cache hit)
591 http cache glob-parent@https://registry.npmjs.org/glob-parent/-/glob-parent-6.0.2.tgz 0ms (cache hit)
592 http cache globals@https://registry.npmjs.org/globals/-/globals-14.0.0.tgz 0ms (cache hit)
593 http cache get-symbol-description@https://registry.npmjs.org/get-symbol-description/-/get-symbol-description-1.1.0.tgz 0ms (cache hit)
594 http cache get-proto@https://registry.npmjs.org/get-proto/-/get-proto-1.0.1.tgz 0ms (cache hit)
595 http cache get-intrinsic@https://registry.npmjs.org/get-intrinsic/-/get-intrinsic-1.3.0.tgz 0ms (cache hit)
596 http cache generator-function@https://registry.npmjs.org/generator-function/-/generator-function-2.0.1.tgz 0ms (cache hit)
597 http cache functions-have-names@https://registry.npmjs.org/functions-have-names/-/functions-have-names-1.2.3.tgz 0ms (cache hit)
598 http cache gensync@https://registry.npmjs.org/gensync/-/gensync-1.0.0-beta.2.tgz 0ms (cache hit)
599 http cache function.prototype.name@https://registry.npmjs.org/function.prototype.name/-/function.prototype.name-1.1.8.tgz 0ms (cache hit)
600 http cache for-each@https://registry.npmjs.org/for-each/-/for-each-0.3.5.tgz 0ms (cache hit)
601 http cache function-bind@https://registry.npmjs.org/function-bind/-/function-bind-1.1.2.tgz 0ms (cache hit)
602 http cache fill-range@https://registry.npmjs.org/fill-range/-/fill-range-7.1.1.tgz 0ms (cache hit)
603 http cache flatted@https://registry.npmjs.org/flatted/-/flatted-3.4.2.tgz 0ms (cache hit)
604 http cache find-up@https://registry.npmjs.org/find-up/-/find-up-5.0.0.tgz 0ms (cache hit)
605 http cache file-entry-cache@https://registry.npmjs.org/file-entry-cache/-/file-entry-cache-8.0.0.tgz 0ms (cache hit)
606 http cache flat-cache@https://registry.npmjs.org/flat-cache/-/flat-cache-4.0.1.tgz 0ms (cache hit)
607 http cache fastq@https://registry.npmjs.org/fastq/-/fastq-1.20.1.tgz 0ms (cache hit)
608 http cache fast-levenshtein@https://registry.npmjs.org/fast-levenshtein/-/fast-levenshtein-2.0.6.tgz 0ms (cache hit)
609 http cache fast-json-stable-stringify@https://registry.npmjs.org/fast-json-stable-stringify/-/fast-json-stable-stringify-2.1.0.tgz 0ms (cache hit)
610 http cache fast-glob@https://registry.npmjs.org/fast-glob/-/fast-glob-3.3.1.tgz 0ms (cache hit)
611 http cache estraverse@https://registry.npmjs.org/estraverse/-/estraverse-5.3.0.tgz 0ms (cache hit)
612 http cache fast-deep-equal@https://registry.npmjs.org/fast-deep-equal/-/fast-deep-equal-3.1.3.tgz 0ms (cache hit)
613 http cache esutils@https://registry.npmjs.org/esutils/-/esutils-2.0.3.tgz 0ms (cache hit)
614 http cache esrecurse@https://registry.npmjs.org/esrecurse/-/esrecurse-4.3.0.tgz 0ms (cache hit)
615 http cache espree@https://registry.npmjs.org/espree/-/espree-10.4.0.tgz 0ms (cache hit)
616 http cache eslint-visitor-keys@https://registry.npmjs.org/eslint-visitor-keys/-/eslint-visitor-keys-4.2.1.tgz 0ms (cache hit)
617 http cache esquery@https://registry.npmjs.org/esquery/-/esquery-1.7.0.tgz 0ms (cache hit)
618 http cache eslint-scope@https://registry.npmjs.org/eslint-scope/-/eslint-scope-8.4.0.tgz 0ms (cache hit)
619 http cache eslint-plugin-react-hooks@https://registry.npmjs.org/eslint-plugin-react-hooks/-/eslint-plugin-react-hooks-7.1.1.tgz 0ms (cache hit)
620 http cache eslint-plugin-react@https://registry.npmjs.org/eslint-plugin-react/-/eslint-plugin-react-7.37.5.tgz 0ms (cache hit)
621 http cache eslint-module-utils@https://registry.npmjs.org/eslint-module-utils/-/eslint-module-utils-2.12.1.tgz 0ms (cache hit)
622 http cache eslint-plugin-jsx-a11y@https://registry.npmjs.org/eslint-plugin-jsx-a11y/-/eslint-plugin-jsx-a11y-6.10.2.tgz 0ms (cache hit)
623 http cache eslint-plugin-import@https://registry.npmjs.org/eslint-plugin-import/-/eslint-plugin-import-2.32.0.tgz 0ms (cache hit)
624 http cache eslint-import-resolver-typescript@https://registry.npmjs.org/eslint-import-resolver-typescript/-/eslint-import-resolver-typescript-3.10.1.tgz 0ms (cache hit)
625 http cache eslint-import-resolver-node@https://registry.npmjs.org/eslint-import-resolver-node/-/eslint-import-resolver-node-0.3.10.tgz 0ms (cache hit)
626 http cache eslint-config-next@https://registry.npmjs.org/eslint-config-next/-/eslint-config-next-16.2.6.tgz 0ms (cache hit)
627 http cache escalade@https://registry.npmjs.org/escalade/-/escalade-3.2.0.tgz 0ms (cache hit)
628 http cache escape-string-regexp@https://registry.npmjs.org/escape-string-regexp/-/escape-string-regexp-4.0.0.tgz 0ms (cache hit)
629 http cache es-set-tostringtag@https://registry.npmjs.org/es-set-tostringtag/-/es-set-tostringtag-2.1.0.tgz 0ms (cache hit)
630 http cache es-to-primitive@https://registry.npmjs.org/es-to-primitive/-/es-to-primitive-1.3.0.tgz 0ms (cache hit)
631 http cache eslint@https://registry.npmjs.org/eslint/-/eslint-9.39.4.tgz 0ms (cache hit)
632 http cache es-shim-unscopables@https://registry.npmjs.org/es-shim-unscopables/-/es-shim-unscopables-1.1.0.tgz 0ms (cache hit)
633 http cache es-object-atoms@https://registry.npmjs.org/es-object-atoms/-/es-object-atoms-1.1.1.tgz 0ms (cache hit)
634 http cache es-define-property@https://registry.npmjs.org/es-define-property/-/es-define-property-1.0.1.tgz 0ms (cache hit)
635 http cache es-iterator-helpers@https://registry.npmjs.org/es-iterator-helpers/-/es-iterator-helpers-1.3.2.tgz 0ms (cache hit)
636 http cache es-errors@https://registry.npmjs.org/es-errors/-/es-errors-1.3.0.tgz 0ms (cache hit)
637 http cache es-abstract@https://registry.npmjs.org/es-abstract/-/es-abstract-1.24.2.tgz 0ms (cache hit)
638 http cache enhanced-resolve@https://registry.npmjs.org/enhanced-resolve/-/enhanced-resolve-5.21.3.tgz 0ms (cache hit)
639 http cache emoji-regex@https://registry.npmjs.org/emoji-regex/-/emoji-regex-9.2.2.tgz 0ms (cache hit)
640 http cache electron-to-chromium@https://registry.npmjs.org/electron-to-chromium/-/electron-to-chromium-1.5.358.tgz 0ms (cache hit)
641 http cache dunder-proto@https://registry.npmjs.org/dunder-proto/-/dunder-proto-1.0.1.tgz 0ms (cache hit)
642 http cache detect-libc@https://registry.npmjs.org/detect-libc/-/detect-libc-2.1.2.tgz 0ms (cache hit)
643 http cache doctrine@https://registry.npmjs.org/doctrine/-/doctrine-2.1.0.tgz 0ms (cache hit)
644 http cache define-properties@https://registry.npmjs.org/define-properties/-/define-properties-1.2.1.tgz 0ms (cache hit)
645 http cache define-data-property@https://registry.npmjs.org/define-data-property/-/define-data-property-1.1.4.tgz 0ms (cache hit)
646 http cache data-view-byte-offset@https://registry.npmjs.org/data-view-byte-offset/-/data-view-byte-offset-1.0.1.tgz 0ms (cache hit)
647 http cache deep-is@https://registry.npmjs.org/deep-is/-/deep-is-0.1.4.tgz 0ms (cache hit)
648 http cache debug@https://registry.npmjs.org/debug/-/debug-4.4.3.tgz 0ms (cache hit)
649 http cache data-view-byte-length@https://registry.npmjs.org/data-view-byte-length/-/data-view-byte-length-1.0.2.tgz 0ms (cache hit)
650 http cache data-view-buffer@https://registry.npmjs.org/data-view-buffer/-/data-view-buffer-1.0.2.tgz 0ms (cache hit)
651 http cache damerau-levenshtein@https://registry.npmjs.org/damerau-levenshtein/-/damerau-levenshtein-1.0.8.tgz 0ms (cache hit)
652 http cache csstype@https://registry.npmjs.org/csstype/-/csstype-3.2.3.tgz 0ms (cache hit)
653 http cache color-convert@https://registry.npmjs.org/color-convert/-/color-convert-2.0.1.tgz 0ms (cache hit)
654 http cache cross-spawn@https://registry.npmjs.org/cross-spawn/-/cross-spawn-7.0.6.tgz 0ms (cache hit)
655 http cache color-name@https://registry.npmjs.org/color-name/-/color-name-1.1.4.tgz 0ms (cache hit)
656 http cache convert-source-map@https://registry.npmjs.org/convert-source-map/-/convert-source-map-2.0.0.tgz 0ms (cache hit)
657 http cache caniuse-lite@https://registry.npmjs.org/caniuse-lite/-/caniuse-lite-1.0.30001793.tgz 0ms (cache hit)
658 http cache concat-map@https://registry.npmjs.org/concat-map/-/concat-map-0.0.1.tgz 0ms (cache hit)
659 http cache client-only@https://registry.npmjs.org/client-only/-/client-only-0.0.1.tgz 0ms (cache hit)
660 http cache callsites@https://registry.npmjs.org/callsites/-/callsites-3.1.0.tgz 0ms (cache hit)
661 http cache call-bind-apply-helpers@https://registry.npmjs.org/call-bind-apply-helpers/-/call-bind-apply-helpers-1.0.2.tgz 1ms (cache hit)
662 http cache chalk@https://registry.npmjs.org/chalk/-/chalk-4.1.2.tgz 0ms (cache hit)
663 http cache browserslist@https://registry.npmjs.org/browserslist/-/browserslist-4.28.2.tgz 0ms (cache hit)
664 http cache call-bind@https://registry.npmjs.org/call-bind/-/call-bind-1.0.9.tgz 0ms (cache hit)
665 http cache call-bound@https://registry.npmjs.org/call-bound/-/call-bound-1.0.4.tgz 0ms (cache hit)
666 http cache baseline-browser-mapping@https://registry.npmjs.org/baseline-browser-mapping/-/baseline-browser-mapping-2.10.30.tgz 0ms (cache hit)
667 http cache braces@https://registry.npmjs.org/braces/-/braces-3.0.3.tgz 0ms (cache hit)
668 http cache brace-expansion@https://registry.npmjs.org/brace-expansion/-/brace-expansion-1.1.14.tgz 0ms (cache hit)
669 http cache axobject-query@https://registry.npmjs.org/axobject-query/-/axobject-query-4.1.0.tgz 0ms (cache hit)
670 http cache balanced-match@https://registry.npmjs.org/balanced-match/-/balanced-match-1.0.2.tgz 0ms (cache hit)
671 http cache available-typed-arrays@https://registry.npmjs.org/available-typed-arrays/-/available-typed-arrays-1.0.7.tgz 0ms (cache hit)
672 http cache axe-core@https://registry.npmjs.org/axe-core/-/axe-core-4.11.4.tgz 0ms (cache hit)
673 http cache ast-types-flow@https://registry.npmjs.org/ast-types-flow/-/ast-types-flow-0.0.8.tgz 0ms (cache hit)
674 http cache arraybuffer.prototype.slice@https://registry.npmjs.org/arraybuffer.prototype.slice/-/arraybuffer.prototype.slice-1.0.4.tgz 0ms (cache hit)
675 http cache async-function@https://registry.npmjs.org/async-function/-/async-function-1.0.0.tgz 0ms (cache hit)
676 http cache array.prototype.tosorted@https://registry.npmjs.org/array.prototype.tosorted/-/array.prototype.tosorted-1.1.4.tgz 0ms (cache hit)
677 http cache array.prototype.flatmap@https://registry.npmjs.org/array.prototype.flatmap/-/array.prototype.flatmap-1.3.3.tgz 0ms (cache hit)
678 http cache array.prototype.flat@https://registry.npmjs.org/array.prototype.flat/-/array.prototype.flat-1.3.3.tgz 0ms (cache hit)
679 http cache array-buffer-byte-length@https://registry.npmjs.org/array-buffer-byte-length/-/array-buffer-byte-length-1.0.2.tgz 0ms (cache hit)
680 http cache array.prototype.findlastindex@https://registry.npmjs.org/array.prototype.findlastindex/-/array.prototype.findlastindex-1.2.6.tgz 0ms (cache hit)
681 http cache array.prototype.findlast@https://registry.npmjs.org/array.prototype.findlast/-/array.prototype.findlast-1.2.5.tgz 1ms (cache hit)
682 http cache aria-query@https://registry.npmjs.org/aria-query/-/aria-query-5.3.2.tgz 0ms (cache hit)
683 http cache array-includes@https://registry.npmjs.org/array-includes/-/array-includes-3.1.9.tgz 0ms (cache hit)
684 http cache ansi-styles@https://registry.npmjs.org/ansi-styles/-/ansi-styles-4.3.0.tgz 0ms (cache hit)
685 http cache argparse@https://registry.npmjs.org/argparse/-/argparse-2.0.1.tgz 0ms (cache hit)
686 http cache ajv@https://registry.npmjs.org/ajv/-/ajv-6.15.0.tgz 1ms (cache hit)
687 http cache eslint-visitor-keys@https://registry.npmjs.org/eslint-visitor-keys/-/eslint-visitor-keys-5.0.1.tgz 0ms (cache hit)
688 http cache semver@https://registry.npmjs.org/semver/-/semver-7.8.0.tgz 0ms (cache hit)
689 http cache acorn-jsx@https://registry.npmjs.org/acorn-jsx/-/acorn-jsx-5.3.2.tgz 0ms (cache hit)
690 http cache minimatch@https://registry.npmjs.org/minimatch/-/minimatch-10.2.5.tgz 0ms (cache hit)
691 http cache acorn@https://registry.npmjs.org/acorn/-/acorn-8.16.0.tgz 0ms (cache hit)
692 http cache ignore@https://registry.npmjs.org/ignore/-/ignore-7.0.5.tgz 0ms (cache hit)
693 http cache brace-expansion@https://registry.npmjs.org/brace-expansion/-/brace-expansion-5.0.6.tgz 0ms (cache hit)
694 http cache picomatch@https://registry.npmjs.org/picomatch/-/picomatch-4.0.4.tgz 0ms (cache hit)
695 http cache balanced-match@https://registry.npmjs.org/balanced-match/-/balanced-match-4.0.4.tgz 0ms (cache hit)
696 http cache json5@https://registry.npmjs.org/json5/-/json5-1.0.2.tgz 0ms (cache hit)
697 http cache fdir@https://registry.npmjs.org/fdir/-/fdir-6.5.0.tgz 0ms (cache hit)
698 http cache postcss@https://registry.npmjs.org/postcss/-/postcss-8.4.31.tgz 0ms (cache hit)
699 http cache semver@https://registry.npmjs.org/semver/-/semver-7.8.0.tgz 0ms (cache hit)
700 http cache debug@https://registry.npmjs.org/debug/-/debug-3.2.7.tgz 0ms (cache hit)
701 http cache semver@https://registry.npmjs.org/semver/-/semver-7.8.0.tgz 0ms (cache hit)
702 http cache eslint-visitor-keys@https://registry.npmjs.org/eslint-visitor-keys/-/eslint-visitor-keys-3.4.3.tgz 0ms (cache hit)
703 http cache debug@https://registry.npmjs.org/debug/-/debug-3.2.7.tgz 0ms (cache hit)
704 silly tarball no local data for @unrs/resolver-binding-win32-x64-msvc@https://registry.npmjs.org/@unrs/resolver-binding-win32-x64-msvc/-/resolver-binding-win32-x64-msvc-1.11.1.tgz. Extracting by manifest.
705 silly tarball no local data for @typescript-eslint/visitor-keys@https://registry.npmjs.org/@typescript-eslint/visitor-keys/-/visitor-keys-8.59.3.tgz. Extracting by manifest.
706 silly tarball no local data for @typescript-eslint/utils@https://registry.npmjs.org/@typescript-eslint/utils/-/utils-8.59.3.tgz. Extracting by manifest.
707 silly tarball no local data for @typescript-eslint/typescript-estree@https://registry.npmjs.org/@typescript-eslint/typescript-estree/-/typescript-estree-8.59.3.tgz. Extracting by manifest.
708 silly tarball no local data for @typescript-eslint/types@https://registry.npmjs.org/@typescript-eslint/types/-/types-8.59.3.tgz. Extracting by manifest.
709 silly tarball no local data for @typescript-eslint/type-utils@https://registry.npmjs.org/@typescript-eslint/type-utils/-/type-utils-8.59.3.tgz. Extracting by manifest.
710 silly tarball no local data for @typescript-eslint/tsconfig-utils@https://registry.npmjs.org/@typescript-eslint/tsconfig-utils/-/tsconfig-utils-8.59.3.tgz. Extracting by manifest.
711 silly tarball no local data for @typescript-eslint/scope-manager@https://registry.npmjs.org/@typescript-eslint/scope-manager/-/scope-manager-8.59.3.tgz. Extracting by manifest.
712 silly tarball no local data for @typescript-eslint/project-service@https://registry.npmjs.org/@typescript-eslint/project-service/-/project-service-8.59.3.tgz. Extracting by manifest.
713 silly tarball no local data for @typescript-eslint/eslint-plugin@https://registry.npmjs.org/@typescript-eslint/eslint-plugin/-/eslint-plugin-8.59.3.tgz. Extracting by manifest.
714 silly tarball no local data for @typescript-eslint/parser@https://registry.npmjs.org/@typescript-eslint/parser/-/parser-8.59.3.tgz. Extracting by manifest.
715 http cache globals@https://registry.npmjs.org/globals/-/globals-16.4.0.tgz 0ms (cache hit)
716 silly tarball no local data for @types/react-dom@https://registry.npmjs.org/@types/react-dom/-/react-dom-19.2.3.tgz. Extracting by manifest.
717 silly tarball no local data for @types/json5@https://registry.npmjs.org/@types/json5/-/json5-0.0.29.tgz. Extracting by manifest.
718 silly tarball no local data for @types/react@https://registry.npmjs.org/@types/react/-/react-19.2.14.tgz. Extracting by manifest.
719 silly tarball no local data for @types/node@https://registry.npmjs.org/@types/node/-/node-22.19.19.tgz. Extracting by manifest.
720 silly tarball no local data for @types/json-schema@https://registry.npmjs.org/@types/json-schema/-/json-schema-7.0.15.tgz. Extracting by manifest.
721 silly tarball no local data for @types/estree@https://registry.npmjs.org/@types/estree/-/estree-1.0.9.tgz. Extracting by manifest.
722 silly tarball no local data for @tailwindcss/postcss@https://registry.npmjs.org/@tailwindcss/postcss/-/postcss-4.2.1.tgz. Extracting by manifest.
723 silly tarball no local data for @tailwindcss/oxide-win32-x64-msvc@https://registry.npmjs.org/@tailwindcss/oxide-win32-x64-msvc/-/oxide-win32-x64-msvc-4.2.1.tgz. Extracting by manifest.
724 silly tarball no local data for @tailwindcss/node@https://registry.npmjs.org/@tailwindcss/node/-/node-4.2.1.tgz. Extracting by manifest.
725 silly tarball no local data for @swc/helpers@https://registry.npmjs.org/@swc/helpers/-/helpers-0.5.15.tgz. Extracting by manifest.
726 silly tarball no local data for @tailwindcss/oxide@https://registry.npmjs.org/@tailwindcss/oxide/-/oxide-4.2.1.tgz. Extracting by manifest.
727 silly tarball no local data for @rtsao/scc@https://registry.npmjs.org/@rtsao/scc/-/scc-1.1.0.tgz. Extracting by manifest.
728 silly tarball no local data for @nodelib/fs.stat@https://registry.npmjs.org/@nodelib/fs.stat/-/fs.stat-2.0.5.tgz. Extracting by manifest.
729 silly tarball no local data for @nolyfill/is-core-module@https://registry.npmjs.org/@nolyfill/is-core-module/-/is-core-module-1.0.39.tgz. Extracting by manifest.
730 silly tarball no local data for @nodelib/fs.walk@https://registry.npmjs.org/@nodelib/fs.walk/-/fs.walk-1.2.8.tgz. Extracting by manifest.
731 silly tarball no local data for @nodelib/fs.scandir@https://registry.npmjs.org/@nodelib/fs.scandir/-/fs.scandir-2.1.5.tgz. Extracting by manifest.
732 silly tarball no local data for @jridgewell/trace-mapping@https://registry.npmjs.org/@jridgewell/trace-mapping/-/trace-mapping-0.3.31.tgz. Extracting by manifest.
733 silly tarball no local data for @jridgewell/sourcemap-codec@https://registry.npmjs.org/@jridgewell/sourcemap-codec/-/sourcemap-codec-1.5.5.tgz. Extracting by manifest.
734 silly tarball no local data for @jridgewell/resolve-uri@https://registry.npmjs.org/@jridgewell/resolve-uri/-/resolve-uri-3.1.2.tgz. Extracting by manifest.
735 silly tarball no local data for @jridgewell/remapping@https://registry.npmjs.org/@jridgewell/remapping/-/remapping-2.3.5.tgz. Extracting by manifest.
736 silly tarball no local data for @jridgewell/gen-mapping@https://registry.npmjs.org/@jridgewell/gen-mapping/-/gen-mapping-0.3.13.tgz. Extracting by manifest.
737 silly tarball no local data for @img/sharp-win32-x64@https://registry.npmjs.org/@img/sharp-win32-x64/-/sharp-win32-x64-0.34.5.tgz. Extracting by manifest.
738 silly tarball no local data for @next/eslint-plugin-next@https://registry.npmjs.org/@next/eslint-plugin-next/-/eslint-plugin-next-16.2.6.tgz. Extracting by manifest.
739 silly tarball no local data for @next/swc-win32-x64-msvc@https://registry.npmjs.org/@next/swc-win32-x64-msvc/-/swc-win32-x64-msvc-16.2.6.tgz. Extracting by manifest.
740 silly tarball no local data for @next/env@https://registry.npmjs.org/@next/env/-/env-16.2.6.tgz. Extracting by manifest.
741 silly tarball no local data for @img/colour@https://registry.npmjs.org/@img/colour/-/colour-1.1.0.tgz. Extracting by manifest.
742 http cache debug@https://registry.npmjs.org/debug/-/debug-3.2.7.tgz 0ms (cache hit)
743 silly tarball no local data for @humanwhocodes/retry@https://registry.npmjs.org/@humanwhocodes/retry/-/retry-0.4.3.tgz. Extracting by manifest.
744 silly tarball no local data for @humanfs/types@https://registry.npmjs.org/@humanfs/types/-/types-0.15.0.tgz. Extracting by manifest.
745 silly tarball no local data for @humanfs/core@https://registry.npmjs.org/@humanfs/core/-/core-0.19.2.tgz. Extracting by manifest.
746 silly tarball no local data for @humanfs/node@https://registry.npmjs.org/@humanfs/node/-/node-0.16.8.tgz. Extracting by manifest.
747 silly tarball no local data for @humanwhocodes/module-importer@https://registry.npmjs.org/@humanwhocodes/module-importer/-/module-importer-1.0.1.tgz. Extracting by manifest.
748 silly tarball no local data for @eslint-community/regexpp@https://registry.npmjs.org/@eslint-community/regexpp/-/regexpp-4.12.2.tgz. Extracting by manifest.
749 silly tarball no local data for @eslint/plugin-kit@https://registry.npmjs.org/@eslint/plugin-kit/-/plugin-kit-0.4.1.tgz. Extracting by manifest.
750 silly tarball no local data for @eslint-community/eslint-utils@https://registry.npmjs.org/@eslint-community/eslint-utils/-/eslint-utils-4.9.1.tgz. Extracting by manifest.
751 silly tarball no local data for @eslint/object-schema@https://registry.npmjs.org/@eslint/object-schema/-/object-schema-2.1.7.tgz. Extracting by manifest.
752 silly tarball no local data for @eslint/eslintrc@https://registry.npmjs.org/@eslint/eslintrc/-/eslintrc-3.3.5.tgz. Extracting by manifest.
753 silly tarball no local data for @eslint/js@https://registry.npmjs.org/@eslint/js/-/js-9.39.4.tgz. Extracting by manifest.
754 silly tarball no local data for @eslint/core@https://registry.npmjs.org/@eslint/core/-/core-0.17.0.tgz. Extracting by manifest.
755 silly tarball no local data for @eslint/config-helpers@https://registry.npmjs.org/@eslint/config-helpers/-/config-helpers-0.4.2.tgz. Extracting by manifest.
756 silly tarball no local data for @babel/types@https://registry.npmjs.org/@babel/types/-/types-7.29.0.tgz. Extracting by manifest.
757 silly tarball no local data for @eslint/config-array@https://registry.npmjs.org/@eslint/config-array/-/config-array-0.21.2.tgz. Extracting by manifest.
758 silly tarball no local data for @babel/traverse@https://registry.npmjs.org/@babel/traverse/-/traverse-7.29.0.tgz. Extracting by manifest.
759 silly tarball no local data for @babel/template@https://registry.npmjs.org/@babel/template/-/template-7.28.6.tgz. Extracting by manifest.
760 silly tarball no local data for @babel/parser@https://registry.npmjs.org/@babel/parser/-/parser-7.29.3.tgz. Extracting by manifest.
761 silly tarball no local data for @babel/helpers@https://registry.npmjs.org/@babel/helpers/-/helpers-7.29.2.tgz. Extracting by manifest.
762 silly tarball no local data for @babel/helper-validator-option@https://registry.npmjs.org/@babel/helper-validator-option/-/helper-validator-option-7.27.1.tgz. Extracting by manifest.
763 silly tarball no local data for @babel/helper-validator-identifier@https://registry.npmjs.org/@babel/helper-validator-identifier/-/helper-validator-identifier-7.28.5.tgz. Extracting by manifest.
764 silly tarball no local data for @babel/helper-module-transforms@https://registry.npmjs.org/@babel/helper-module-transforms/-/helper-module-transforms-7.28.6.tgz. Extracting by manifest.
765 silly tarball no local data for @babel/helper-string-parser@https://registry.npmjs.org/@babel/helper-string-parser/-/helper-string-parser-7.27.1.tgz. Extracting by manifest.
766 silly tarball no local data for @babel/helper-globals@https://registry.npmjs.org/@babel/helper-globals/-/helper-globals-7.28.0.tgz. Extracting by manifest.
767 silly tarball no local data for @babel/helper-module-imports@https://registry.npmjs.org/@babel/helper-module-imports/-/helper-module-imports-7.28.6.tgz. Extracting by manifest.
768 silly tarball no local data for @babel/helper-compilation-targets@https://registry.npmjs.org/@babel/helper-compilation-targets/-/helper-compilation-targets-7.28.6.tgz. Extracting by manifest.
769 silly tarball no local data for @babel/generator@https://registry.npmjs.org/@babel/generator/-/generator-7.29.1.tgz. Extracting by manifest.
770 silly tarball no local data for @babel/compat-data@https://registry.npmjs.org/@babel/compat-data/-/compat-data-7.29.3.tgz. Extracting by manifest.
771 silly tarball no local data for @babel/code-frame@https://registry.npmjs.org/@babel/code-frame/-/code-frame-7.29.0.tgz. Extracting by manifest.
772 silly tarball no local data for @babel/core@https://registry.npmjs.org/@babel/core/-/core-7.29.0.tgz. Extracting by manifest.
773 silly tarball no local data for @alloc/quick-lru@https://registry.npmjs.org/@alloc/quick-lru/-/quick-lru-5.2.0.tgz. Extracting by manifest.
774 silly tarball no local data for zod@https://registry.npmjs.org/zod/-/zod-4.4.3.tgz. Extracting by manifest.
775 silly tarball no local data for yallist@https://registry.npmjs.org/yallist/-/yallist-3.1.1.tgz. Extracting by manifest.
776 silly tarball no local data for zod-validation-error@https://registry.npmjs.org/zod-validation-error/-/zod-validation-error-4.0.2.tgz. Extracting by manifest.
777 silly tarball no local data for yocto-queue@https://registry.npmjs.org/yocto-queue/-/yocto-queue-0.1.0.tgz. Extracting by manifest.
778 silly tarball no local data for word-wrap@https://registry.npmjs.org/word-wrap/-/word-wrap-1.2.5.tgz. Extracting by manifest.
779 silly tarball no local data for which-builtin-type@https://registry.npmjs.org/which-builtin-type/-/which-builtin-type-1.2.1.tgz. Extracting by manifest.
780 silly tarball no local data for which-typed-array@https://registry.npmjs.org/which-typed-array/-/which-typed-array-1.1.20.tgz. Extracting by manifest.
781 silly tarball no local data for which-collection@https://registry.npmjs.org/which-collection/-/which-collection-1.0.2.tgz. Extracting by manifest.
782 silly tarball no local data for which@https://registry.npmjs.org/which/-/which-2.0.2.tgz. Extracting by manifest.
783 silly tarball no local data for uri-js@https://registry.npmjs.org/uri-js/-/uri-js-4.4.1.tgz. Extracting by manifest.
784 silly tarball no local data for undici-types@https://registry.npmjs.org/undici-types/-/undici-types-6.21.0.tgz. Extracting by manifest.
785 silly tarball no local data for update-browserslist-db@https://registry.npmjs.org/update-browserslist-db/-/update-browserslist-db-1.2.3.tgz. Extracting by manifest.
786 silly tarball no local data for unrs-resolver@https://registry.npmjs.org/unrs-resolver/-/unrs-resolver-1.11.1.tgz. Extracting by manifest.
787 silly tarball no local data for typescript-eslint@https://registry.npmjs.org/typescript-eslint/-/typescript-eslint-8.59.3.tgz. Extracting by manifest.
788 silly tarball no local data for which-boxed-primitive@https://registry.npmjs.org/which-boxed-primitive/-/which-boxed-primitive-1.1.1.tgz. Extracting by manifest.
789 silly tarball no local data for typed-array-byte-offset@https://registry.npmjs.org/typed-array-byte-offset/-/typed-array-byte-offset-1.0.4.tgz. Extracting by manifest.
790 silly tarball no local data for unbox-primitive@https://registry.npmjs.org/unbox-primitive/-/unbox-primitive-1.1.0.tgz. Extracting by manifest.
791 silly tarball no local data for typescript@https://registry.npmjs.org/typescript/-/typescript-5.9.3.tgz. Extracting by manifest.
792 silly tarball no local data for typed-array-buffer@https://registry.npmjs.org/typed-array-buffer/-/typed-array-buffer-1.0.3.tgz. Extracting by manifest.
793 silly tarball no local data for typed-array-length@https://registry.npmjs.org/typed-array-length/-/typed-array-length-1.0.7.tgz. Extracting by manifest.
794 silly tarball no local data for type-check@https://registry.npmjs.org/type-check/-/type-check-0.4.0.tgz. Extracting by manifest.
795 silly tarball no local data for tslib@https://registry.npmjs.org/tslib/-/tslib-2.8.1.tgz. Extracting by manifest.
796 silly tarball no local data for typed-array-byte-length@https://registry.npmjs.org/typed-array-byte-length/-/typed-array-byte-length-1.0.3.tgz. Extracting by manifest.
797 silly tarball no local data for tsconfig-paths@https://registry.npmjs.org/tsconfig-paths/-/tsconfig-paths-3.15.0.tgz. Extracting by manifest.
798 silly tarball no local data for ts-api-utils@https://registry.npmjs.org/ts-api-utils/-/ts-api-utils-2.5.0.tgz. Extracting by manifest.
799 silly tarball no local data for to-regex-range@https://registry.npmjs.org/to-regex-range/-/to-regex-range-5.0.1.tgz. Extracting by manifest.
800 silly tarball no local data for tinyglobby@https://registry.npmjs.org/tinyglobby/-/tinyglobby-0.2.16.tgz. Extracting by manifest.
801 silly tarball no local data for supports-preserve-symlinks-flag@https://registry.npmjs.org/supports-preserve-symlinks-flag/-/supports-preserve-symlinks-flag-1.0.0.tgz. Extracting by manifest.
802 silly tarball no local data for tapable@https://registry.npmjs.org/tapable/-/tapable-2.3.3.tgz. Extracting by manifest.
803 silly tarball no local data for tailwindcss@https://registry.npmjs.org/tailwindcss/-/tailwindcss-4.2.1.tgz. Extracting by manifest.
804 silly tarball no local data for strip-json-comments@https://registry.npmjs.org/strip-json-comments/-/strip-json-comments-3.1.1.tgz. Extracting by manifest.
805 silly tarball no local data for supports-color@https://registry.npmjs.org/supports-color/-/supports-color-7.2.0.tgz. Extracting by manifest.
806 silly tarball no local data for strip-bom@https://registry.npmjs.org/strip-bom/-/strip-bom-3.0.0.tgz. Extracting by manifest.
807 silly tarball no local data for styled-jsx@https://registry.npmjs.org/styled-jsx/-/styled-jsx-5.1.6.tgz. Extracting by manifest.
808 silly tarball no local data for string.prototype.trim@https://registry.npmjs.org/string.prototype.trim/-/string.prototype.trim-1.2.10.tgz. Extracting by manifest.
809 silly tarball no local data for string.prototype.trimstart@https://registry.npmjs.org/string.prototype.trimstart/-/string.prototype.trimstart-1.0.8.tgz. Extracting by manifest.
810 silly tarball no local data for string.prototype.repeat@https://registry.npmjs.org/string.prototype.repeat/-/string.prototype.repeat-1.0.0.tgz. Extracting by manifest.
811 silly tarball no local data for string.prototype.trimend@https://registry.npmjs.org/string.prototype.trimend/-/string.prototype.trimend-1.0.9.tgz. Extracting by manifest.
812 silly tarball no local data for string.prototype.matchall@https://registry.npmjs.org/string.prototype.matchall/-/string.prototype.matchall-4.0.12.tgz. Extracting by manifest.
813 silly tarball no local data for string.prototype.includes@https://registry.npmjs.org/string.prototype.includes/-/string.prototype.includes-2.0.1.tgz. Extracting by manifest.
814 silly tarball no local data for stop-iteration-iterator@https://registry.npmjs.org/stop-iteration-iterator/-/stop-iteration-iterator-1.1.0.tgz. Extracting by manifest.
815 silly tarball no local data for source-map-js@https://registry.npmjs.org/source-map-js/-/source-map-js-1.2.1.tgz. Extracting by manifest.
816 silly tarball no local data for stable-hash@https://registry.npmjs.org/stable-hash/-/stable-hash-0.0.5.tgz. Extracting by manifest.
817 silly tarball no local data for side-channel-map@https://registry.npmjs.org/side-channel-map/-/side-channel-map-1.0.1.tgz. Extracting by manifest.
818 silly tarball no local data for side-channel-weakmap@https://registry.npmjs.org/side-channel-weakmap/-/side-channel-weakmap-1.0.2.tgz. Extracting by manifest.
819 silly tarball no local data for shebang-regex@https://registry.npmjs.org/shebang-regex/-/shebang-regex-3.0.0.tgz. Extracting by manifest.
820 silly tarball no local data for side-channel-list@https://registry.npmjs.org/side-channel-list/-/side-channel-list-1.0.1.tgz. Extracting by manifest.
821 silly tarball no local data for shebang-command@https://registry.npmjs.org/shebang-command/-/shebang-command-2.0.0.tgz. Extracting by manifest.
822 silly tarball no local data for side-channel@https://registry.npmjs.org/side-channel/-/side-channel-1.1.0.tgz. Extracting by manifest.
823 silly tarball no local data for set-proto@https://registry.npmjs.org/set-proto/-/set-proto-1.0.0.tgz. Extracting by manifest.
824 silly tarball no local data for set-function-name@https://registry.npmjs.org/set-function-name/-/set-function-name-2.0.2.tgz. Extracting by manifest.
825 silly tarball no local data for sharp@https://registry.npmjs.org/sharp/-/sharp-0.34.5.tgz. Extracting by manifest.
826 silly tarball no local data for set-function-length@https://registry.npmjs.org/set-function-length/-/set-function-length-1.2.2.tgz. Extracting by manifest.
827 silly tarball no local data for scheduler@https://registry.npmjs.org/scheduler/-/scheduler-0.27.0.tgz. Extracting by manifest.
828 silly tarball no local data for semver@https://registry.npmjs.org/semver/-/semver-6.3.1.tgz. Extracting by manifest.
829 silly tarball no local data for safe-regex-test@https://registry.npmjs.org/safe-regex-test/-/safe-regex-test-1.1.0.tgz. Extracting by manifest.
830 silly tarball no local data for safe-push-apply@https://registry.npmjs.org/safe-push-apply/-/safe-push-apply-1.0.0.tgz. Extracting by manifest.
831 silly tarball no local data for reusify@https://registry.npmjs.org/reusify/-/reusify-1.1.0.tgz. Extracting by manifest.
832 silly tarball no local data for safe-array-concat@https://registry.npmjs.org/safe-array-concat/-/safe-array-concat-1.1.4.tgz. Extracting by manifest.
833 silly tarball no local data for run-parallel@https://registry.npmjs.org/run-parallel/-/run-parallel-1.2.0.tgz. Extracting by manifest.
834 silly tarball no local data for resolve-from@https://registry.npmjs.org/resolve-from/-/resolve-from-4.0.0.tgz. Extracting by manifest.
835 silly tarball no local data for regexp.prototype.flags@https://registry.npmjs.org/regexp.prototype.flags/-/regexp.prototype.flags-1.5.4.tgz. Extracting by manifest.
836 silly tarball no local data for resolve@https://registry.npmjs.org/resolve/-/resolve-2.0.0-next.7.tgz. Extracting by manifest.
837 silly tarball no local data for resolve-pkg-maps@https://registry.npmjs.org/resolve-pkg-maps/-/resolve-pkg-maps-1.0.0.tgz. Extracting by manifest.
838 silly tarball no local data for reflect.getprototypeof@https://registry.npmjs.org/reflect.getprototypeof/-/reflect.getprototypeof-1.0.10.tgz. Extracting by manifest.
839 silly tarball no local data for react@https://registry.npmjs.org/react/-/react-19.2.6.tgz. Extracting by manifest.
840 silly tarball no local data for react-is@https://registry.npmjs.org/react-is/-/react-is-16.13.1.tgz. Extracting by manifest.
841 silly tarball no local data for react-dom@https://registry.npmjs.org/react-dom/-/react-dom-19.2.6.tgz. Extracting by manifest.
842 silly tarball no local data for queue-microtask@https://registry.npmjs.org/queue-microtask/-/queue-microtask-1.2.3.tgz. Extracting by manifest.
843 silly tarball no local data for punycode@https://registry.npmjs.org/punycode/-/punycode-2.3.1.tgz. Extracting by manifest.
844 silly tarball no local data for prop-types@https://registry.npmjs.org/prop-types/-/prop-types-15.8.1.tgz. Extracting by manifest.
845 silly tarball no local data for prelude-ls@https://registry.npmjs.org/prelude-ls/-/prelude-ls-1.2.1.tgz. Extracting by manifest.
846 silly tarball no local data for postcss@https://registry.npmjs.org/postcss/-/postcss-8.5.14.tgz. Extracting by manifest.
847 silly tarball no local data for possible-typed-array-names@https://registry.npmjs.org/possible-typed-array-names/-/possible-typed-array-names-1.1.0.tgz. Extracting by manifest.
848 silly tarball no local data for picomatch@https://registry.npmjs.org/picomatch/-/picomatch-2.3.2.tgz. Extracting by manifest.
849 silly tarball no local data for picocolors@https://registry.npmjs.org/picocolors/-/picocolors-1.1.1.tgz. Extracting by manifest.
850 silly tarball no local data for path-key@https://registry.npmjs.org/path-key/-/path-key-3.1.1.tgz. Extracting by manifest.
851 silly tarball no local data for path-parse@https://registry.npmjs.org/path-parse/-/path-parse-1.0.7.tgz. Extracting by manifest.
852 silly tarball no local data for parent-module@https://registry.npmjs.org/parent-module/-/parent-module-1.0.1.tgz. Extracting by manifest.
853 silly tarball no local data for path-exists@https://registry.npmjs.org/path-exists/-/path-exists-4.0.0.tgz. Extracting by manifest.
854 silly tarball no local data for own-keys@https://registry.npmjs.org/own-keys/-/own-keys-1.0.1.tgz. Extracting by manifest.
855 silly tarball no local data for p-limit@https://registry.npmjs.org/p-limit/-/p-limit-3.1.0.tgz. Extracting by manifest.
856 silly tarball no local data for p-locate@https://registry.npmjs.org/p-locate/-/p-locate-5.0.0.tgz. Extracting by manifest.
857 silly tarball no local data for object.groupby@https://registry.npmjs.org/object.groupby/-/object.groupby-1.0.3.tgz. Extracting by manifest.
858 silly tarball no local data for optionator@https://registry.npmjs.org/optionator/-/optionator-0.9.4.tgz. Extracting by manifest.
859 silly tarball no local data for object.fromentries@https://registry.npmjs.org/object.fromentries/-/object.fromentries-2.0.8.tgz. Extracting by manifest.
860 silly tarball no local data for object.values@https://registry.npmjs.org/object.values/-/object.values-1.2.1.tgz. Extracting by manifest.
861 silly tarball no local data for object.entries@https://registry.npmjs.org/object.entries/-/object.entries-1.1.9.tgz. Extracting by manifest.
862 silly tarball no local data for object-keys@https://registry.npmjs.org/object-keys/-/object-keys-1.1.1.tgz. Extracting by manifest.
863 silly tarball no local data for object-inspect@https://registry.npmjs.org/object-inspect/-/object-inspect-1.13.4.tgz. Extracting by manifest.
864 silly tarball no local data for object.assign@https://registry.npmjs.org/object.assign/-/object.assign-4.1.7.tgz. Extracting by manifest.
865 silly tarball no local data for object-assign@https://registry.npmjs.org/object-assign/-/object-assign-4.1.1.tgz. Extracting by manifest.
866 silly tarball no local data for node-releases@https://registry.npmjs.org/node-releases/-/node-releases-2.0.44.tgz. Extracting by manifest.
867 silly tarball no local data for node-exports-info@https://registry.npmjs.org/node-exports-info/-/node-exports-info-1.6.0.tgz. Extracting by manifest.
868 silly tarball no local data for next@https://registry.npmjs.org/next/-/next-16.2.6.tgz. Extracting by manifest.
869 silly tarball no local data for natural-compare@https://registry.npmjs.org/natural-compare/-/natural-compare-1.4.0.tgz. Extracting by manifest.
870 silly tarball no local data for nanoid@https://registry.npmjs.org/nanoid/-/nanoid-3.3.12.tgz. Extracting by manifest.
871 silly tarball no local data for napi-postinstall@https://registry.npmjs.org/napi-postinstall/-/napi-postinstall-0.3.4.tgz. Extracting by manifest.
872 silly tarball no local data for loose-envify@https://registry.npmjs.org/loose-envify/-/loose-envify-1.4.0.tgz. Extracting by manifest.
873 silly tarball no local data for ms@https://registry.npmjs.org/ms/-/ms-2.1.3.tgz. Extracting by manifest.
874 silly tarball no local data for minimist@https://registry.npmjs.org/minimist/-/minimist-1.2.8.tgz. Extracting by manifest.
875 silly tarball no local data for minimatch@https://registry.npmjs.org/minimatch/-/minimatch-3.1.5.tgz. Extracting by manifest.
876 silly tarball no local data for merge2@https://registry.npmjs.org/merge2/-/merge2-1.4.1.tgz. Extracting by manifest.
877 silly tarball no local data for micromatch@https://registry.npmjs.org/micromatch/-/micromatch-4.0.8.tgz. Extracting by manifest.
878 silly tarball no local data for math-intrinsics@https://registry.npmjs.org/math-intrinsics/-/math-intrinsics-1.1.0.tgz. Extracting by manifest.
879 silly tarball no local data for magic-string@https://registry.npmjs.org/magic-string/-/magic-string-0.30.21.tgz. Extracting by manifest.
880 silly tarball no local data for lodash.merge@https://registry.npmjs.org/lodash.merge/-/lodash.merge-4.6.2.tgz. Extracting by manifest.
881 http cache glob-parent@https://registry.npmjs.org/glob-parent/-/glob-parent-5.1.2.tgz 0ms (cache hit)
882 silly tarball no local data for lru-cache@https://registry.npmjs.org/lru-cache/-/lru-cache-5.1.1.tgz. Extracting by manifest.
883 silly tarball no local data for lightningcss-win32-x64-msvc@https://registry.npmjs.org/lightningcss-win32-x64-msvc/-/lightningcss-win32-x64-msvc-1.31.1.tgz. Extracting by manifest.
884 silly tarball no local data for locate-path@https://registry.npmjs.org/locate-path/-/locate-path-6.0.0.tgz. Extracting by manifest.
885 silly tarball no local data for levn@https://registry.npmjs.org/levn/-/levn-0.4.1.tgz. Extracting by manifest.
886 silly tarball no local data for lightningcss@https://registry.npmjs.org/lightningcss/-/lightningcss-1.31.1.tgz. Extracting by manifest.
887 silly tarball no local data for language-tags@https://registry.npmjs.org/language-tags/-/language-tags-1.0.9.tgz. Extracting by manifest.
888 silly tarball no local data for keyv@https://registry.npmjs.org/keyv/-/keyv-4.5.4.tgz. Extracting by manifest.
889 silly tarball no local data for jsx-ast-utils@https://registry.npmjs.org/jsx-ast-utils/-/jsx-ast-utils-3.3.5.tgz. Extracting by manifest.
890 silly tarball no local data for json-schema-traverse@https://registry.npmjs.org/json-schema-traverse/-/json-schema-traverse-0.4.1.tgz. Extracting by manifest.
891 silly tarball no local data for json5@https://registry.npmjs.org/json5/-/json5-2.2.3.tgz. Extracting by manifest.
892 silly tarball no local data for language-subtag-registry@https://registry.npmjs.org/language-subtag-registry/-/language-subtag-registry-0.3.23.tgz. Extracting by manifest.
893 silly tarball no local data for json-stable-stringify-without-jsonify@https://registry.npmjs.org/json-stable-stringify-without-jsonify/-/json-stable-stringify-without-jsonify-1.0.1.tgz. Extracting by manifest.
894 silly tarball no local data for json-buffer@https://registry.npmjs.org/json-buffer/-/json-buffer-3.0.1.tgz. Extracting by manifest.
895 silly tarball no local data for jsesc@https://registry.npmjs.org/jsesc/-/jsesc-3.1.0.tgz. Extracting by manifest.
896 silly tarball no local data for jiti@https://registry.npmjs.org/jiti/-/jiti-2.7.0.tgz. Extracting by manifest.
897 silly tarball no local data for js-yaml@https://registry.npmjs.org/js-yaml/-/js-yaml-4.1.1.tgz. Extracting by manifest.
898 silly tarball no local data for iterator.prototype@https://registry.npmjs.org/iterator.prototype/-/iterator.prototype-1.1.5.tgz. Extracting by manifest.
899 silly tarball no local data for js-tokens@https://registry.npmjs.org/js-tokens/-/js-tokens-4.0.0.tgz. Extracting by manifest.
900 silly tarball no local data for isarray@https://registry.npmjs.org/isarray/-/isarray-2.0.5.tgz. Extracting by manifest.
901 silly tarball no local data for isexe@https://registry.npmjs.org/isexe/-/isexe-2.0.0.tgz. Extracting by manifest.
902 silly tarball no local data for is-weakset@https://registry.npmjs.org/is-weakset/-/is-weakset-2.0.4.tgz. Extracting by manifest.
903 silly tarball no local data for is-weakmap@https://registry.npmjs.org/is-weakmap/-/is-weakmap-2.0.2.tgz. Extracting by manifest.
904 silly tarball no local data for is-weakref@https://registry.npmjs.org/is-weakref/-/is-weakref-1.1.1.tgz. Extracting by manifest.
905 silly tarball no local data for is-string@https://registry.npmjs.org/is-string/-/is-string-1.1.1.tgz. Extracting by manifest.
906 silly tarball no local data for is-symbol@https://registry.npmjs.org/is-symbol/-/is-symbol-1.1.1.tgz. Extracting by manifest.
907 silly tarball no local data for is-set@https://registry.npmjs.org/is-set/-/is-set-2.0.3.tgz. Extracting by manifest.
908 silly tarball no local data for is-regex@https://registry.npmjs.org/is-regex/-/is-regex-1.2.1.tgz. Extracting by manifest.
909 silly tarball no local data for is-shared-array-buffer@https://registry.npmjs.org/is-shared-array-buffer/-/is-shared-array-buffer-1.0.4.tgz. Extracting by manifest.
910 silly tarball no local data for is-number@https://registry.npmjs.org/is-number/-/is-number-7.0.0.tgz. Extracting by manifest.
911 silly tarball no local data for is-number-object@https://registry.npmjs.org/is-number-object/-/is-number-object-1.1.1.tgz. Extracting by manifest.
912 silly tarball no local data for is-glob@https://registry.npmjs.org/is-glob/-/is-glob-4.0.3.tgz. Extracting by manifest.
913 silly tarball no local data for is-map@https://registry.npmjs.org/is-map/-/is-map-2.0.3.tgz. Extracting by manifest.
914 silly tarball no local data for is-negative-zero@https://registry.npmjs.org/is-negative-zero/-/is-negative-zero-2.0.3.tgz. Extracting by manifest.
915 silly tarball no local data for is-generator-function@https://registry.npmjs.org/is-generator-function/-/is-generator-function-1.1.2.tgz. Extracting by manifest.
916 silly tarball no local data for is-finalizationregistry@https://registry.npmjs.org/is-finalizationregistry/-/is-finalizationregistry-1.1.1.tgz. Extracting by manifest.
917 silly tarball no local data for is-extglob@https://registry.npmjs.org/is-extglob/-/is-extglob-2.1.1.tgz. Extracting by manifest.
918 silly tarball no local data for is-typed-array@https://registry.npmjs.org/is-typed-array/-/is-typed-array-1.1.15.tgz. Extracting by manifest.
919 silly tarball no local data for is-date-object@https://registry.npmjs.org/is-date-object/-/is-date-object-1.1.0.tgz. Extracting by manifest.
920 silly tarball no local data for is-data-view@https://registry.npmjs.org/is-data-view/-/is-data-view-1.0.2.tgz. Extracting by manifest.
921 silly tarball no local data for is-boolean-object@https://registry.npmjs.org/is-boolean-object/-/is-boolean-object-1.2.2.tgz. Extracting by manifest.
922 silly tarball no local data for is-core-module@https://registry.npmjs.org/is-core-module/-/is-core-module-2.16.2.tgz. Extracting by manifest.
923 silly tarball no local data for is-callable@https://registry.npmjs.org/is-callable/-/is-callable-1.2.7.tgz. Extracting by manifest.
924 silly tarball no local data for is-async-function@https://registry.npmjs.org/is-async-function/-/is-async-function-2.1.1.tgz. Extracting by manifest.
925 silly tarball no local data for is-bun-module@https://registry.npmjs.org/is-bun-module/-/is-bun-module-2.0.0.tgz. Extracting by manifest.
926 silly tarball no local data for internal-slot@https://registry.npmjs.org/internal-slot/-/internal-slot-1.1.0.tgz. Extracting by manifest.
927 silly tarball no local data for import-fresh@https://registry.npmjs.org/import-fresh/-/import-fresh-3.3.1.tgz. Extracting by manifest.
928 silly tarball no local data for imurmurhash@https://registry.npmjs.org/imurmurhash/-/imurmurhash-0.1.4.tgz. Extracting by manifest.
929 silly tarball no local data for is-array-buffer@https://registry.npmjs.org/is-array-buffer/-/is-array-buffer-3.0.5.tgz. Extracting by manifest.
930 silly tarball no local data for ignore@https://registry.npmjs.org/ignore/-/ignore-5.3.2.tgz. Extracting by manifest.
931 silly tarball no local data for is-bigint@https://registry.npmjs.org/is-bigint/-/is-bigint-1.1.0.tgz. Extracting by manifest.
932 silly tarball no local data for hermes-parser@https://registry.npmjs.org/hermes-parser/-/hermes-parser-0.25.1.tgz. Extracting by manifest.
933 silly tarball no local data for hermes-estree@https://registry.npmjs.org/hermes-estree/-/hermes-estree-0.25.1.tgz. Extracting by manifest.
934 silly tarball no local data for hasown@https://registry.npmjs.org/hasown/-/hasown-2.0.3.tgz. Extracting by manifest.
935 silly tarball no local data for has-symbols@https://registry.npmjs.org/has-symbols/-/has-symbols-1.1.0.tgz. Extracting by manifest.
936 silly tarball no local data for has-tostringtag@https://registry.npmjs.org/has-tostringtag/-/has-tostringtag-1.0.2.tgz. Extracting by manifest.
937 silly tarball no local data for has-property-descriptors@https://registry.npmjs.org/has-property-descriptors/-/has-property-descriptors-1.0.2.tgz. Extracting by manifest.
938 silly tarball no local data for has-proto@https://registry.npmjs.org/has-proto/-/has-proto-1.2.0.tgz. Extracting by manifest.
939 silly tarball no local data for has-flag@https://registry.npmjs.org/has-flag/-/has-flag-4.0.0.tgz. Extracting by manifest.
940 silly tarball no local data for has-bigints@https://registry.npmjs.org/has-bigints/-/has-bigints-1.1.0.tgz. Extracting by manifest.
941 silly tarball no local data for graceful-fs@https://registry.npmjs.org/graceful-fs/-/graceful-fs-4.2.11.tgz. Extracting by manifest.
942 silly tarball no local data for globalthis@https://registry.npmjs.org/globalthis/-/globalthis-1.0.4.tgz. Extracting by manifest.
943 silly tarball no local data for gopd@https://registry.npmjs.org/gopd/-/gopd-1.2.0.tgz. Extracting by manifest.
944 silly tarball no local data for get-tsconfig@https://registry.npmjs.org/get-tsconfig/-/get-tsconfig-4.14.0.tgz. Extracting by manifest.
945 silly tarball no local data for glob-parent@https://registry.npmjs.org/glob-parent/-/glob-parent-6.0.2.tgz. Extracting by manifest.
946 silly tarball no local data for globals@https://registry.npmjs.org/globals/-/globals-14.0.0.tgz. Extracting by manifest.
947 silly tarball no local data for get-symbol-description@https://registry.npmjs.org/get-symbol-description/-/get-symbol-description-1.1.0.tgz. Extracting by manifest.
948 silly tarball no local data for get-proto@https://registry.npmjs.org/get-proto/-/get-proto-1.0.1.tgz. Extracting by manifest.
949 silly tarball no local data for get-intrinsic@https://registry.npmjs.org/get-intrinsic/-/get-intrinsic-1.3.0.tgz. Extracting by manifest.
950 silly tarball no local data for generator-function@https://registry.npmjs.org/generator-function/-/generator-function-2.0.1.tgz. Extracting by manifest.
951 silly tarball no local data for functions-have-names@https://registry.npmjs.org/functions-have-names/-/functions-have-names-1.2.3.tgz. Extracting by manifest.
952 silly tarball no local data for gensync@https://registry.npmjs.org/gensync/-/gensync-1.0.0-beta.2.tgz. Extracting by manifest.
953 silly tarball no local data for function.prototype.name@https://registry.npmjs.org/function.prototype.name/-/function.prototype.name-1.1.8.tgz. Extracting by manifest.
954 silly tarball no local data for for-each@https://registry.npmjs.org/for-each/-/for-each-0.3.5.tgz. Extracting by manifest.
955 silly tarball no local data for function-bind@https://registry.npmjs.org/function-bind/-/function-bind-1.1.2.tgz. Extracting by manifest.
956 silly tarball no local data for fill-range@https://registry.npmjs.org/fill-range/-/fill-range-7.1.1.tgz. Extracting by manifest.
957 silly tarball no local data for flatted@https://registry.npmjs.org/flatted/-/flatted-3.4.2.tgz. Extracting by manifest.
958 silly tarball no local data for find-up@https://registry.npmjs.org/find-up/-/find-up-5.0.0.tgz. Extracting by manifest.
959 silly tarball no local data for file-entry-cache@https://registry.npmjs.org/file-entry-cache/-/file-entry-cache-8.0.0.tgz. Extracting by manifest.
960 silly tarball no local data for flat-cache@https://registry.npmjs.org/flat-cache/-/flat-cache-4.0.1.tgz. Extracting by manifest.
961 silly tarball no local data for fastq@https://registry.npmjs.org/fastq/-/fastq-1.20.1.tgz. Extracting by manifest.
962 silly tarball no local data for fast-levenshtein@https://registry.npmjs.org/fast-levenshtein/-/fast-levenshtein-2.0.6.tgz. Extracting by manifest.
963 silly tarball no local data for fast-json-stable-stringify@https://registry.npmjs.org/fast-json-stable-stringify/-/fast-json-stable-stringify-2.1.0.tgz. Extracting by manifest.
964 silly tarball no local data for fast-glob@https://registry.npmjs.org/fast-glob/-/fast-glob-3.3.1.tgz. Extracting by manifest.
965 silly tarball no local data for estraverse@https://registry.npmjs.org/estraverse/-/estraverse-5.3.0.tgz. Extracting by manifest.
966 silly tarball no local data for fast-deep-equal@https://registry.npmjs.org/fast-deep-equal/-/fast-deep-equal-3.1.3.tgz. Extracting by manifest.
967 silly tarball no local data for esutils@https://registry.npmjs.org/esutils/-/esutils-2.0.3.tgz. Extracting by manifest.
968 silly tarball no local data for esrecurse@https://registry.npmjs.org/esrecurse/-/esrecurse-4.3.0.tgz. Extracting by manifest.
969 silly tarball no local data for espree@https://registry.npmjs.org/espree/-/espree-10.4.0.tgz. Extracting by manifest.
970 silly tarball no local data for eslint-visitor-keys@https://registry.npmjs.org/eslint-visitor-keys/-/eslint-visitor-keys-4.2.1.tgz. Extracting by manifest.
971 silly tarball no local data for esquery@https://registry.npmjs.org/esquery/-/esquery-1.7.0.tgz. Extracting by manifest.
972 silly tarball no local data for eslint-scope@https://registry.npmjs.org/eslint-scope/-/eslint-scope-8.4.0.tgz. Extracting by manifest.
973 silly tarball no local data for eslint-plugin-react-hooks@https://registry.npmjs.org/eslint-plugin-react-hooks/-/eslint-plugin-react-hooks-7.1.1.tgz. Extracting by manifest.
974 silly tarball no local data for eslint-plugin-react@https://registry.npmjs.org/eslint-plugin-react/-/eslint-plugin-react-7.37.5.tgz. Extracting by manifest.
975 silly tarball no local data for eslint-module-utils@https://registry.npmjs.org/eslint-module-utils/-/eslint-module-utils-2.12.1.tgz. Extracting by manifest.
976 silly tarball no local data for eslint-plugin-jsx-a11y@https://registry.npmjs.org/eslint-plugin-jsx-a11y/-/eslint-plugin-jsx-a11y-6.10.2.tgz. Extracting by manifest.
977 silly tarball no local data for eslint-plugin-import@https://registry.npmjs.org/eslint-plugin-import/-/eslint-plugin-import-2.32.0.tgz. Extracting by manifest.
978 silly tarball no local data for eslint-import-resolver-typescript@https://registry.npmjs.org/eslint-import-resolver-typescript/-/eslint-import-resolver-typescript-3.10.1.tgz. Extracting by manifest.
979 silly tarball no local data for eslint-import-resolver-node@https://registry.npmjs.org/eslint-import-resolver-node/-/eslint-import-resolver-node-0.3.10.tgz. Extracting by manifest.
980 silly tarball no local data for eslint-config-next@https://registry.npmjs.org/eslint-config-next/-/eslint-config-next-16.2.6.tgz. Extracting by manifest.
981 silly tarball no local data for escalade@https://registry.npmjs.org/escalade/-/escalade-3.2.0.tgz. Extracting by manifest.
982 silly tarball no local data for escape-string-regexp@https://registry.npmjs.org/escape-string-regexp/-/escape-string-regexp-4.0.0.tgz. Extracting by manifest.
983 silly tarball no local data for es-set-tostringtag@https://registry.npmjs.org/es-set-tostringtag/-/es-set-tostringtag-2.1.0.tgz. Extracting by manifest.
984 silly tarball no local data for es-to-primitive@https://registry.npmjs.org/es-to-primitive/-/es-to-primitive-1.3.0.tgz. Extracting by manifest.
985 silly tarball no local data for eslint@https://registry.npmjs.org/eslint/-/eslint-9.39.4.tgz. Extracting by manifest.
986 silly tarball no local data for es-shim-unscopables@https://registry.npmjs.org/es-shim-unscopables/-/es-shim-unscopables-1.1.0.tgz. Extracting by manifest.
987 silly tarball no local data for es-object-atoms@https://registry.npmjs.org/es-object-atoms/-/es-object-atoms-1.1.1.tgz. Extracting by manifest.
988 silly tarball no local data for es-define-property@https://registry.npmjs.org/es-define-property/-/es-define-property-1.0.1.tgz. Extracting by manifest.
989 silly tarball no local data for es-iterator-helpers@https://registry.npmjs.org/es-iterator-helpers/-/es-iterator-helpers-1.3.2.tgz. Extracting by manifest.
990 silly tarball no local data for es-errors@https://registry.npmjs.org/es-errors/-/es-errors-1.3.0.tgz. Extracting by manifest.
991 silly tarball no local data for es-abstract@https://registry.npmjs.org/es-abstract/-/es-abstract-1.24.2.tgz. Extracting by manifest.
992 silly tarball no local data for enhanced-resolve@https://registry.npmjs.org/enhanced-resolve/-/enhanced-resolve-5.21.3.tgz. Extracting by manifest.
993 silly tarball no local data for emoji-regex@https://registry.npmjs.org/emoji-regex/-/emoji-regex-9.2.2.tgz. Extracting by manifest.
994 silly tarball no local data for electron-to-chromium@https://registry.npmjs.org/electron-to-chromium/-/electron-to-chromium-1.5.358.tgz. Extracting by manifest.
995 silly tarball no local data for dunder-proto@https://registry.npmjs.org/dunder-proto/-/dunder-proto-1.0.1.tgz. Extracting by manifest.
996 silly tarball no local data for detect-libc@https://registry.npmjs.org/detect-libc/-/detect-libc-2.1.2.tgz. Extracting by manifest.
997 silly tarball no local data for doctrine@https://registry.npmjs.org/doctrine/-/doctrine-2.1.0.tgz. Extracting by manifest.
998 silly tarball no local data for define-properties@https://registry.npmjs.org/define-properties/-/define-properties-1.2.1.tgz. Extracting by manifest.
999 silly tarball no local data for define-data-property@https://registry.npmjs.org/define-data-property/-/define-data-property-1.1.4.tgz. Extracting by manifest.
1000 silly tarball no local data for data-view-byte-offset@https://registry.npmjs.org/data-view-byte-offset/-/data-view-byte-offset-1.0.1.tgz. Extracting by manifest.
1001 silly tarball no local data for deep-is@https://registry.npmjs.org/deep-is/-/deep-is-0.1.4.tgz. Extracting by manifest.
1002 silly tarball no local data for debug@https://registry.npmjs.org/debug/-/debug-4.4.3.tgz. Extracting by manifest.
1003 silly tarball no local data for data-view-byte-length@https://registry.npmjs.org/data-view-byte-length/-/data-view-byte-length-1.0.2.tgz. Extracting by manifest.
1004 silly tarball no local data for data-view-buffer@https://registry.npmjs.org/data-view-buffer/-/data-view-buffer-1.0.2.tgz. Extracting by manifest.
1005 silly tarball no local data for damerau-levenshtein@https://registry.npmjs.org/damerau-levenshtein/-/damerau-levenshtein-1.0.8.tgz. Extracting by manifest.
1006 silly tarball no local data for csstype@https://registry.npmjs.org/csstype/-/csstype-3.2.3.tgz. Extracting by manifest.
1007 silly tarball no local data for color-convert@https://registry.npmjs.org/color-convert/-/color-convert-2.0.1.tgz. Extracting by manifest.
1008 silly tarball no local data for cross-spawn@https://registry.npmjs.org/cross-spawn/-/cross-spawn-7.0.6.tgz. Extracting by manifest.
1009 silly tarball no local data for color-name@https://registry.npmjs.org/color-name/-/color-name-1.1.4.tgz. Extracting by manifest.
1010 silly tarball no local data for convert-source-map@https://registry.npmjs.org/convert-source-map/-/convert-source-map-2.0.0.tgz. Extracting by manifest.
1011 silly tarball no local data for caniuse-lite@https://registry.npmjs.org/caniuse-lite/-/caniuse-lite-1.0.30001793.tgz. Extracting by manifest.
1012 silly tarball no local data for concat-map@https://registry.npmjs.org/concat-map/-/concat-map-0.0.1.tgz. Extracting by manifest.
1013 silly tarball no local data for client-only@https://registry.npmjs.org/client-only/-/client-only-0.0.1.tgz. Extracting by manifest.
1014 silly tarball no local data for callsites@https://registry.npmjs.org/callsites/-/callsites-3.1.0.tgz. Extracting by manifest.
1015 silly tarball no local data for call-bind-apply-helpers@https://registry.npmjs.org/call-bind-apply-helpers/-/call-bind-apply-helpers-1.0.2.tgz. Extracting by manifest.
1016 silly tarball no local data for chalk@https://registry.npmjs.org/chalk/-/chalk-4.1.2.tgz. Extracting by manifest.
1017 silly tarball no local data for browserslist@https://registry.npmjs.org/browserslist/-/browserslist-4.28.2.tgz. Extracting by manifest.
1018 silly tarball no local data for call-bind@https://registry.npmjs.org/call-bind/-/call-bind-1.0.9.tgz. Extracting by manifest.
1019 silly tarball no local data for call-bound@https://registry.npmjs.org/call-bound/-/call-bound-1.0.4.tgz. Extracting by manifest.
1020 silly tarball no local data for baseline-browser-mapping@https://registry.npmjs.org/baseline-browser-mapping/-/baseline-browser-mapping-2.10.30.tgz. Extracting by manifest.
1021 silly tarball no local data for braces@https://registry.npmjs.org/braces/-/braces-3.0.3.tgz. Extracting by manifest.
1022 silly tarball no local data for brace-expansion@https://registry.npmjs.org/brace-expansion/-/brace-expansion-1.1.14.tgz. Extracting by manifest.
1023 silly tarball no local data for axobject-query@https://registry.npmjs.org/axobject-query/-/axobject-query-4.1.0.tgz. Extracting by manifest.
1024 silly tarball no local data for balanced-match@https://registry.npmjs.org/balanced-match/-/balanced-match-1.0.2.tgz. Extracting by manifest.
1025 silly tarball no local data for available-typed-arrays@https://registry.npmjs.org/available-typed-arrays/-/available-typed-arrays-1.0.7.tgz. Extracting by manifest.
1026 silly tarball no local data for axe-core@https://registry.npmjs.org/axe-core/-/axe-core-4.11.4.tgz. Extracting by manifest.
1027 silly tarball no local data for ast-types-flow@https://registry.npmjs.org/ast-types-flow/-/ast-types-flow-0.0.8.tgz. Extracting by manifest.
1028 silly tarball no local data for arraybuffer.prototype.slice@https://registry.npmjs.org/arraybuffer.prototype.slice/-/arraybuffer.prototype.slice-1.0.4.tgz. Extracting by manifest.
1029 silly tarball no local data for async-function@https://registry.npmjs.org/async-function/-/async-function-1.0.0.tgz. Extracting by manifest.
1030 silly tarball no local data for array.prototype.tosorted@https://registry.npmjs.org/array.prototype.tosorted/-/array.prototype.tosorted-1.1.4.tgz. Extracting by manifest.
1031 silly tarball no local data for array.prototype.flatmap@https://registry.npmjs.org/array.prototype.flatmap/-/array.prototype.flatmap-1.3.3.tgz. Extracting by manifest.
1032 silly tarball no local data for array.prototype.flat@https://registry.npmjs.org/array.prototype.flat/-/array.prototype.flat-1.3.3.tgz. Extracting by manifest.
1033 silly tarball no local data for array-buffer-byte-length@https://registry.npmjs.org/array-buffer-byte-length/-/array-buffer-byte-length-1.0.2.tgz. Extracting by manifest.
1034 silly tarball no local data for array.prototype.findlastindex@https://registry.npmjs.org/array.prototype.findlastindex/-/array.prototype.findlastindex-1.2.6.tgz. Extracting by manifest.
1035 silly tarball no local data for array.prototype.findlast@https://registry.npmjs.org/array.prototype.findlast/-/array.prototype.findlast-1.2.5.tgz. Extracting by manifest.
1036 silly tarball no local data for aria-query@https://registry.npmjs.org/aria-query/-/aria-query-5.3.2.tgz. Extracting by manifest.
1037 silly tarball no local data for array-includes@https://registry.npmjs.org/array-includes/-/array-includes-3.1.9.tgz. Extracting by manifest.
1038 silly tarball no local data for ansi-styles@https://registry.npmjs.org/ansi-styles/-/ansi-styles-4.3.0.tgz. Extracting by manifest.
1039 silly tarball no local data for argparse@https://registry.npmjs.org/argparse/-/argparse-2.0.1.tgz. Extracting by manifest.
1040 silly tarball no local data for ajv@https://registry.npmjs.org/ajv/-/ajv-6.15.0.tgz. Extracting by manifest.
1041 silly tarball no local data for eslint-visitor-keys@https://registry.npmjs.org/eslint-visitor-keys/-/eslint-visitor-keys-5.0.1.tgz. Extracting by manifest.
1042 silly tarball no local data for semver@https://registry.npmjs.org/semver/-/semver-7.8.0.tgz. Extracting by manifest.
1043 silly tarball no local data for acorn-jsx@https://registry.npmjs.org/acorn-jsx/-/acorn-jsx-5.3.2.tgz. Extracting by manifest.
1044 silly tarball no local data for minimatch@https://registry.npmjs.org/minimatch/-/minimatch-10.2.5.tgz. Extracting by manifest.
1045 silly tarball no local data for acorn@https://registry.npmjs.org/acorn/-/acorn-8.16.0.tgz. Extracting by manifest.
1046 silly tarball no local data for ignore@https://registry.npmjs.org/ignore/-/ignore-7.0.5.tgz. Extracting by manifest.
1047 silly tarball no local data for brace-expansion@https://registry.npmjs.org/brace-expansion/-/brace-expansion-5.0.6.tgz. Extracting by manifest.
1048 silly tarball no local data for picomatch@https://registry.npmjs.org/picomatch/-/picomatch-4.0.4.tgz. Extracting by manifest.
1049 silly tarball no local data for balanced-match@https://registry.npmjs.org/balanced-match/-/balanced-match-4.0.4.tgz. Extracting by manifest.
1050 silly tarball no local data for json5@https://registry.npmjs.org/json5/-/json5-1.0.2.tgz. Extracting by manifest.
1051 silly tarball no local data for fdir@https://registry.npmjs.org/fdir/-/fdir-6.5.0.tgz. Extracting by manifest.
1052 silly tarball no local data for postcss@https://registry.npmjs.org/postcss/-/postcss-8.4.31.tgz. Extracting by manifest.
1053 silly tarball no local data for semver@https://registry.npmjs.org/semver/-/semver-7.8.0.tgz. Extracting by manifest.
1054 silly tarball no local data for debug@https://registry.npmjs.org/debug/-/debug-3.2.7.tgz. Extracting by manifest.
1055 silly tarball no local data for semver@https://registry.npmjs.org/semver/-/semver-7.8.0.tgz. Extracting by manifest.
1056 silly tarball no local data for eslint-visitor-keys@https://registry.npmjs.org/eslint-visitor-keys/-/eslint-visitor-keys-3.4.3.tgz. Extracting by manifest.
1057 silly tarball no local data for debug@https://registry.npmjs.org/debug/-/debug-3.2.7.tgz. Extracting by manifest.
1058 silly tarball no local data for globals@https://registry.npmjs.org/globals/-/globals-16.4.0.tgz. Extracting by manifest.
1059 silly tarball no local data for debug@https://registry.npmjs.org/debug/-/debug-3.2.7.tgz. Extracting by manifest.
1060 silly tarball no local data for glob-parent@https://registry.npmjs.org/glob-parent/-/glob-parent-5.1.2.tgz. Extracting by manifest.
1061 http fetch GET https://registry.npmjs.org/@unrs/resolver-binding-win32-x64-msvc/-/resolver-binding-win32-x64-msvc-1.11.1.tgz attempt 1 failed with EACCES
1062 http fetch GET https://registry.npmjs.org/@typescript-eslint/visitor-keys/-/visitor-keys-8.59.3.tgz attempt 1 failed with EACCES
1063 http fetch GET https://registry.npmjs.org/@typescript-eslint/utils/-/utils-8.59.3.tgz attempt 1 failed with EACCES
1064 http fetch GET https://registry.npmjs.org/@typescript-eslint/typescript-estree/-/typescript-estree-8.59.3.tgz attempt 1 failed with EACCES
1065 http fetch GET https://registry.npmjs.org/@typescript-eslint/types/-/types-8.59.3.tgz attempt 1 failed with EACCES
1066 http fetch GET https://registry.npmjs.org/@typescript-eslint/type-utils/-/type-utils-8.59.3.tgz attempt 1 failed with EACCES
1067 http fetch GET https://registry.npmjs.org/@typescript-eslint/tsconfig-utils/-/tsconfig-utils-8.59.3.tgz attempt 1 failed with EACCES
1068 http fetch GET https://registry.npmjs.org/@typescript-eslint/scope-manager/-/scope-manager-8.59.3.tgz attempt 1 failed with EACCES
1069 http fetch GET https://registry.npmjs.org/@typescript-eslint/project-service/-/project-service-8.59.3.tgz attempt 1 failed with EACCES
1070 http fetch GET https://registry.npmjs.org/@typescript-eslint/eslint-plugin/-/eslint-plugin-8.59.3.tgz attempt 1 failed with EACCES
1071 http fetch GET https://registry.npmjs.org/@typescript-eslint/parser/-/parser-8.59.3.tgz attempt 1 failed with EACCES
1072 http fetch GET https://registry.npmjs.org/@types/react-dom/-/react-dom-19.2.3.tgz attempt 1 failed with EACCES
1073 http fetch GET https://registry.npmjs.org/@types/json5/-/json5-0.0.29.tgz attempt 1 failed with EACCES
1074 http fetch GET https://registry.npmjs.org/@types/react/-/react-19.2.14.tgz attempt 1 failed with EACCES
1075 http fetch GET https://registry.npmjs.org/@types/node/-/node-22.19.19.tgz attempt 1 failed with EACCES
1076 http fetch GET https://registry.npmjs.org/npm attempt 2 failed with EACCES
1077 http fetch GET https://registry.npmjs.org/@unrs/resolver-binding-win32-x64-msvc/-/resolver-binding-win32-x64-msvc-1.11.1.tgz attempt 2 failed with EACCES
1078 http fetch GET https://registry.npmjs.org/@typescript-eslint/visitor-keys/-/visitor-keys-8.59.3.tgz attempt 2 failed with EACCES
1079 http fetch GET https://registry.npmjs.org/@typescript-eslint/utils/-/utils-8.59.3.tgz attempt 2 failed with EACCES
1080 http fetch GET https://registry.npmjs.org/@typescript-eslint/typescript-estree/-/typescript-estree-8.59.3.tgz attempt 2 failed with EACCES
1081 http fetch GET https://registry.npmjs.org/@typescript-eslint/types/-/types-8.59.3.tgz attempt 2 failed with EACCES
1082 http fetch GET https://registry.npmjs.org/@typescript-eslint/type-utils/-/type-utils-8.59.3.tgz attempt 2 failed with EACCES
1083 http fetch GET https://registry.npmjs.org/@typescript-eslint/tsconfig-utils/-/tsconfig-utils-8.59.3.tgz attempt 2 failed with EACCES
1084 http fetch GET https://registry.npmjs.org/@typescript-eslint/scope-manager/-/scope-manager-8.59.3.tgz attempt 2 failed with EACCES
1085 http fetch GET https://registry.npmjs.org/@typescript-eslint/project-service/-/project-service-8.59.3.tgz attempt 2 failed with EACCES
1086 http fetch GET https://registry.npmjs.org/@typescript-eslint/eslint-plugin/-/eslint-plugin-8.59.3.tgz attempt 2 failed with EACCES
1087 http fetch GET https://registry.npmjs.org/@typescript-eslint/parser/-/parser-8.59.3.tgz attempt 2 failed with EACCES
1088 http fetch GET https://registry.npmjs.org/@types/react-dom/-/react-dom-19.2.3.tgz attempt 2 failed with EACCES
1089 http fetch GET https://registry.npmjs.org/@types/json5/-/json5-0.0.29.tgz attempt 2 failed with EACCES
1090 http fetch GET https://registry.npmjs.org/@types/react/-/react-19.2.14.tgz attempt 2 failed with EACCES
1091 http fetch GET https://registry.npmjs.org/@types/node/-/node-22.19.19.tgz attempt 2 failed with EACCES
1092 http fetch GET https://registry.npmjs.org/npm attempt 3 failed with EACCES
1093 http fetch GET https://registry.npmjs.org/@unrs/resolver-binding-win32-x64-msvc/-/resolver-binding-win32-x64-msvc-1.11.1.tgz attempt 3 failed with EACCES
1094 verbose reify failed optional dependency C:\Porfolio\node_modules\@unrs\resolver-binding-win32-x64-msvc
1095 silly reify mark deleted [
1095 silly reify   'C:\\Porfolio\\node_modules\\@unrs\\resolver-binding-win32-x64-msvc'
1095 silly reify ]
1096 http fetch GET https://registry.npmjs.org/@typescript-eslint/visitor-keys/-/visitor-keys-8.59.3.tgz attempt 3 failed with EACCES
1097 http fetch GET https://registry.npmjs.org/@typescript-eslint/utils/-/utils-8.59.3.tgz attempt 3 failed with EACCES
1098 http fetch GET https://registry.npmjs.org/@typescript-eslint/typescript-estree/-/typescript-estree-8.59.3.tgz attempt 3 failed with EACCES
1099 http fetch GET https://registry.npmjs.org/@typescript-eslint/types/-/types-8.59.3.tgz attempt 3 failed with EACCES
1100 http fetch GET https://registry.npmjs.org/@typescript-eslint/type-utils/-/type-utils-8.59.3.tgz attempt 3 failed with EACCES
1101 http fetch GET https://registry.npmjs.org/@typescript-eslint/tsconfig-utils/-/tsconfig-utils-8.59.3.tgz attempt 3 failed with EACCES
1102 http fetch GET https://registry.npmjs.org/@typescript-eslint/scope-manager/-/scope-manager-8.59.3.tgz attempt 3 failed with EACCES
1103 http fetch GET https://registry.npmjs.org/@typescript-eslint/project-service/-/project-service-8.59.3.tgz attempt 3 failed with EACCES
1104 http fetch GET https://registry.npmjs.org/@typescript-eslint/eslint-plugin/-/eslint-plugin-8.59.3.tgz attempt 3 failed with EACCES
1105 http fetch GET https://registry.npmjs.org/@typescript-eslint/parser/-/parser-8.59.3.tgz attempt 3 failed with EACCES
1106 http fetch GET https://registry.npmjs.org/@types/react-dom/-/react-dom-19.2.3.tgz attempt 3 failed with EACCES
1107 http fetch GET https://registry.npmjs.org/@types/json5/-/json5-0.0.29.tgz attempt 3 failed with EACCES
1108 http fetch GET https://registry.npmjs.org/@types/react/-/react-19.2.14.tgz attempt 3 failed with EACCES
1109 http fetch GET https://registry.npmjs.org/@types/node/-/node-22.19.19.tgz attempt 3 failed with EACCES
1110 verbose cwd C:\Porfolio
1111 verbose os Windows_NT 10.0.26200
1112 verbose node v24.17.0
1113 verbose npm  v11.13.0
1114 error Exit handler never called!
1115 error This is an error with npm itself. Please report this error at:
1116 error   <https://github.com/npm/cli/issues>
1117 verbose exit 1
1118 verbose code 1
1119 error A complete log of this run can be found in: C:\Porfolio\.npm-cache\_logs\2026-08-21T08_59_13_032Z-debug-0.log
