0 verbose cli C:\Program Files\nodejs\node.exe C:\Program Files\nodejs\node_modules\npm\bin\npm-cli.js
1 info using npm@11.13.0
2 info using node@v24.17.0
3 silly config load:file:C:\Program Files\nodejs\node_modules\npm\npmrc
4 silly config load:file:C:\Porfolio\.npmrc
5 silly config load:file:C:\Users\rhust\.npmrc
6 silly config load:file:C:\Users\rhust\AppData\Roaming\npm\etc\npmrc
7 verbose title npm install
8 verbose argv "install" "--cache" ".\\.npm-cache" "--ignore-scripts" "--no-audit" "--no-fund"
9 verbose logfile logs-max:10 dir:C:\Porfolio\.npm-cache\_logs\2026-08-21T09_00_44_097Z-
10 verbose logfile C:\Porfolio\.npm-cache\_logs\2026-08-21T09_00_44_097Z-debug-0.log
11 silly logfile done cleaning log files
12 silly packumentCache heap:2348810240 maxSize:587202560 maxEntrySize:293601280
13 silly idealTree buildDeps
14 verbose shrinkwrap failed to load node_modules/.package-lock.json out of date, updated: node_modules
15 silly reify mark retired [ 'C:\\Porfolio\\node_modules\\acorn-jsx' ]
16 silly reify mark retired [ 'C:\\Porfolio\\node_modules\\acorn' ]
17 silly reify mark retired [ 'C:\\Porfolio\\node_modules\\ajv' ]
18 silly reify mark retired [ 'C:\\Porfolio\\node_modules\\ansi-styles' ]
19 silly reify mark retired [ 'C:\\Porfolio\\node_modules\\argparse' ]
20 silly reify mark retired [ 'C:\\Porfolio\\node_modules\\aria-query' ]
21 silly reify mark retired [ 'C:\\Porfolio\\node_modules\\array-buffer-byte-length' ]
22 silly reify mark retired [ 'C:\\Porfolio\\node_modules\\array-includes' ]
23 silly reify mark retired [ 'C:\\Porfolio\\node_modules\\array.prototype.findlast' ]
24 silly reify mark retired [ 'C:\\Porfolio\\node_modules\\array.prototype.findlastindex' ]
25 silly reify mark retired [ 'C:\\Porfolio\\node_modules\\array.prototype.flat' ]
26 silly reify mark retired [ 'C:\\Porfolio\\node_modules\\array.prototype.tosorted' ]
27 silly reify mark retired [ 'C:\\Porfolio\\node_modules\\array.prototype.flatmap' ]
28 silly reify mark retired [ 'C:\\Porfolio\\node_modules\\arraybuffer.prototype.slice' ]
29 silly reify mark retired [ 'C:\\Porfolio\\node_modules\\ast-types-flow' ]
30 silly reify mark retired [ 'C:\\Porfolio\\node_modules\\async-function' ]
31 silly reify mark retired [ 'C:\\Porfolio\\node_modules\\available-typed-arrays' ]
32 silly reify mark retired [ 'C:\\Porfolio\\node_modules\\axe-core' ]
33 silly reify mark retired [ 'C:\\Porfolio\\node_modules\\axobject-query' ]
34 silly reify mark retired [ 'C:\\Porfolio\\node_modules\\balanced-match' ]
35 silly reify mark retired [ 'C:\\Porfolio\\node_modules\\baseline-browser-mapping' ]
36 silly reify mark retired [ 'C:\\Porfolio\\node_modules\\brace-expansion' ]
37 silly reify mark retired [ 'C:\\Porfolio\\node_modules\\braces' ]
38 silly reify mark retired [ 'C:\\Porfolio\\node_modules\\browserslist' ]
39 silly reify mark retired [ 'C:\\Porfolio\\node_modules\\call-bind' ]
40 silly reify mark retired [ 'C:\\Porfolio\\node_modules\\call-bind-apply-helpers' ]
41 silly reify mark retired [ 'C:\\Porfolio\\node_modules\\call-bound' ]
42 silly reify mark retired [ 'C:\\Porfolio\\node_modules\\callsites' ]
43 silly reify mark retired [ 'C:\\Porfolio\\node_modules\\caniuse-lite' ]
44 silly reify mark retired [ 'C:\\Porfolio\\node_modules\\chalk' ]
45 silly reify mark retired [ 'C:\\Porfolio\\node_modules\\client-only' ]
46 silly reify mark retired [ 'C:\\Porfolio\\node_modules\\color-convert' ]
47 silly reify mark retired [ 'C:\\Porfolio\\node_modules\\color-name' ]
48 silly reify mark retired [ 'C:\\Porfolio\\node_modules\\concat-map' ]
49 silly reify mark retired [ 'C:\\Porfolio\\node_modules\\convert-source-map' ]
50 silly reify mark retired [ 'C:\\Porfolio\\node_modules\\cross-spawn' ]
51 silly reify mark retired [ 'C:\\Porfolio\\node_modules\\csstype' ]
52 silly reify mark retired [ 'C:\\Porfolio\\node_modules\\data-view-buffer' ]
53 silly reify mark retired [ 'C:\\Porfolio\\node_modules\\damerau-levenshtein' ]
54 silly reify mark retired [ 'C:\\Porfolio\\node_modules\\data-view-byte-length' ]
55 silly reify mark retired [ 'C:\\Porfolio\\node_modules\\data-view-byte-offset' ]
56 silly reify mark retired [ 'C:\\Porfolio\\node_modules\\debug' ]
57 silly reify mark retired [ 'C:\\Porfolio\\node_modules\\deep-is' ]
58 silly reify mark retired [ 'C:\\Porfolio\\node_modules\\define-data-property' ]
59 silly reify mark retired [ 'C:\\Porfolio\\node_modules\\define-properties' ]
60 silly reify mark retired [ 'C:\\Porfolio\\node_modules\\detect-libc' ]
61 silly reify mark retired [ 'C:\\Porfolio\\node_modules\\doctrine' ]
62 silly reify mark retired [ 'C:\\Porfolio\\node_modules\\dunder-proto' ]
63 silly reify mark retired [ 'C:\\Porfolio\\node_modules\\electron-to-chromium' ]
64 silly reify mark retired [ 'C:\\Porfolio\\node_modules\\emoji-regex' ]
65 silly reify mark retired [ 'C:\\Porfolio\\node_modules\\enhanced-resolve' ]
66 silly reify mark retired [ 'C:\\Porfolio\\node_modules\\es-abstract' ]
67 silly reify mark retired [ 'C:\\Porfolio\\node_modules\\es-define-property' ]
68 silly reify mark retired [ 'C:\\Porfolio\\node_modules\\es-errors' ]
69 silly reify mark retired [ 'C:\\Porfolio\\node_modules\\es-iterator-helpers' ]
70 silly reify mark retired [ 'C:\\Porfolio\\node_modules\\es-shim-unscopables' ]
71 silly reify mark retired [ 'C:\\Porfolio\\node_modules\\es-object-atoms' ]
72 silly reify mark retired [ 'C:\\Porfolio\\node_modules\\es-set-tostringtag' ]
73 silly reify mark retired [ 'C:\\Porfolio\\node_modules\\es-to-primitive' ]
74 silly reify mark retired [ 'C:\\Porfolio\\node_modules\\escalade' ]
75 silly reify mark retired [ 'C:\\Porfolio\\node_modules\\escape-string-regexp' ]
76 silly reify mark retired [ 'C:\\Porfolio\\node_modules\\eslint' ]
77 silly reify mark retired [ 'C:\\Porfolio\\node_modules\\eslint-config-next' ]
78 silly reify mark retired [ 'C:\\Porfolio\\node_modules\\eslint-import-resolver-node' ]
79 silly reify mark retired [ 'C:\\Porfolio\\node_modules\\eslint-import-resolver-typescript' ]
80 silly reify mark retired [ 'C:\\Porfolio\\node_modules\\eslint-module-utils' ]
81 silly reify mark retired [ 'C:\\Porfolio\\node_modules\\eslint-plugin-import' ]
82 silly reify mark retired [ 'C:\\Porfolio\\node_modules\\eslint-plugin-jsx-a11y' ]
83 silly reify mark retired [ 'C:\\Porfolio\\node_modules\\eslint-plugin-react' ]
84 silly reify mark retired [ 'C:\\Porfolio\\node_modules\\eslint-plugin-react-hooks' ]
85 silly reify mark retired [ 'C:\\Porfolio\\node_modules\\eslint-scope' ]
86 silly reify mark retired [ 'C:\\Porfolio\\node_modules\\eslint-visitor-keys' ]
87 silly reify mark retired [ 'C:\\Porfolio\\node_modules\\espree' ]
88 silly reify mark retired [ 'C:\\Porfolio\\node_modules\\esquery' ]
89 silly reify mark retired [ 'C:\\Porfolio\\node_modules\\esrecurse' ]
90 silly reify mark retired [ 'C:\\Porfolio\\node_modules\\estraverse' ]
91 silly reify mark retired [ 'C:\\Porfolio\\node_modules\\esutils' ]
92 silly reify mark retired [ 'C:\\Porfolio\\node_modules\\fast-deep-equal' ]
93 silly reify mark retired [ 'C:\\Porfolio\\node_modules\\fast-glob' ]
94 silly reify mark retired [ 'C:\\Porfolio\\node_modules\\fast-json-stable-stringify' ]
95 silly reify mark retired [ 'C:\\Porfolio\\node_modules\\fast-levenshtein' ]
96 silly reify mark retired [ 'C:\\Porfolio\\node_modules\\fastq' ]
97 silly reify mark retired [ 'C:\\Porfolio\\node_modules\\file-entry-cache' ]
98 silly reify mark retired [ 'C:\\Porfolio\\node_modules\\fill-range' ]
99 silly reify mark retired [ 'C:\\Porfolio\\node_modules\\find-up' ]
100 silly reify mark retired [ 'C:\\Porfolio\\node_modules\\flat-cache' ]
101 silly reify mark retired [ 'C:\\Porfolio\\node_modules\\flatted' ]
102 silly reify mark retired [ 'C:\\Porfolio\\node_modules\\for-each' ]
103 silly reify mark retired [ 'C:\\Porfolio\\node_modules\\function-bind' ]
104 silly reify mark retired [ 'C:\\Porfolio\\node_modules\\function.prototype.name' ]
105 silly reify mark retired [ 'C:\\Porfolio\\node_modules\\functions-have-names' ]
106 silly reify mark retired [ 'C:\\Porfolio\\node_modules\\generator-function' ]
107 silly reify mark retired [ 'C:\\Porfolio\\node_modules\\gensync' ]
108 silly reify mark retired [ 'C:\\Porfolio\\node_modules\\get-intrinsic' ]
109 silly reify mark retired [ 'C:\\Porfolio\\node_modules\\get-proto' ]
110 silly reify mark retired [ 'C:\\Porfolio\\node_modules\\get-symbol-description' ]
111 silly reify mark retired [ 'C:\\Porfolio\\node_modules\\get-tsconfig' ]
112 silly reify mark retired [ 'C:\\Porfolio\\node_modules\\glob-parent' ]
113 silly reify mark retired [ 'C:\\Porfolio\\node_modules\\globals' ]
114 silly reify mark retired [ 'C:\\Porfolio\\node_modules\\globalthis' ]
115 silly reify mark retired [ 'C:\\Porfolio\\node_modules\\gopd' ]
116 silly reify mark retired [ 'C:\\Porfolio\\node_modules\\graceful-fs' ]
117 silly reify mark retired [ 'C:\\Porfolio\\node_modules\\has-bigints' ]
118 silly reify mark retired [ 'C:\\Porfolio\\node_modules\\has-flag' ]
119 silly reify mark retired [ 'C:\\Porfolio\\node_modules\\has-property-descriptors' ]
120 silly reify mark retired [ 'C:\\Porfolio\\node_modules\\has-proto' ]
121 silly reify mark retired [ 'C:\\Porfolio\\node_modules\\has-symbols' ]
122 silly reify mark retired [ 'C:\\Porfolio\\node_modules\\has-tostringtag' ]
123 silly reify mark retired [ 'C:\\Porfolio\\node_modules\\hasown' ]
124 silly reify mark retired [ 'C:\\Porfolio\\node_modules\\hermes-estree' ]
125 silly reify mark retired [ 'C:\\Porfolio\\node_modules\\hermes-parser' ]
126 silly reify mark retired [ 'C:\\Porfolio\\node_modules\\ignore' ]
127 silly reify mark retired [ 'C:\\Porfolio\\node_modules\\import-fresh' ]
128 silly reify mark retired [ 'C:\\Porfolio\\node_modules\\imurmurhash' ]
129 silly reify mark retired [ 'C:\\Porfolio\\node_modules\\internal-slot' ]
130 silly reify mark retired [ 'C:\\Porfolio\\node_modules\\is-array-buffer' ]
131 silly reify mark retired [ 'C:\\Porfolio\\node_modules\\is-async-function' ]
132 silly reify mark retired [ 'C:\\Porfolio\\node_modules\\is-bigint' ]
133 silly reify mark retired [ 'C:\\Porfolio\\node_modules\\is-boolean-object' ]
134 silly reify mark retired [ 'C:\\Porfolio\\node_modules\\is-bun-module' ]
135 silly reify mark retired [ 'C:\\Porfolio\\node_modules\\is-callable' ]
136 silly reify mark retired [ 'C:\\Porfolio\\node_modules\\is-core-module' ]
137 silly reify mark retired [ 'C:\\Porfolio\\node_modules\\is-data-view' ]
138 silly reify mark retired [ 'C:\\Porfolio\\node_modules\\is-date-object' ]
139 silly reify mark retired [ 'C:\\Porfolio\\node_modules\\is-extglob' ]
140 silly reify mark retired [ 'C:\\Porfolio\\node_modules\\is-finalizationregistry' ]
141 silly reify mark retired [ 'C:\\Porfolio\\node_modules\\is-generator-function' ]
142 silly reify mark retired [ 'C:\\Porfolio\\node_modules\\is-glob' ]
143 silly reify mark retired [ 'C:\\Porfolio\\node_modules\\is-map' ]
144 silly reify mark retired [ 'C:\\Porfolio\\node_modules\\is-negative-zero' ]
145 silly reify mark retired [ 'C:\\Porfolio\\node_modules\\is-number' ]
146 silly reify mark retired [ 'C:\\Porfolio\\node_modules\\is-number-object' ]
147 silly reify mark retired [ 'C:\\Porfolio\\node_modules\\is-regex' ]
148 silly reify mark retired [ 'C:\\Porfolio\\node_modules\\is-set' ]
149 silly reify mark retired [ 'C:\\Porfolio\\node_modules\\is-shared-array-buffer' ]
150 silly reify mark retired [ 'C:\\Porfolio\\node_modules\\is-string' ]
151 silly reify mark retired [ 'C:\\Porfolio\\node_modules\\is-symbol' ]
152 silly reify mark retired [ 'C:\\Porfolio\\node_modules\\is-typed-array' ]
153 silly reify mark retired [ 'C:\\Porfolio\\node_modules\\is-weakmap' ]
154 silly reify mark retired [ 'C:\\Porfolio\\node_modules\\is-weakref' ]
155 silly reify mark retired [ 'C:\\Porfolio\\node_modules\\is-weakset' ]
156 silly reify mark retired [ 'C:\\Porfolio\\node_modules\\isarray' ]
157 silly reify mark retired [ 'C:\\Porfolio\\node_modules\\isexe' ]
158 silly reify mark retired [ 'C:\\Porfolio\\node_modules\\iterator.prototype' ]
159 silly reify mark retired [ 'C:\\Porfolio\\node_modules\\jiti' ]
160 silly reify mark retired [ 'C:\\Porfolio\\node_modules\\js-tokens' ]
161 silly reify mark retired [ 'C:\\Porfolio\\node_modules\\js-yaml' ]
162 silly reify mark retired [ 'C:\\Porfolio\\node_modules\\jsesc' ]
163 silly reify mark retired [ 'C:\\Porfolio\\node_modules\\json-buffer' ]
164 silly reify mark retired [ 'C:\\Porfolio\\node_modules\\json-schema-traverse' ]
165 silly reify mark retired [ 'C:\\Porfolio\\node_modules\\json-stable-stringify-without-jsonify' ]
166 silly reify mark retired [ 'C:\\Porfolio\\node_modules\\json5' ]
167 silly reify mark retired [ 'C:\\Porfolio\\node_modules\\jsx-ast-utils' ]
168 silly reify mark retired [ 'C:\\Porfolio\\node_modules\\keyv' ]
169 silly reify mark retired [ 'C:\\Porfolio\\node_modules\\language-subtag-registry' ]
170 silly reify mark retired [ 'C:\\Porfolio\\node_modules\\language-tags' ]
171 silly reify mark retired [ 'C:\\Porfolio\\node_modules\\levn' ]
172 silly reify mark retired [ 'C:\\Porfolio\\node_modules\\lightningcss' ]
173 silly reify mark retired [ 'C:\\Porfolio\\node_modules\\lightningcss-win32-x64-msvc' ]
174 silly reify mark retired [ 'C:\\Porfolio\\node_modules\\locate-path' ]
175 silly reify mark retired [ 'C:\\Porfolio\\node_modules\\lodash.merge' ]
176 silly reify mark retired [ 'C:\\Porfolio\\node_modules\\loose-envify' ]
177 silly reify mark retired [ 'C:\\Porfolio\\node_modules\\lru-cache' ]
178 silly reify mark retired [ 'C:\\Porfolio\\node_modules\\magic-string' ]
179 silly reify mark retired [ 'C:\\Porfolio\\node_modules\\math-intrinsics' ]
180 silly reify mark retired [ 'C:\\Porfolio\\node_modules\\merge2' ]
181 silly reify mark retired [ 'C:\\Porfolio\\node_modules\\micromatch' ]
182 silly reify mark retired [ 'C:\\Porfolio\\node_modules\\minimatch' ]
183 silly reify mark retired [ 'C:\\Porfolio\\node_modules\\minimist' ]
184 silly reify mark retired [ 'C:\\Porfolio\\node_modules\\ms' ]
185 silly reify mark retired [ 'C:\\Porfolio\\node_modules\\nanoid' ]
186 silly reify mark retired [ 'C:\\Porfolio\\node_modules\\napi-postinstall' ]
187 silly reify mark retired [ 'C:\\Porfolio\\node_modules\\natural-compare' ]
188 silly reify mark retired [ 'C:\\Porfolio\\node_modules\\next' ]
189 silly reify mark retired [ 'C:\\Porfolio\\node_modules\\node-exports-info' ]
190 silly reify mark retired [ 'C:\\Porfolio\\node_modules\\node-releases' ]
191 silly reify mark retired [ 'C:\\Porfolio\\node_modules\\object-assign' ]
192 silly reify mark retired [ 'C:\\Porfolio\\node_modules\\object-inspect' ]
193 silly reify mark retired [ 'C:\\Porfolio\\node_modules\\object-keys' ]
194 silly reify mark retired [ 'C:\\Porfolio\\node_modules\\object.assign' ]
195 silly reify mark retired [ 'C:\\Porfolio\\node_modules\\object.entries' ]
196 silly reify mark retired [ 'C:\\Porfolio\\node_modules\\object.fromentries' ]
197 silly reify mark retired [ 'C:\\Porfolio\\node_modules\\object.groupby' ]
198 silly reify mark retired [ 'C:\\Porfolio\\node_modules\\object.values' ]
199 silly reify mark retired [ 'C:\\Porfolio\\node_modules\\optionator' ]
200 silly reify mark retired [ 'C:\\Porfolio\\node_modules\\own-keys' ]
201 silly reify mark retired [ 'C:\\Porfolio\\node_modules\\p-limit' ]
202 silly reify mark retired [ 'C:\\Porfolio\\node_modules\\p-locate' ]
203 silly reify mark retired [ 'C:\\Porfolio\\node_modules\\parent-module' ]
204 silly reify mark retired [ 'C:\\Porfolio\\node_modules\\path-exists' ]
205 silly reify mark retired [ 'C:\\Porfolio\\node_modules\\path-key' ]
206 silly reify mark retired [ 'C:\\Porfolio\\node_modules\\path-parse' ]
207 silly reify mark retired [ 'C:\\Porfolio\\node_modules\\picocolors' ]
208 silly reify mark retired [ 'C:\\Porfolio\\node_modules\\picomatch' ]
209 silly reify mark retired [ 'C:\\Porfolio\\node_modules\\possible-typed-array-names' ]
210 silly reify mark retired [ 'C:\\Porfolio\\node_modules\\postcss' ]
211 silly reify mark retired [ 'C:\\Porfolio\\node_modules\\prelude-ls' ]
212 silly reify mark retired [ 'C:\\Porfolio\\node_modules\\prop-types' ]
213 silly reify mark retired [ 'C:\\Porfolio\\node_modules\\punycode' ]
214 silly reify mark retired [ 'C:\\Porfolio\\node_modules\\queue-microtask' ]
215 silly reify mark retired [ 'C:\\Porfolio\\node_modules\\react' ]
216 silly reify mark retired [ 'C:\\Porfolio\\node_modules\\react-dom' ]
217 silly reify mark retired [ 'C:\\Porfolio\\node_modules\\react-is' ]
218 silly reify mark retired [ 'C:\\Porfolio\\node_modules\\reflect.getprototypeof' ]
219 silly reify mark retired [ 'C:\\Porfolio\\node_modules\\regexp.prototype.flags' ]
220 silly reify mark retired [ 'C:\\Porfolio\\node_modules\\resolve' ]
221 silly reify mark retired [ 'C:\\Porfolio\\node_modules\\resolve-from' ]
222 silly reify mark retired [ 'C:\\Porfolio\\node_modules\\resolve-pkg-maps' ]
223 silly reify mark retired [ 'C:\\Porfolio\\node_modules\\reusify' ]
224 silly reify mark retired [ 'C:\\Porfolio\\node_modules\\run-parallel' ]
225 silly reify mark retired [ 'C:\\Porfolio\\node_modules\\safe-array-concat' ]
226 silly reify mark retired [ 'C:\\Porfolio\\node_modules\\safe-push-apply' ]
227 silly reify mark retired [ 'C:\\Porfolio\\node_modules\\safe-regex-test' ]
228 silly reify mark retired [ 'C:\\Porfolio\\node_modules\\scheduler' ]
229 silly reify mark retired [ 'C:\\Porfolio\\node_modules\\semver' ]
230 silly reify mark retired [ 'C:\\Porfolio\\node_modules\\set-function-length' ]
231 silly reify mark retired [ 'C:\\Porfolio\\node_modules\\set-function-name' ]
232 silly reify mark retired [ 'C:\\Porfolio\\node_modules\\set-proto' ]
233 silly reify mark retired [ 'C:\\Porfolio\\node_modules\\sharp' ]
234 silly reify mark retired [ 'C:\\Porfolio\\node_modules\\shebang-command' ]
235 silly reify mark retired [ 'C:\\Porfolio\\node_modules\\shebang-regex' ]
236 silly reify mark retired [ 'C:\\Porfolio\\node_modules\\side-channel' ]
237 silly reify mark retired [ 'C:\\Porfolio\\node_modules\\side-channel-list' ]
238 silly reify mark retired [ 'C:\\Porfolio\\node_modules\\side-channel-map' ]
239 silly reify mark retired [ 'C:\\Porfolio\\node_modules\\side-channel-weakmap' ]
240 silly reify mark retired [ 'C:\\Porfolio\\node_modules\\source-map-js' ]
241 silly reify mark retired [ 'C:\\Porfolio\\node_modules\\stable-hash' ]
242 silly reify mark retired [ 'C:\\Porfolio\\node_modules\\stop-iteration-iterator' ]
243 silly reify mark retired [ 'C:\\Porfolio\\node_modules\\string.prototype.includes' ]
244 silly reify mark retired [ 'C:\\Porfolio\\node_modules\\string.prototype.matchall' ]
245 silly reify mark retired [ 'C:\\Porfolio\\node_modules\\string.prototype.repeat' ]
246 silly reify mark retired [ 'C:\\Porfolio\\node_modules\\string.prototype.trim' ]
247 silly reify mark retired [ 'C:\\Porfolio\\node_modules\\string.prototype.trimend' ]
248 silly reify mark retired [ 'C:\\Porfolio\\node_modules\\string.prototype.trimstart' ]
249 silly reify mark retired [ 'C:\\Porfolio\\node_modules\\strip-bom' ]
250 silly reify mark retired [ 'C:\\Porfolio\\node_modules\\strip-json-comments' ]
251 silly reify mark retired [ 'C:\\Porfolio\\node_modules\\styled-jsx' ]
252 silly reify mark retired [ 'C:\\Porfolio\\node_modules\\supports-color' ]
253 silly reify mark retired [ 'C:\\Porfolio\\node_modules\\supports-preserve-symlinks-flag' ]
254 silly reify mark retired [ 'C:\\Porfolio\\node_modules\\tailwindcss' ]
255 silly reify mark retired [ 'C:\\Porfolio\\node_modules\\tapable' ]
256 silly reify mark retired [ 'C:\\Porfolio\\node_modules\\tinyglobby' ]
257 silly reify mark retired [ 'C:\\Porfolio\\node_modules\\to-regex-range' ]
258 silly reify mark retired [ 'C:\\Porfolio\\node_modules\\ts-api-utils' ]
259 silly reify mark retired [ 'C:\\Porfolio\\node_modules\\tsconfig-paths' ]
260 silly reify mark retired [ 'C:\\Porfolio\\node_modules\\tslib' ]
261 silly reify mark retired [ 'C:\\Porfolio\\node_modules\\type-check' ]
262 silly reify mark retired [ 'C:\\Porfolio\\node_modules\\typed-array-buffer' ]
263 silly reify mark retired [ 'C:\\Porfolio\\node_modules\\typed-array-byte-length' ]
264 silly reify mark retired [ 'C:\\Porfolio\\node_modules\\typed-array-byte-offset' ]
265 silly reify mark retired [ 'C:\\Porfolio\\node_modules\\typed-array-length' ]
266 silly reify mark retired [ 'C:\\Porfolio\\node_modules\\typescript' ]
267 silly reify mark retired [ 'C:\\Porfolio\\node_modules\\typescript-eslint' ]
268 silly reify mark retired [ 'C:\\Porfolio\\node_modules\\unbox-primitive' ]
269 silly reify mark retired [ 'C:\\Porfolio\\node_modules\\undici-types' ]
270 silly reify mark retired [ 'C:\\Porfolio\\node_modules\\unrs-resolver' ]
271 silly reify mark retired [ 'C:\\Porfolio\\node_modules\\update-browserslist-db' ]
272 silly reify mark retired [ 'C:\\Porfolio\\node_modules\\uri-js' ]
273 silly reify mark retired [ 'C:\\Porfolio\\node_modules\\which' ]
274 silly reify mark retired [ 'C:\\Porfolio\\node_modules\\which-boxed-primitive' ]
275 silly reify mark retired [ 'C:\\Porfolio\\node_modules\\which-builtin-type' ]
276 silly reify mark retired [ 'C:\\Porfolio\\node_modules\\which-collection' ]
277 silly reify mark retired [ 'C:\\Porfolio\\node_modules\\which-typed-array' ]
278 silly reify mark retired [ 'C:\\Porfolio\\node_modules\\word-wrap' ]
279 silly reify mark retired [ 'C:\\Porfolio\\node_modules\\yocto-queue' ]
280 silly reify mark retired [ 'C:\\Porfolio\\node_modules\\yallist' ]
281 silly reify mark retired [ 'C:\\Porfolio\\node_modules\\zod' ]
282 silly reify mark retired [ 'C:\\Porfolio\\node_modules\\zod-validation-error' ]
283 silly reify mark retired [ 'C:\\Porfolio\\node_modules\\@alloc\\quick-lru' ]
284 silly reify mark retired [ 'C:\\Porfolio\\node_modules\\@babel\\code-frame' ]
285 silly reify mark retired [ 'C:\\Porfolio\\node_modules\\@babel\\compat-data' ]
286 silly reify mark retired [ 'C:\\Porfolio\\node_modules\\@babel\\core' ]
287 silly reify mark retired [ 'C:\\Porfolio\\node_modules\\@babel\\generator' ]
288 silly reify mark retired [ 'C:\\Porfolio\\node_modules\\@babel\\helper-compilation-targets' ]
289 silly reify mark retired [ 'C:\\Porfolio\\node_modules\\@babel\\helper-globals' ]
290 silly reify mark retired [ 'C:\\Porfolio\\node_modules\\@babel\\helper-module-imports' ]
291 silly reify mark retired [ 'C:\\Porfolio\\node_modules\\@babel\\helper-module-transforms' ]
292 silly reify mark retired [ 'C:\\Porfolio\\node_modules\\@babel\\helper-string-parser' ]
293 silly reify mark retired [ 'C:\\Porfolio\\node_modules\\@babel\\helper-validator-identifier' ]
294 silly reify mark retired [ 'C:\\Porfolio\\node_modules\\@babel\\helper-validator-option' ]
295 silly reify mark retired [ 'C:\\Porfolio\\node_modules\\@babel\\helpers' ]
296 silly reify mark retired [ 'C:\\Porfolio\\node_modules\\@babel\\parser' ]
297 silly reify mark retired [ 'C:\\Porfolio\\node_modules\\@babel\\template' ]
298 silly reify mark retired [ 'C:\\Porfolio\\node_modules\\@babel\\traverse' ]
299 silly reify mark retired [ 'C:\\Porfolio\\node_modules\\@babel\\types' ]
300 silly reify mark retired [ 'C:\\Porfolio\\node_modules\\@eslint\\config-array' ]
301 silly reify mark retired [ 'C:\\Porfolio\\node_modules\\@eslint\\config-helpers' ]
302 silly reify mark retired [ 'C:\\Porfolio\\node_modules\\@eslint\\core' ]
303 silly reify mark retired [ 'C:\\Porfolio\\node_modules\\@eslint\\eslintrc' ]
304 silly reify mark retired [ 'C:\\Porfolio\\node_modules\\@eslint\\js' ]
305 silly reify mark retired [ 'C:\\Porfolio\\node_modules\\@eslint\\object-schema' ]
306 silly reify mark retired [ 'C:\\Porfolio\\node_modules\\@eslint\\plugin-kit' ]
307 silly reify mark retired [ 'C:\\Porfolio\\node_modules\\@eslint-community\\eslint-utils' ]
308 silly reify mark retired [ 'C:\\Porfolio\\node_modules\\@eslint-community\\regexpp' ]
309 silly reify mark retired [ 'C:\\Porfolio\\node_modules\\@humanwhocodes\\module-importer' ]
310 silly reify mark retired [ 'C:\\Porfolio\\node_modules\\@humanwhocodes\\retry' ]
311 silly reify mark retired [ 'C:\\Porfolio\\node_modules\\@humanfs\\core' ]
312 silly reify mark retired [ 'C:\\Porfolio\\node_modules\\@humanfs\\node' ]
313 silly reify mark retired [ 'C:\\Porfolio\\node_modules\\@humanfs\\types' ]
314 silly reify mark retired [ 'C:\\Porfolio\\node_modules\\@img\\colour' ]
315 silly reify mark retired [ 'C:\\Porfolio\\node_modules\\@img\\sharp-win32-x64' ]
316 silly reify mark retired [ 'C:\\Porfolio\\node_modules\\@next\\env' ]
317 silly reify mark retired [ 'C:\\Porfolio\\node_modules\\@next\\eslint-plugin-next' ]
318 silly reify mark retired [ 'C:\\Porfolio\\node_modules\\@next\\swc-win32-x64-msvc' ]
319 silly reify mark retired [ 'C:\\Porfolio\\node_modules\\@nodelib\\fs.scandir' ]
320 silly reify mark retired [ 'C:\\Porfolio\\node_modules\\@nodelib\\fs.stat' ]
321 silly reify mark retired [ 'C:\\Porfolio\\node_modules\\@nodelib\\fs.walk' ]
322 silly reify mark retired [ 'C:\\Porfolio\\node_modules\\@jridgewell\\gen-mapping' ]
323 silly reify mark retired [ 'C:\\Porfolio\\node_modules\\@jridgewell\\remapping' ]
324 silly reify mark retired [ 'C:\\Porfolio\\node_modules\\@jridgewell\\resolve-uri' ]
325 silly reify mark retired [ 'C:\\Porfolio\\node_modules\\@jridgewell\\sourcemap-codec' ]
326 silly reify mark retired [ 'C:\\Porfolio\\node_modules\\@jridgewell\\trace-mapping' ]
327 silly reify mark retired [ 'C:\\Porfolio\\node_modules\\@nolyfill\\is-core-module' ]
328 silly reify mark retired [ 'C:\\Porfolio\\node_modules\\@tailwindcss\\node' ]
329 silly reify mark retired [ 'C:\\Porfolio\\node_modules\\@tailwindcss\\oxide' ]
330 silly reify mark retired [ 'C:\\Porfolio\\node_modules\\@tailwindcss\\oxide-win32-x64-msvc' ]
331 silly reify mark retired [ 'C:\\Porfolio\\node_modules\\@tailwindcss\\postcss' ]
332 silly reify mark retired [ 'C:\\Porfolio\\node_modules\\@swc\\helpers' ]
333 silly reify mark retired [ 'C:\\Porfolio\\node_modules\\@rtsao\\scc' ]
334 silly reify mark retired [ 'C:\\Porfolio\\node_modules\\@types\\estree' ]
335 silly reify mark retired [ 'C:\\Porfolio\\node_modules\\@types\\json-schema' ]
336 silly reify mark retired [ 'C:\\Porfolio\\node_modules\\@types\\json5' ]
337 silly reify mark retired [ 'C:\\Porfolio\\node_modules\\@types\\node' ]
338 silly reify mark retired [ 'C:\\Porfolio\\node_modules\\@types\\react' ]
339 silly reify mark retired [ 'C:\\Porfolio\\node_modules\\@types\\react-dom' ]
340 silly reify mark retired [ 'C:\\Porfolio\\node_modules\\@typescript-eslint\\eslint-plugin' ]
341 silly reify mark retired [ 'C:\\Porfolio\\node_modules\\@typescript-eslint\\parser' ]
342 silly reify mark retired [ 'C:\\Porfolio\\node_modules\\@typescript-eslint\\project-service' ]
343 silly reify mark retired [ 'C:\\Porfolio\\node_modules\\@typescript-eslint\\scope-manager' ]
344 silly reify mark retired [ 'C:\\Porfolio\\node_modules\\@typescript-eslint\\tsconfig-utils' ]
345 silly reify mark retired [ 'C:\\Porfolio\\node_modules\\@typescript-eslint\\type-utils' ]
346 silly reify mark retired [ 'C:\\Porfolio\\node_modules\\@typescript-eslint\\types' ]
347 silly reify mark retired [ 'C:\\Porfolio\\node_modules\\@typescript-eslint\\typescript-estree' ]
348 silly reify mark retired [ 'C:\\Porfolio\\node_modules\\@typescript-eslint\\utils' ]
349 silly reify mark retired [ 'C:\\Porfolio\\node_modules\\@typescript-eslint\\visitor-keys' ]
350 silly reify mark retired [
350 silly reify   'C:\\Porfolio\\node_modules\\@unrs\\resolver-binding-win32-x64-msvc'
350 silly reify ]
351 silly reify moves {
351 silly reify   'C:\\Porfolio\\node_modules\\acorn-jsx': 'C:\\Porfolio\\node_modules\\.acorn-jsx-z4PjiMVh',
351 silly reify   'C:\\Porfolio\\node_modules\\acorn': 'C:\\Porfolio\\node_modules\\.acorn-qqwkCWeF',
351 silly reify   'C:\\Porfolio\\node_modules\\ajv': 'C:\\Porfolio\\node_modules\\.ajv-0NZdWYXk',
351 silly reify   'C:\\Porfolio\\node_modules\\ansi-styles': 'C:\\Porfolio\\node_modules\\.ansi-styles-y07RQ5am',
351 silly reify   'C:\\Porfolio\\node_modules\\argparse': 'C:\\Porfolio\\node_modules\\.argparse-mezKJq2n',
351 silly reify   'C:\\Porfolio\\node_modules\\aria-query': 'C:\\Porfolio\\node_modules\\.aria-query-xZ6kYspO',
351 silly reify   'C:\\Porfolio\\node_modules\\array-buffer-byte-length': 'C:\\Porfolio\\node_modules\\.array-buffer-byte-length-bb5FME9k',
351 silly reify   'C:\\Porfolio\\node_modules\\array-includes': 'C:\\Porfolio\\node_modules\\.array-includes-FxjxmZht',
351 silly reify   'C:\\Porfolio\\node_modules\\array.prototype.findlast': 'C:\\Porfolio\\node_modules\\.array.prototype.findlast-0VmdgZ1Z',
351 silly reify   'C:\\Porfolio\\node_modules\\array.prototype.findlastindex': 'C:\\Porfolio\\node_modules\\.array.prototype.findlastindex-jYzANjWm',
351 silly reify   'C:\\Porfolio\\node_modules\\array.prototype.flat': 'C:\\Porfolio\\node_modules\\.array.prototype.flat-c8CxTCBJ',
351 silly reify   'C:\\Porfolio\\node_modules\\array.prototype.tosorted': 'C:\\Porfolio\\node_modules\\.array.prototype.tosorted-P9ZSJlJL',
351 silly reify   'C:\\Porfolio\\node_modules\\array.prototype.flatmap': 'C:\\Porfolio\\node_modules\\.array.prototype.flatmap-gRKCCQAz',
351 silly reify   'C:\\Porfolio\\node_modules\\arraybuffer.prototype.slice': 'C:\\Porfolio\\node_modules\\.arraybuffer.prototype.slice-jOoJij81',
351 silly reify   'C:\\Porfolio\\node_modules\\ast-types-flow': 'C:\\Porfolio\\node_modules\\.ast-types-flow-pCbJvFR4',
351 silly reify   'C:\\Porfolio\\node_modules\\async-function': 'C:\\Porfolio\\node_modules\\.async-function-ObLx6Deq',
351 silly reify   'C:\\Porfolio\\node_modules\\available-typed-arrays': 'C:\\Porfolio\\node_modules\\.available-typed-arrays-VYBixuuM',
351 silly reify   'C:\\Porfolio\\node_modules\\axe-core': 'C:\\Porfolio\\node_modules\\.axe-core-xoY3Kvsu',
351 silly reify   'C:\\Porfolio\\node_modules\\axobject-query': 'C:\\Porfolio\\node_modules\\.axobject-query-PqT6Vhxc',
351 silly reify   'C:\\Porfolio\\node_modules\\balanced-match': 'C:\\Porfolio\\node_modules\\.balanced-match-3Jd7zcbQ',
351 silly reify   'C:\\Porfolio\\node_modules\\baseline-browser-mapping': 'C:\\Porfolio\\node_modules\\.baseline-browser-mapping-GKb1fMI6',
351 silly reify   'C:\\Porfolio\\node_modules\\brace-expansion': 'C:\\Porfolio\\node_modules\\.brace-expansion-1hkTHBQ3',
351 silly reify   'C:\\Porfolio\\node_modules\\braces': 'C:\\Porfolio\\node_modules\\.braces-8DcANEqP',
351 silly reify   'C:\\Porfolio\\node_modules\\browserslist': 'C:\\Porfolio\\node_modules\\.browserslist-1bCdG77B',
351 silly reify   'C:\\Porfolio\\node_modules\\call-bind': 'C:\\Porfolio\\node_modules\\.call-bind-BxK1hC6P',
351 silly reify   'C:\\Porfolio\\node_modules\\call-bind-apply-helpers': 'C:\\Porfolio\\node_modules\\.call-bind-apply-helpers-F1zk4pAN',
351 silly reify   'C:\\Porfolio\\node_modules\\call-bound': 'C:\\Porfolio\\node_modules\\.call-bound-oFrCJwlc',
351 silly reify   'C:\\Porfolio\\node_modules\\callsites': 'C:\\Porfolio\\node_modules\\.callsites-VnOvbWJd',
351 silly reify   'C:\\Porfolio\\node_modules\\caniuse-lite': 'C:\\Porfolio\\node_modules\\.caniuse-lite-Qv1s0soW',
351 silly reify   'C:\\Porfolio\\node_modules\\chalk': 'C:\\Porfolio\\node_modules\\.chalk-4BXIZ0Kd',
351 silly reify   'C:\\Porfolio\\node_modules\\client-only': 'C:\\Porfolio\\node_modules\\.client-only-f4iA250Y',
351 silly reify   'C:\\Porfolio\\node_modules\\color-convert': 'C:\\Porfolio\\node_modules\\.color-convert-jviDD6D4',
351 silly reify   'C:\\Porfolio\\node_modules\\color-name': 'C:\\Porfolio\\node_modules\\.color-name-LiZQxyB0',
351 silly reify   'C:\\Porfolio\\node_modules\\concat-map': 'C:\\Porfolio\\node_modules\\.concat-map-lJOFsCpa',
351 silly reify   'C:\\Porfolio\\node_modules\\convert-source-map': 'C:\\Porfolio\\node_modules\\.convert-source-map-EyuiRLI7',
351 silly reify   'C:\\Porfolio\\node_modules\\cross-spawn': 'C:\\Porfolio\\node_modules\\.cross-spawn-bJRcjUFz',
351 silly reify   'C:\\Porfolio\\node_modules\\csstype': 'C:\\Porfolio\\node_modules\\.csstype-eqAOeaC3',
351 silly reify   'C:\\Porfolio\\node_modules\\data-view-buffer': 'C:\\Porfolio\\node_modules\\.data-view-buffer-d1nFnM6e',
351 silly reify   'C:\\Porfolio\\node_modules\\damerau-levenshtein': 'C:\\Porfolio\\node_modules\\.damerau-levenshtein-LDOephGf',
351 silly reify   'C:\\Porfolio\\node_modules\\data-view-byte-length': 'C:\\Porfolio\\node_modules\\.data-view-byte-length-jQO1Fqwk',
351 silly reify   'C:\\Porfolio\\node_modules\\data-view-byte-offset': 'C:\\Porfolio\\node_modules\\.data-view-byte-offset-e4THDPei',
351 silly reify   'C:\\Porfolio\\node_modules\\debug': 'C:\\Porfolio\\node_modules\\.debug-JkX70ODG',
351 silly reify   'C:\\Porfolio\\node_modules\\deep-is': 'C:\\Porfolio\\node_modules\\.deep-is-81EGucoi',
351 silly reify   'C:\\Porfolio\\node_modules\\define-data-property': 'C:\\Porfolio\\node_modules\\.define-data-property-xxxOWgHf',
351 silly reify   'C:\\Porfolio\\node_modules\\define-properties': 'C:\\Porfolio\\node_modules\\.define-properties-yciiOegP',
351 silly reify   'C:\\Porfolio\\node_modules\\detect-libc': 'C:\\Porfolio\\node_modules\\.detect-libc-5bH7oq8Q',
351 silly reify   'C:\\Porfolio\\node_modules\\doctrine': 'C:\\Porfolio\\node_modules\\.doctrine-hkAXv7Ox',
351 silly reify   'C:\\Porfolio\\node_modules\\dunder-proto': 'C:\\Porfolio\\node_modules\\.dunder-proto-egnWFMZV',
351 silly reify   'C:\\Porfolio\\node_modules\\electron-to-chromium': 'C:\\Porfolio\\node_modules\\.electron-to-chromium-PTuD8wfL',
351 silly reify   'C:\\Porfolio\\node_modules\\emoji-regex': 'C:\\Porfolio\\node_modules\\.emoji-regex-Lhqif4Ru',
351 silly reify   'C:\\Porfolio\\node_modules\\enhanced-resolve': 'C:\\Porfolio\\node_modules\\.enhanced-resolve-mfU5rgKs',
351 silly reify   'C:\\Porfolio\\node_modules\\es-abstract': 'C:\\Porfolio\\node_modules\\.es-abstract-IabYx0fi',
351 silly reify   'C:\\Porfolio\\node_modules\\es-define-property': 'C:\\Porfolio\\node_modules\\.es-define-property-1NtgS3NP',
351 silly reify   'C:\\Porfolio\\node_modules\\es-errors': 'C:\\Porfolio\\node_modules\\.es-errors-ZepBF18g',
351 silly reify   'C:\\Porfolio\\node_modules\\es-iterator-helpers': 'C:\\Porfolio\\node_modules\\.es-iterator-helpers-uLO0c2v6',
351 silly reify   'C:\\Porfolio\\node_modules\\es-shim-unscopables': 'C:\\Porfolio\\node_modules\\.es-shim-unscopables-1L5cuhBk',
351 silly reify   'C:\\Porfolio\\node_modules\\es-object-atoms': 'C:\\Porfolio\\node_modules\\.es-object-atoms-FdVZ1GWZ',
351 silly reify   'C:\\Porfolio\\node_modules\\es-set-tostringtag': 'C:\\Porfolio\\node_modules\\.es-set-tostringtag-R5dodQ9x',
351 silly reify   'C:\\Porfolio\\node_modules\\es-to-primitive': 'C:\\Porfolio\\node_modules\\.es-to-primitive-pLRydICo',
351 silly reify   'C:\\Porfolio\\node_modules\\escalade': 'C:\\Porfolio\\node_modules\\.escalade-2OIOiJvp',
351 silly reify   'C:\\Porfolio\\node_modules\\escape-string-regexp': 'C:\\Porfolio\\node_modules\\.escape-string-regexp-x4ZdYeN9',
351 silly reify   'C:\\Porfolio\\node_modules\\eslint': 'C:\\Porfolio\\node_modules\\.eslint-Y182NJyU',
351 silly reify   'C:\\Porfolio\\node_modules\\eslint-config-next': 'C:\\Porfolio\\node_modules\\.eslint-config-next-IJ0qAG5i',
351 silly reify   'C:\\Porfolio\\node_modules\\eslint-import-resolver-node': 'C:\\Porfolio\\node_modules\\.eslint-import-resolver-node-BVro17Qv',
351 silly reify   'C:\\Porfolio\\node_modules\\eslint-import-resolver-typescript': 'C:\\Porfolio\\node_modules\\.eslint-import-resolver-typescript-FkcdyY25',
351 silly reify   'C:\\Porfolio\\node_modules\\eslint-module-utils': 'C:\\Porfolio\\node_modules\\.eslint-module-utils-yeCovxEM',
351 silly reify   'C:\\Porfolio\\node_modules\\eslint-plugin-import': 'C:\\Porfolio\\node_modules\\.eslint-plugin-import-sFJZuEkU',
351 silly reify   'C:\\Porfolio\\node_modules\\eslint-plugin-jsx-a11y': 'C:\\Porfolio\\node_modules\\.eslint-plugin-jsx-a11y-fP32uj6w',
351 silly reify   'C:\\Porfolio\\node_modules\\eslint-plugin-react': 'C:\\Porfolio\\node_modules\\.eslint-plugin-react-B2TB3mOA',
351 silly reify   'C:\\Porfolio\\node_modules\\eslint-plugin-react-hooks': 'C:\\Porfolio\\node_modules\\.eslint-plugin-react-hooks-QLIAJtW5',
351 silly reify   'C:\\Porfolio\\node_modules\\eslint-scope': 'C:\\Porfolio\\node_modules\\.eslint-scope-TIutJVvo',
351 silly reify   'C:\\Porfolio\\node_modules\\eslint-visitor-keys': 'C:\\Porfolio\\node_modules\\.eslint-visitor-keys-DtAD9FnD',
351 silly reify   'C:\\Porfolio\\node_modules\\espree': 'C:\\Porfolio\\node_modules\\.espree-XbA6KiPL',
351 silly reify   'C:\\Porfolio\\node_modules\\esquery': 'C:\\Porfolio\\node_modules\\.esquery-1gFYpLNY',
351 silly reify   'C:\\Porfolio\\node_modules\\esrecurse': 'C:\\Porfolio\\node_modules\\.esrecurse-PsjPFFRN',
351 silly reify   'C:\\Porfolio\\node_modules\\estraverse': 'C:\\Porfolio\\node_modules\\.estraverse-qUfpBc2s',
351 silly reify   'C:\\Porfolio\\node_modules\\esutils': 'C:\\Porfolio\\node_modules\\.esutils-eQcRyMpr',
351 silly reify   'C:\\Porfolio\\node_modules\\fast-deep-equal': 'C:\\Porfolio\\node_modules\\.fast-deep-equal-a6sfHBPo',
351 silly reify   'C:\\Porfolio\\node_modules\\fast-glob': 'C:\\Porfolio\\node_modules\\.fast-glob-O3HMAGWM',
351 silly reify   'C:\\Porfolio\\node_modules\\fast-json-stable-stringify': 'C:\\Porfolio\\node_modules\\.fast-json-stable-stringify-9elaruyT',
351 silly reify   'C:\\Porfolio\\node_modules\\fast-levenshtein': 'C:\\Porfolio\\node_modules\\.fast-levenshtein-WMYoJlrE',
351 silly reify   'C:\\Porfolio\\node_modules\\fastq': 'C:\\Porfolio\\node_modules\\.fastq-rK07fQk6',
351 silly reify   'C:\\Porfolio\\node_modules\\file-entry-cache': 'C:\\Porfolio\\node_modules\\.file-entry-cache-Vvp794bd',
351 silly reify   'C:\\Porfolio\\node_modules\\fill-range': 'C:\\Porfolio\\node_modules\\.fill-range-uU108bxK',
351 silly reify   'C:\\Porfolio\\node_modules\\find-up': 'C:\\Porfolio\\node_modules\\.find-up-350RERNb',
351 silly reify   'C:\\Porfolio\\node_modules\\flat-cache': 'C:\\Porfolio\\node_modules\\.flat-cache-43Ol1tJb',
351 silly reify   'C:\\Porfolio\\node_modules\\flatted': 'C:\\Porfolio\\node_modules\\.flatted-lqsmFw7F',
351 silly reify   'C:\\Porfolio\\node_modules\\for-each': 'C:\\Porfolio\\node_modules\\.for-each-0YThnVKX',
351 silly reify   'C:\\Porfolio\\node_modules\\function-bind': 'C:\\Porfolio\\node_modules\\.function-bind-VS1DYSAH',
351 silly reify   'C:\\Porfolio\\node_modules\\function.prototype.name': 'C:\\Porfolio\\node_modules\\.function.prototype.name-2S6hhXOZ',
351 silly reify   'C:\\Porfolio\\node_modules\\functions-have-names': 'C:\\Porfolio\\node_modules\\.functions-have-names-VAZWvgH5',
351 silly reify   'C:\\Porfolio\\node_modules\\generator-function': 'C:\\Porfolio\\node_modules\\.generator-function-uzetwvo4',
351 silly reify   'C:\\Porfolio\\node_modules\\gensync': 'C:\\Porfolio\\node_modules\\.gensync-naoWtlmz',
351 silly reify   'C:\\Porfolio\\node_modules\\get-intrinsic': 'C:\\Porfolio\\node_modules\\.get-intrinsic-WmWvghUQ',
351 silly reify   'C:\\Porfolio\\node_modules\\get-proto': 'C:\\Porfolio\\node_modules\\.get-proto-wxQXstO5',
351 silly reify   'C:\\Porfolio\\node_modules\\get-symbol-description': 'C:\\Porfolio\\node_modules\\.get-symbol-description-ChGWCtwy',
351 silly reify   'C:\\Porfolio\\node_modules\\get-tsconfig': 'C:\\Porfolio\\node_modules\\.get-tsconfig-rFhGkU38',
351 silly reify   'C:\\Porfolio\\node_modules\\glob-parent': 'C:\\Porfolio\\node_modules\\.glob-parent-v5Ryh2oy',
351 silly reify   'C:\\Porfolio\\node_modules\\globals': 'C:\\Porfolio\\node_modules\\.globals-84HrcVUw',
351 silly reify   'C:\\Porfolio\\node_modules\\globalthis': 'C:\\Porfolio\\node_modules\\.globalthis-JqzxxMN0',
351 silly reify   'C:\\Porfolio\\node_modules\\gopd': 'C:\\Porfolio\\node_modules\\.gopd-SiAZmzus',
351 silly reify   'C:\\Porfolio\\node_modules\\graceful-fs': 'C:\\Porfolio\\node_modules\\.graceful-fs-cmGgsV75',
351 silly reify   'C:\\Porfolio\\node_modules\\has-bigints': 'C:\\Porfolio\\node_modules\\.has-bigints-qzQPveWO',
351 silly reify   'C:\\Porfolio\\node_modules\\has-flag': 'C:\\Porfolio\\node_modules\\.has-flag-MXw5kzCE',
351 silly reify   'C:\\Porfolio\\node_modules\\has-property-descriptors': 'C:\\Porfolio\\node_modules\\.has-property-descriptors-YVqOG9Eo',
351 silly reify   'C:\\Porfolio\\node_modules\\has-proto': 'C:\\Porfolio\\node_modules\\.has-proto-JXKmMhXg',
351 silly reify   'C:\\Porfolio\\node_modules\\has-symbols': 'C:\\Porfolio\\node_modules\\.has-symbols-nu7GWqUt',
351 silly reify   'C:\\Porfolio\\node_modules\\has-tostringtag': 'C:\\Porfolio\\node_modules\\.has-tostringtag-tEaCmYq7',
351 silly reify   'C:\\Porfolio\\node_modules\\hasown': 'C:\\Porfolio\\node_modules\\.hasown-3Oa7AHEh',
351 silly reify   'C:\\Porfolio\\node_modules\\hermes-estree': 'C:\\Porfolio\\node_modules\\.hermes-estree-4aeYNSBN',
351 silly reify   'C:\\Porfolio\\node_modules\\hermes-parser': 'C:\\Porfolio\\node_modules\\.hermes-parser-RPG6y7BP',
351 silly reify   'C:\\Porfolio\\node_modules\\ignore': 'C:\\Porfolio\\node_modules\\.ignore-pbl45rxC',
351 silly reify   'C:\\Porfolio\\node_modules\\import-fresh': 'C:\\Porfolio\\node_modules\\.import-fresh-Lts9miMg',
351 silly reify   'C:\\Porfolio\\node_modules\\imurmurhash': 'C:\\Porfolio\\node_modules\\.imurmurhash-1lAqp3Eb',
351 silly reify   'C:\\Porfolio\\node_modules\\internal-slot': 'C:\\Porfolio\\node_modules\\.internal-slot-BIZE4B7e',
351 silly reify   'C:\\Porfolio\\node_modules\\is-array-buffer': 'C:\\Porfolio\\node_modules\\.is-array-buffer-mbhNTr0e',
351 silly reify   'C:\\Porfolio\\node_modules\\is-async-function': 'C:\\Porfolio\\node_modules\\.is-async-function-aHmEgRpe',
351 silly reify   'C:\\Porfolio\\node_modules\\is-bigint': 'C:\\Porfolio\\node_modules\\.is-bigint-j9SSOnAs',
351 silly reify   'C:\\Porfolio\\node_modules\\is-boolean-object': 'C:\\Porfolio\\node_modules\\.is-boolean-object-ssdtBD9r',
351 silly reify   'C:\\Porfolio\\node_modules\\is-bun-module': 'C:\\Porfolio\\node_modules\\.is-bun-module-4rM45idY',
351 silly reify   'C:\\Porfolio\\node_modules\\is-callable': 'C:\\Porfolio\\node_modules\\.is-callable-aODrvjdo',
351 silly reify   'C:\\Porfolio\\node_modules\\is-core-module': 'C:\\Porfolio\\node_modules\\.is-core-module-BHQK6lRo',
351 silly reify   'C:\\Porfolio\\node_modules\\is-data-view': 'C:\\Porfolio\\node_modules\\.is-data-view-QowWJkv0',
351 silly reify   'C:\\Porfolio\\node_modules\\is-date-object': 'C:\\Porfolio\\node_modules\\.is-date-object-8b5ckmQ8',
351 silly reify   'C:\\Porfolio\\node_modules\\is-extglob': 'C:\\Porfolio\\node_modules\\.is-extglob-kn2dYcvo',
351 silly reify   'C:\\Porfolio\\node_modules\\is-finalizationregistry': 'C:\\Porfolio\\node_modules\\.is-finalizationregistry-rsuUz4yP',
351 silly reify   'C:\\Porfolio\\node_modules\\is-generator-function': 'C:\\Porfolio\\node_modules\\.is-generator-function-JgjJU7m5',
351 silly reify   'C:\\Porfolio\\node_modules\\is-glob': 'C:\\Porfolio\\node_modules\\.is-glob-CYLegNC5',
351 silly reify   'C:\\Porfolio\\node_modules\\is-map': 'C:\\Porfolio\\node_modules\\.is-map-ng8tJaTM',
351 silly reify   'C:\\Porfolio\\node_modules\\is-negative-zero': 'C:\\Porfolio\\node_modules\\.is-negative-zero-KfKaRqiF',
351 silly reify   'C:\\Porfolio\\node_modules\\is-number': 'C:\\Porfolio\\node_modules\\.is-number-W4e1Zbhi',
351 silly reify   'C:\\Porfolio\\node_modules\\is-number-object': 'C:\\Porfolio\\node_modules\\.is-number-object-e1O3RNkU',
351 silly reify   'C:\\Porfolio\\node_modules\\is-regex': 'C:\\Porfolio\\node_modules\\.is-regex-KOGVD8VZ',
351 silly reify   'C:\\Porfolio\\node_modules\\is-set': 'C:\\Porfolio\\node_modules\\.is-set-JpnPiXEu',
351 silly reify   'C:\\Porfolio\\node_modules\\is-shared-array-buffer': 'C:\\Porfolio\\node_modules\\.is-shared-array-buffer-zexr9QDM',
351 silly reify   'C:\\Porfolio\\node_modules\\is-string': 'C:\\Porfolio\\node_modules\\.is-string-rcymFqp0',
351 silly reify   'C:\\Porfolio\\node_modules\\is-symbol': 'C:\\Porfolio\\node_modules\\.is-symbol-wRRK0DZx',
351 silly reify   'C:\\Porfolio\\node_modules\\is-typed-array': 'C:\\Porfolio\\node_modules\\.is-typed-array-sKMn8tY8',
351 silly reify   'C:\\Porfolio\\node_modules\\is-weakmap': 'C:\\Porfolio\\node_modules\\.is-weakmap-Km9vlUMw',
351 silly reify   'C:\\Porfolio\\node_modules\\is-weakref': 'C:\\Porfolio\\node_modules\\.is-weakref-CLxHDajs',
351 silly reify   'C:\\Porfolio\\node_modules\\is-weakset': 'C:\\Porfolio\\node_modules\\.is-weakset-vnvuOR4N',
351 silly reify   'C:\\Porfolio\\node_modules\\isarray': 'C:\\Porfolio\\node_modules\\.isarray-IByjy5tr',
351 silly reify   'C:\\Porfolio\\node_modules\\isexe': 'C:\\Porfolio\\node_modules\\.isexe-WVILRgvp',
351 silly reify   'C:\\Porfolio\\node_modules\\iterator.prototype': 'C:\\Porfolio\\node_modules\\.iterator.prototype-mm6JUQcZ',
351 silly reify   'C:\\Porfolio\\node_modules\\jiti': 'C:\\Porfolio\\node_modules\\.jiti-FQkue3ws',
351 silly reify   'C:\\Porfolio\\node_modules\\js-tokens': 'C:\\Porfolio\\node_modules\\.js-tokens-PYbahs9X',
351 silly reify   'C:\\Porfolio\\node_modules\\js-yaml': 'C:\\Porfolio\\node_modules\\.js-yaml-NGTBSmff',
351 silly reify   'C:\\Porfolio\\node_modules\\jsesc': 'C:\\Porfolio\\node_modules\\.jsesc-s2b0mFE2',
351 silly reify   'C:\\Porfolio\\node_modules\\json-buffer': 'C:\\Porfolio\\node_modules\\.json-buffer-bVjGDSZo',
351 silly reify   'C:\\Porfolio\\node_modules\\json-schema-traverse': 'C:\\Porfolio\\node_modules\\.json-schema-traverse-DM8lw1FF',
351 silly reify   'C:\\Porfolio\\node_modules\\json-stable-stringify-without-jsonify': 'C:\\Porfolio\\node_modules\\.json-stable-stringify-without-jsonify-6bbeF7cm',
351 silly reify   'C:\\Porfolio\\node_modules\\json5': 'C:\\Porfolio\\node_modules\\.json5-5akpPlxX',
351 silly reify   'C:\\Porfolio\\node_modules\\jsx-ast-utils': 'C:\\Porfolio\\node_modules\\.jsx-ast-utils-HyBIoR6c',
351 silly reify   'C:\\Porfolio\\node_modules\\keyv': 'C:\\Porfolio\\node_modules\\.keyv-23PfkNtt',
351 silly reify   'C:\\Porfolio\\node_modules\\language-subtag-registry': 'C:\\Porfolio\\node_modules\\.language-subtag-registry-NoQgEe08',
351 silly reify   'C:\\Porfolio\\node_modules\\language-tags': 'C:\\Porfolio\\node_modules\\.language-tags-ZNkmdl6K',
351 silly reify   'C:\\Porfolio\\node_modules\\levn': 'C:\\Porfolio\\node_modules\\.levn-XJlJWjO9',
351 silly reify   'C:\\Porfolio\\node_modules\\lightningcss': 'C:\\Porfolio\\node_modules\\.lightningcss-mFqi8mr3',
351 silly reify   'C:\\Porfolio\\node_modules\\lightningcss-win32-x64-msvc': 'C:\\Porfolio\\node_modules\\.lightningcss-win32-x64-msvc-ggei1YB6',
351 silly reify   'C:\\Porfolio\\node_modules\\locate-path': 'C:\\Porfolio\\node_modules\\.locate-path-sV2jOFsx',
351 silly reify   'C:\\Porfolio\\node_modules\\lodash.merge': 'C:\\Porfolio\\node_modules\\.lodash.merge-jtwZbet2',
351 silly reify   'C:\\Porfolio\\node_modules\\loose-envify': 'C:\\Porfolio\\node_modules\\.loose-envify-YKN0Uaip',
351 silly reify   'C:\\Porfolio\\node_modules\\lru-cache': 'C:\\Porfolio\\node_modules\\.lru-cache-MCsL5ozS',
351 silly reify   'C:\\Porfolio\\node_modules\\magic-string': 'C:\\Porfolio\\node_modules\\.magic-string-99JOEPuP',
351 silly reify   'C:\\Porfolio\\node_modules\\math-intrinsics': 'C:\\Porfolio\\node_modules\\.math-intrinsics-jiDHrGjy',
351 silly reify   'C:\\Porfolio\\node_modules\\merge2': 'C:\\Porfolio\\node_modules\\.merge2-myIxXqyy',
351 silly reify   'C:\\Porfolio\\node_modules\\micromatch': 'C:\\Porfolio\\node_modules\\.micromatch-6VyjVXZa',
351 silly reify   'C:\\Porfolio\\node_modules\\minimatch': 'C:\\Porfolio\\node_modules\\.minimatch-nV5usaaL',
351 silly reify   'C:\\Porfolio\\node_modules\\minimist': 'C:\\Porfolio\\node_modules\\.minimist-IuU0oRBi',
351 silly reify   'C:\\Porfolio\\node_modules\\ms': 'C:\\Porfolio\\node_modules\\.ms-eD48MWoe',
351 silly reify   'C:\\Porfolio\\node_modules\\nanoid': 'C:\\Porfolio\\node_modules\\.nanoid-23R83LFk',
351 silly reify   'C:\\Porfolio\\node_modules\\napi-postinstall': 'C:\\Porfolio\\node_modules\\.napi-postinstall-92dMoyNq',
351 silly reify   'C:\\Porfolio\\node_modules\\natural-compare': 'C:\\Porfolio\\node_modules\\.natural-compare-5YU8RqEB',
351 silly reify   'C:\\Porfolio\\node_modules\\next': 'C:\\Porfolio\\node_modules\\.next-pi8UME8P',
351 silly reify   'C:\\Porfolio\\node_modules\\node-exports-info': 'C:\\Porfolio\\node_modules\\.node-exports-info-Gq0shAlC',
351 silly reify   'C:\\Porfolio\\node_modules\\node-releases': 'C:\\Porfolio\\node_modules\\.node-releases-iNLXrCGY',
351 silly reify   'C:\\Porfolio\\node_modules\\object-assign': 'C:\\Porfolio\\node_modules\\.object-assign-mloT37JN',
351 silly reify   'C:\\Porfolio\\node_modules\\object-inspect': 'C:\\Porfolio\\node_modules\\.object-inspect-tmC10RKa',
351 silly reify   'C:\\Porfolio\\node_modules\\object-keys': 'C:\\Porfolio\\node_modules\\.object-keys-37VhtOCD',
351 silly reify   'C:\\Porfolio\\node_modules\\object.assign': 'C:\\Porfolio\\node_modules\\.object.assign-4Q0dQfA1',
351 silly reify   'C:\\Porfolio\\node_modules\\object.entries': 'C:\\Porfolio\\node_modules\\.object.entries-BMcoVSWp',
351 silly reify   'C:\\Porfolio\\node_modules\\object.fromentries': 'C:\\Porfolio\\node_modules\\.object.fromentries-4s3JOA1S',
351 silly reify   'C:\\Porfolio\\node_modules\\object.groupby': 'C:\\Porfolio\\node_modules\\.object.groupby-aHMJw7GN',
351 silly reify   'C:\\Porfolio\\node_modules\\object.values': 'C:\\Porfolio\\node_modules\\.object.values-JX0PqL2v',
351 silly reify   'C:\\Porfolio\\node_modules\\optionator': 'C:\\Porfolio\\node_modules\\.optionator-dxh9tHaX',
351 silly reify   'C:\\Porfolio\\node_modules\\own-keys': 'C:\\Porfolio\\node_modules\\.own-keys-Rw5HDjeZ',
351 silly reify   'C:\\Porfolio\\node_modules\\p-limit': 'C:\\Porfolio\\node_modules\\.p-limit-z89AmlXK',
351 silly reify   'C:\\Porfolio\\node_modules\\p-locate': 'C:\\Porfolio\\node_modules\\.p-locate-7ht4ByVa',
351 silly reify   'C:\\Porfolio\\node_modules\\parent-module': 'C:\\Porfolio\\node_modules\\.parent-module-CUCJbjaq',
351 silly reify   'C:\\Porfolio\\node_modules\\path-exists': 'C:\\Porfolio\\node_modules\\.path-exists-QLRKe0Ug',
351 silly reify   'C:\\Porfolio\\node_modules\\path-key': 'C:\\Porfolio\\node_modules\\.path-key-XduvxXsW',
351 silly reify   'C:\\Porfolio\\node_modules\\path-parse': 'C:\\Porfolio\\node_modules\\.path-parse-IEsVrLuJ',
351 silly reify   'C:\\Porfolio\\node_modules\\picocolors': 'C:\\Porfolio\\node_modules\\.picocolors-VlIhWPGx',
351 silly reify   'C:\\Porfolio\\node_modules\\picomatch': 'C:\\Porfolio\\node_modules\\.picomatch-HtgUImCe',
351 silly reify   'C:\\Porfolio\\node_modules\\possible-typed-array-names': 'C:\\Porfolio\\node_modules\\.possible-typed-array-names-Z4busi86',
351 silly reify   'C:\\Porfolio\\node_modules\\postcss': 'C:\\Porfolio\\node_modules\\.postcss-I04uS6gJ',
351 silly reify   'C:\\Porfolio\\node_modules\\prelude-ls': 'C:\\Porfolio\\node_modules\\.prelude-ls-hi8jYz46',
351 silly reify   'C:\\Porfolio\\node_modules\\prop-types': 'C:\\Porfolio\\node_modules\\.prop-types-GWqEPtAR',
351 silly reify   'C:\\Porfolio\\node_modules\\punycode': 'C:\\Porfolio\\node_modules\\.punycode-v0eTsuIY',
351 silly reify   'C:\\Porfolio\\node_modules\\queue-microtask': 'C:\\Porfolio\\node_modules\\.queue-microtask-4vdjYnRT',
351 silly reify   'C:\\Porfolio\\node_modules\\react': 'C:\\Porfolio\\node_modules\\.react-6jzKIyKl',
351 silly reify   'C:\\Porfolio\\node_modules\\react-dom': 'C:\\Porfolio\\node_modules\\.react-dom-F6D8HLtX',
351 silly reify   'C:\\Porfolio\\node_modules\\react-is': 'C:\\Porfolio\\node_modules\\.react-is-jpwW6CRr',
351 silly reify   'C:\\Porfolio\\node_modules\\reflect.getprototypeof': 'C:\\Porfolio\\node_modules\\.reflect.getprototypeof-O1tZzw3e',
351 silly reify   'C:\\Porfolio\\node_modules\\regexp.prototype.flags': 'C:\\Porfolio\\node_modules\\.regexp.prototype.flags-q5YJ9Jx7',
351 silly reify   'C:\\Porfolio\\node_modules\\resolve': 'C:\\Porfolio\\node_modules\\.resolve-GO2Ohpqt',
351 silly reify   'C:\\Porfolio\\node_modules\\resolve-from': 'C:\\Porfolio\\node_modules\\.resolve-from-QCGypMxB',
351 silly reify   'C:\\Porfolio\\node_modules\\resolve-pkg-maps': 'C:\\Porfolio\\node_modules\\.resolve-pkg-maps-woC546L3',
351 silly reify   'C:\\Porfolio\\node_modules\\reusify': 'C:\\Porfolio\\node_modules\\.reusify-NQ18yfUp',
351 silly reify   'C:\\Porfolio\\node_modules\\run-parallel': 'C:\\Porfolio\\node_modules\\.run-parallel-UVWN8MsG',
351 silly reify   'C:\\Porfolio\\node_modules\\safe-array-concat': 'C:\\Porfolio\\node_modules\\.safe-array-concat-ZtbPkPej',
351 silly reify   'C:\\Porfolio\\node_modules\\safe-push-apply': 'C:\\Porfolio\\node_modules\\.safe-push-apply-FQsgA3ns',
351 silly reify   'C:\\Porfolio\\node_modules\\safe-regex-test': 'C:\\Porfolio\\node_modules\\.safe-regex-test-C6TsFTRn',
351 silly reify   'C:\\Porfolio\\node_modules\\scheduler': 'C:\\Porfolio\\node_modules\\.scheduler-RYXQZZow',
351 silly reify   'C:\\Porfolio\\node_modules\\semver': 'C:\\Porfolio\\node_modules\\.semver-yTaQ2BsL',
351 silly reify   'C:\\Porfolio\\node_modules\\set-function-length': 'C:\\Porfolio\\node_modules\\.set-function-length-KfPfTiqF',
351 silly reify   'C:\\Porfolio\\node_modules\\set-function-name': 'C:\\Porfolio\\node_modules\\.set-function-name-hUMUfdXi',
351 silly reify   'C:\\Porfolio\\node_modules\\set-proto': 'C:\\Porfolio\\node_modules\\.set-proto-AVGVsOMB',
351 silly reify   'C:\\Porfolio\\node_modules\\sharp': 'C:\\Porfolio\\node_modules\\.sharp-7aeDOEq1',
351 silly reify   'C:\\Porfolio\\node_modules\\shebang-command': 'C:\\Porfolio\\node_modules\\.shebang-command-LDP416RP',
351 silly reify   'C:\\Porfolio\\node_modules\\shebang-regex': 'C:\\Porfolio\\node_modules\\.shebang-regex-Zk3bsaUX',
351 silly reify   'C:\\Porfolio\\node_modules\\side-channel': 'C:\\Porfolio\\node_modules\\.side-channel-2WL597lk',
351 silly reify   'C:\\Porfolio\\node_modules\\side-channel-list': 'C:\\Porfolio\\node_modules\\.side-channel-list-hUb42c3b',
351 silly reify   'C:\\Porfolio\\node_modules\\side-channel-map': 'C:\\Porfolio\\node_modules\\.side-channel-map-XTRylFif',
351 silly reify   'C:\\Porfolio\\node_modules\\side-channel-weakmap': 'C:\\Porfolio\\node_modules\\.side-channel-weakmap-nRU2JGi2',
351 silly reify   'C:\\Porfolio\\node_modules\\source-map-js': 'C:\\Porfolio\\node_modules\\.source-map-js-00FDqhRq',
351 silly reify   'C:\\Porfolio\\node_modules\\stable-hash': 'C:\\Porfolio\\node_modules\\.stable-hash-fg7m0TBP',
351 silly reify   'C:\\Porfolio\\node_modules\\stop-iteration-iterator': 'C:\\Porfolio\\node_modules\\.stop-iteration-iterator-7y80Ty6w',
351 silly reify   'C:\\Porfolio\\node_modules\\string.prototype.includes': 'C:\\Porfolio\\node_modules\\.string.prototype.includes-XauLiuZb',
351 silly reify   'C:\\Porfolio\\node_modules\\string.prototype.matchall': 'C:\\Porfolio\\node_modules\\.string.prototype.matchall-Ud2bh7Fq',
351 silly reify   'C:\\Porfolio\\node_modules\\string.prototype.repeat': 'C:\\Porfolio\\node_modules\\.string.prototype.repeat-gXA4dnQZ',
351 silly reify   'C:\\Porfolio\\node_modules\\string.prototype.trim': 'C:\\Porfolio\\node_modules\\.string.prototype.trim-WD7FKzLs',
351 silly reify   'C:\\Porfolio\\node_modules\\string.prototype.trimend': 'C:\\Porfolio\\node_modules\\.string.prototype.trimend-CRCrCBE6',
351 silly reify   'C:\\Porfolio\\node_modules\\string.prototype.trimstart': 'C:\\Porfolio\\node_modules\\.string.prototype.trimstart-PubYL0tz',
351 silly reify   'C:\\Porfolio\\node_modules\\strip-bom': 'C:\\Porfolio\\node_modules\\.strip-bom-WgmF9JDg',
351 silly reify   'C:\\Porfolio\\node_modules\\strip-json-comments': 'C:\\Porfolio\\node_modules\\.strip-json-comments-SnAspbjJ',
351 silly reify   'C:\\Porfolio\\node_modules\\styled-jsx': 'C:\\Porfolio\\node_modules\\.styled-jsx-GfZ99Xam',
351 silly reify   'C:\\Porfolio\\node_modules\\supports-color': 'C:\\Porfolio\\node_modules\\.supports-color-FaBGbb1m',
351 silly reify   'C:\\Porfolio\\node_modules\\supports-preserve-symlinks-flag': 'C:\\Porfolio\\node_modules\\.supports-preserve-symlinks-flag-FrKfer6g',
351 silly reify   'C:\\Porfolio\\node_modules\\tailwindcss': 'C:\\Porfolio\\node_modules\\.tailwindcss-6aIARSVC',
351 silly reify   'C:\\Porfolio\\node_modules\\tapable': 'C:\\Porfolio\\node_modules\\.tapable-d68FGozV',
351 silly reify   'C:\\Porfolio\\node_modules\\tinyglobby': 'C:\\Porfolio\\node_modules\\.tinyglobby-2GAZCe08',
351 silly reify   'C:\\Porfolio\\node_modules\\to-regex-range': 'C:\\Porfolio\\node_modules\\.to-regex-range-3yaBhK0x',
351 silly reify   'C:\\Porfolio\\node_modules\\ts-api-utils': 'C:\\Porfolio\\node_modules\\.ts-api-utils-YVsjtr0d',
351 silly reify   'C:\\Porfolio\\node_modules\\tsconfig-paths': 'C:\\Porfolio\\node_modules\\.tsconfig-paths-Gf3ZqCRy',
351 silly reify   'C:\\Porfolio\\node_modules\\tslib': 'C:\\Porfolio\\node_modules\\.tslib-TYo6lzBW',
351 silly reify   'C:\\Porfolio\\node_modules\\type-check': 'C:\\Porfolio\\node_modules\\.type-check-DsOIFep3',
351 silly reify   'C:\\Porfolio\\node_modules\\typed-array-buffer': 'C:\\Porfolio\\node_modules\\.typed-array-buffer-OCOSQUCQ',
351 silly reify   'C:\\Porfolio\\node_modules\\typed-array-byte-length': 'C:\\Porfolio\\node_modules\\.typed-array-byte-length-0P8gi8FZ',
351 silly reify   'C:\\Porfolio\\node_modules\\typed-array-byte-offset': 'C:\\Porfolio\\node_modules\\.typed-array-byte-offset-BmFZwX6x',
351 silly reify   'C:\\Porfolio\\node_modules\\typed-array-length': 'C:\\Porfolio\\node_modules\\.typed-array-length-mPryGSlh',
351 silly reify   'C:\\Porfolio\\node_modules\\typescript': 'C:\\Porfolio\\node_modules\\.typescript-9og8NELC',
351 silly reify   'C:\\Porfolio\\node_modules\\typescript-eslint': 'C:\\Porfolio\\node_modules\\.typescript-eslint-oh8FJmmh',
351 silly reify   'C:\\Porfolio\\node_modules\\unbox-primitive': 'C:\\Porfolio\\node_modules\\.unbox-primitive-MAiemik3',
351 silly reify   'C:\\Porfolio\\node_modules\\undici-types': 'C:\\Porfolio\\node_modules\\.undici-types-IJttVrtJ',
351 silly reify   'C:\\Porfolio\\node_modules\\unrs-resolver': 'C:\\Porfolio\\node_modules\\.unrs-resolver-PgYUpoqw',
351 silly reify   'C:\\Porfolio\\node_modules\\update-browserslist-db': 'C:\\Porfolio\\node_modules\\.update-browserslist-db-vUYbAeJA',
351 silly reify   'C:\\Porfolio\\node_modules\\uri-js': 'C:\\Porfolio\\node_modules\\.uri-js-aWgkCeCQ',
351 silly reify   'C:\\Porfolio\\node_modules\\which': 'C:\\Porfolio\\node_modules\\.which-iroMnmZJ',
351 silly reify   'C:\\Porfolio\\node_modules\\which-boxed-primitive': 'C:\\Porfolio\\node_modules\\.which-boxed-primitive-vMjsrJfA',
351 silly reify   'C:\\Porfolio\\node_modules\\which-builtin-type': 'C:\\Porfolio\\node_modules\\.which-builtin-type-FFzJoiJz',
351 silly reify   'C:\\Porfolio\\node_modules\\which-collection': 'C:\\Porfolio\\node_modules\\.which-collection-VYvLx91T',
351 silly reify   'C:\\Porfolio\\node_modules\\which-typed-array': 'C:\\Porfolio\\node_modules\\.which-typed-array-LJPUsgZ6',
351 silly reify   'C:\\Porfolio\\node_modules\\word-wrap': 'C:\\Porfolio\\node_modules\\.word-wrap-GLwg1d2q',
351 silly reify   'C:\\Porfolio\\node_modules\\yocto-queue': 'C:\\Porfolio\\node_modules\\.yocto-queue-MIvYZXnN',
351 silly reify   'C:\\Porfolio\\node_modules\\yallist': 'C:\\Porfolio\\node_modules\\.yallist-dbze2keY',
351 silly reify   'C:\\Porfolio\\node_modules\\zod': 'C:\\Porfolio\\node_modules\\.zod-YD3vGcRD',
351 silly reify   'C:\\Porfolio\\node_modules\\zod-validation-error': 'C:\\Porfolio\\node_modules\\.zod-validation-error-6wmFksdA',
351 silly reify   'C:\\Porfolio\\node_modules\\@alloc\\quick-lru': 'C:\\Porfolio\\node_modules\\@alloc\\.quick-lru-8NJlj5qF',
351 silly reify   'C:\\Porfolio\\node_modules\\@babel\\code-frame': 'C:\\Porfolio\\node_modules\\@babel\\.code-frame-qSRSmNwn',
351 silly reify   'C:\\Porfolio\\node_modules\\@babel\\compat-data': 'C:\\Porfolio\\node_modules\\@babel\\.compat-data-ODxoMdbh',
351 silly reify   'C:\\Porfolio\\node_modules\\@babel\\core': 'C:\\Porfolio\\node_modules\\@babel\\.core-BP9T8Sio',
351 silly reify   'C:\\Porfolio\\node_modules\\@babel\\generator': 'C:\\Porfolio\\node_modules\\@babel\\.generator-gEoDmYhi',
351 silly reify   'C:\\Porfolio\\node_modules\\@babel\\helper-compilation-targets': 'C:\\Porfolio\\node_modules\\@babel\\.helper-compilation-targets-w45TNYoV',
351 silly reify   'C:\\Porfolio\\node_modules\\@babel\\helper-globals': 'C:\\Porfolio\\node_modules\\@babel\\.helper-globals-2ZgXKv68',
351 silly reify   'C:\\Porfolio\\node_modules\\@babel\\helper-module-imports': 'C:\\Porfolio\\node_modules\\@babel\\.helper-module-imports-a7QLOkjl',
351 silly reify   'C:\\Porfolio\\node_modules\\@babel\\helper-module-transforms': 'C:\\Porfolio\\node_modules\\@babel\\.helper-module-transforms-EF26QBpf',
351 silly reify   'C:\\Porfolio\\node_modules\\@babel\\helper-string-parser': 'C:\\Porfolio\\node_modules\\@babel\\.helper-string-parser-ZkzV5Fu7',
351 silly reify   'C:\\Porfolio\\node_modules\\@babel\\helper-validator-identifier': 'C:\\Porfolio\\node_modules\\@babel\\.helper-validator-identifier-tUt7QgrQ',
351 silly reify   'C:\\Porfolio\\node_modules\\@babel\\helper-validator-option': 'C:\\Porfolio\\node_modules\\@babel\\.helper-validator-option-Klhvt5kf',
351 silly reify   'C:\\Porfolio\\node_modules\\@babel\\helpers': 'C:\\Porfolio\\node_modules\\@babel\\.helpers-A9Wq5cSR',
351 silly reify   'C:\\Porfolio\\node_modules\\@babel\\parser': 'C:\\Porfolio\\node_modules\\@babel\\.parser-7SMCXZd9',
351 silly reify   'C:\\Porfolio\\node_modules\\@babel\\template': 'C:\\Porfolio\\node_modules\\@babel\\.template-YbStInV9',
351 silly reify   'C:\\Porfolio\\node_modules\\@babel\\traverse': 'C:\\Porfolio\\node_modules\\@babel\\.traverse-QcQTxrYU',
351 silly reify   'C:\\Porfolio\\node_modules\\@babel\\types': 'C:\\Porfolio\\node_modules\\@babel\\.types-JFJnlHyu',
351 silly reify   'C:\\Porfolio\\node_modules\\@eslint\\config-array': 'C:\\Porfolio\\node_modules\\@eslint\\.config-array-qb75QGcD',
351 silly reify   'C:\\Porfolio\\node_modules\\@eslint\\config-helpers': 'C:\\Porfolio\\node_modules\\@eslint\\.config-helpers-8NzxfXH6',
351 silly reify   'C:\\Porfolio\\node_modules\\@eslint\\core': 'C:\\Porfolio\\node_modules\\@eslint\\.core-WQqm9yAs',
351 silly reify   'C:\\Porfolio\\node_modules\\@eslint\\eslintrc': 'C:\\Porfolio\\node_modules\\@eslint\\.eslintrc-mNi7IMoQ',
351 silly reify   'C:\\Porfolio\\node_modules\\@eslint\\js': 'C:\\Porfolio\\node_modules\\@eslint\\.js-lTT036uX',
351 silly reify   'C:\\Porfolio\\node_modules\\@eslint\\object-schema': 'C:\\Porfolio\\node_modules\\@eslint\\.object-schema-CoqgaL2I',
351 silly reify   'C:\\Porfolio\\node_modules\\@eslint\\plugin-kit': 'C:\\Porfolio\\node_modules\\@eslint\\.plugin-kit-1xqF7cKg',
351 silly reify   'C:\\Porfolio\\node_modules\\@eslint-community\\eslint-utils': 'C:\\Porfolio\\node_modules\\@eslint-community\\.eslint-utils-adACIJxL',
351 silly reify   'C:\\Porfolio\\node_modules\\@eslint-community\\regexpp': 'C:\\Porfolio\\node_modules\\@eslint-community\\.regexpp-6i7AhQ7e',
351 silly reify   'C:\\Porfolio\\node_modules\\@humanwhocodes\\module-importer': 'C:\\Porfolio\\node_modules\\@humanwhocodes\\.module-importer-kCjMB89O',
351 silly reify   'C:\\Porfolio\\node_modules\\@humanwhocodes\\retry': 'C:\\Porfolio\\node_modules\\@humanwhocodes\\.retry-wGg1SI77',
351 silly reify   'C:\\Porfolio\\node_modules\\@humanfs\\core': 'C:\\Porfolio\\node_modules\\@humanfs\\.core-xpNGDP8v',
351 silly reify   'C:\\Porfolio\\node_modules\\@humanfs\\node': 'C:\\Porfolio\\node_modules\\@humanfs\\.node-sDlIaQg9',
351 silly reify   'C:\\Porfolio\\node_modules\\@humanfs\\types': 'C:\\Porfolio\\node_modules\\@humanfs\\.types-sZhVD4FW',
351 silly reify   'C:\\Porfolio\\node_modules\\@img\\colour': 'C:\\Porfolio\\node_modules\\@img\\.colour-86zE8KaA',
351 silly reify   'C:\\Porfolio\\node_modules\\@img\\sharp-win32-x64': 'C:\\Porfolio\\node_modules\\@img\\.sharp-win32-x64-vKD6aiQB',
351 silly reify   'C:\\Porfolio\\node_modules\\@next\\env': 'C:\\Porfolio\\node_modules\\@next\\.env-zYq5PjAm',
351 silly reify   'C:\\Porfolio\\node_modules\\@next\\eslint-plugin-next': 'C:\\Porfolio\\node_modules\\@next\\.eslint-plugin-next-sgo5OmiI',
351 silly reify   'C:\\Porfolio\\node_modules\\@next\\swc-win32-x64-msvc': 'C:\\Porfolio\\node_modules\\@next\\.swc-win32-x64-msvc-NqF2CyZR',
351 silly reify   'C:\\Porfolio\\node_modules\\@nodelib\\fs.scandir': 'C:\\Porfolio\\node_modules\\@nodelib\\.fs.scandir-3IoBxWQ3',
351 silly reify   'C:\\Porfolio\\node_modules\\@nodelib\\fs.stat': 'C:\\Porfolio\\node_modules\\@nodelib\\.fs.stat-aA9BBF12',
351 silly reify   'C:\\Porfolio\\node_modules\\@nodelib\\fs.walk': 'C:\\Porfolio\\node_modules\\@nodelib\\.fs.walk-Hg3vQjkv',
351 silly reify   'C:\\Porfolio\\node_modules\\@jridgewell\\gen-mapping': 'C:\\Porfolio\\node_modules\\@jridgewell\\.gen-mapping-gVghLnnu',
351 silly reify   'C:\\Porfolio\\node_modules\\@jridgewell\\remapping': 'C:\\Porfolio\\node_modules\\@jridgewell\\.remapping-PCp3emZM',
351 silly reify   'C:\\Porfolio\\node_modules\\@jridgewell\\resolve-uri': 'C:\\Porfolio\\node_modules\\@jridgewell\\.resolve-uri-n6Xj8bvh',
351 silly reify   'C:\\Porfolio\\node_modules\\@jridgewell\\sourcemap-codec': 'C:\\Porfolio\\node_modules\\@jridgewell\\.sourcemap-codec-SOKLh67N',
351 silly reify   'C:\\Porfolio\\node_modules\\@jridgewell\\trace-mapping': 'C:\\Porfolio\\node_modules\\@jridgewell\\.trace-mapping-TH9220q5',
351 silly reify   'C:\\Porfolio\\node_modules\\@nolyfill\\is-core-module': 'C:\\Porfolio\\node_modules\\@nolyfill\\.is-core-module-CKjNJhRh',
351 silly reify   'C:\\Porfolio\\node_modules\\@tailwindcss\\node': 'C:\\Porfolio\\node_modules\\@tailwindcss\\.node-tySJ1wzK',
351 silly reify   'C:\\Porfolio\\node_modules\\@tailwindcss\\oxide': 'C:\\Porfolio\\node_modules\\@tailwindcss\\.oxide-Bil08y6p',
351 silly reify   'C:\\Porfolio\\node_modules\\@tailwindcss\\oxide-win32-x64-msvc': 'C:\\Porfolio\\node_modules\\@tailwindcss\\.oxide-win32-x64-msvc-RliZvNYN',
351 silly reify   'C:\\Porfolio\\node_modules\\@tailwindcss\\postcss': 'C:\\Porfolio\\node_modules\\@tailwindcss\\.postcss-GISzBRcr',
351 silly reify   'C:\\Porfolio\\node_modules\\@swc\\helpers': 'C:\\Porfolio\\node_modules\\@swc\\.helpers-YC27y7VD',
351 silly reify   'C:\\Porfolio\\node_modules\\@rtsao\\scc': 'C:\\Porfolio\\node_modules\\@rtsao\\.scc-P7R7xWZu',
351 silly reify   'C:\\Porfolio\\node_modules\\@types\\estree': 'C:\\Porfolio\\node_modules\\@types\\.estree-xPNqJUfO',
351 silly reify   'C:\\Porfolio\\node_modules\\@types\\json-schema': 'C:\\Porfolio\\node_modules\\@types\\.json-schema-wBl3IQG1',
351 silly reify   'C:\\Porfolio\\node_modules\\@types\\json5': 'C:\\Porfolio\\node_modules\\@types\\.json5-5cTTTqs6',
351 silly reify   'C:\\Porfolio\\node_modules\\@types\\node': 'C:\\Porfolio\\node_modules\\@types\\.node-wJqgOhqt',
351 silly reify   'C:\\Porfolio\\node_modules\\@types\\react': 'C:\\Porfolio\\node_modules\\@types\\.react-taaYf2UK',
351 silly reify   'C:\\Porfolio\\node_modules\\@types\\react-dom': 'C:\\Porfolio\\node_modules\\@types\\.react-dom-zpEyFKcV',
351 silly reify   'C:\\Porfolio\\node_modules\\@typescript-eslint\\eslint-plugin': 'C:\\Porfolio\\node_modules\\@typescript-eslint\\.eslint-plugin-j8oFoIAu',
351 silly reify   'C:\\Porfolio\\node_modules\\@typescript-eslint\\parser': 'C:\\Porfolio\\node_modules\\@typescript-eslint\\.parser-p1xiHXbx',
351 silly reify   'C:\\Porfolio\\node_modules\\@typescript-eslint\\project-service': 'C:\\Porfolio\\node_modules\\@typescript-eslint\\.project-service-ZBf9juVo',
351 silly reify   'C:\\Porfolio\\node_modules\\@typescript-eslint\\scope-manager': 'C:\\Porfolio\\node_modules\\@typescript-eslint\\.scope-manager-HXLE6SLw',
351 silly reify   'C:\\Porfolio\\node_modules\\@typescript-eslint\\tsconfig-utils': 'C:\\Porfolio\\node_modules\\@typescript-eslint\\.tsconfig-utils-Fou6wL9Q',
351 silly reify   'C:\\Porfolio\\node_modules\\@typescript-eslint\\type-utils': 'C:\\Porfolio\\node_modules\\@typescript-eslint\\.type-utils-zEx3Tg4d',
351 silly reify   'C:\\Porfolio\\node_modules\\@typescript-eslint\\types': 'C:\\Porfolio\\node_modules\\@typescript-eslint\\.types-uDv8LTAN',
351 silly reify   'C:\\Porfolio\\node_modules\\@typescript-eslint\\typescript-estree': 'C:\\Porfolio\\node_modules\\@typescript-eslint\\.typescript-estree-3qj1umIL',
351 silly reify   'C:\\Porfolio\\node_modules\\@typescript-eslint\\utils': 'C:\\Porfolio\\node_modules\\@typescript-eslint\\.utils-w28vk7j4',
351 silly reify   'C:\\Porfolio\\node_modules\\@typescript-eslint\\visitor-keys': 'C:\\Porfolio\\node_modules\\@typescript-eslint\\.visitor-keys-Fc7ZXICv',
351 silly reify   'C:\\Porfolio\\node_modules\\@unrs\\resolver-binding-win32-x64-msvc': 'C:\\Porfolio\\node_modules\\@unrs\\.resolver-binding-win32-x64-msvc-a0Pp4Txo'
351 silly reify }
352 http cache @unrs/resolver-binding-win32-x64-msvc@https://registry.npmjs.org/@unrs/resolver-binding-win32-x64-msvc/-/resolver-binding-win32-x64-msvc-1.11.1.tgz 1ms (cache hit)
353 http cache @typescript-eslint/visitor-keys@https://registry.npmjs.org/@typescript-eslint/visitor-keys/-/visitor-keys-8.59.3.tgz 0ms (cache hit)
354 http cache @typescript-eslint/types@https://registry.npmjs.org/@typescript-eslint/types/-/types-8.59.3.tgz 0ms (cache hit)
355 http cache @typescript-eslint/typescript-estree@https://registry.npmjs.org/@typescript-eslint/typescript-estree/-/typescript-estree-8.59.3.tgz 0ms (cache hit)
356 http cache @typescript-eslint/utils@https://registry.npmjs.org/@typescript-eslint/utils/-/utils-8.59.3.tgz 0ms (cache hit)
357 http cache @typescript-eslint/tsconfig-utils@https://registry.npmjs.org/@typescript-eslint/tsconfig-utils/-/tsconfig-utils-8.59.3.tgz 0ms (cache hit)
358 http cache @typescript-eslint/type-utils@https://registry.npmjs.org/@typescript-eslint/type-utils/-/type-utils-8.59.3.tgz 0ms (cache hit)
359 http cache @typescript-eslint/scope-manager@https://registry.npmjs.org/@typescript-eslint/scope-manager/-/scope-manager-8.59.3.tgz 0ms (cache hit)
360 http cache @typescript-eslint/project-service@https://registry.npmjs.org/@typescript-eslint/project-service/-/project-service-8.59.3.tgz 0ms (cache hit)
361 http cache @typescript-eslint/eslint-plugin@https://registry.npmjs.org/@typescript-eslint/eslint-plugin/-/eslint-plugin-8.59.3.tgz 0ms (cache hit)
362 http cache @typescript-eslint/parser@https://registry.npmjs.org/@typescript-eslint/parser/-/parser-8.59.3.tgz 0ms (cache hit)
363 http cache @types/react-dom@https://registry.npmjs.org/@types/react-dom/-/react-dom-19.2.3.tgz 0ms (cache hit)
364 http cache @types/react@https://registry.npmjs.org/@types/react/-/react-19.2.14.tgz 0ms (cache hit)
365 http cache @types/node@https://registry.npmjs.org/@types/node/-/node-22.19.19.tgz 0ms (cache hit)
366 http cache @types/json-schema@https://registry.npmjs.org/@types/json-schema/-/json-schema-7.0.15.tgz 0ms (cache hit)
367 http cache @types/json5@https://registry.npmjs.org/@types/json5/-/json5-0.0.29.tgz 0ms (cache hit)
368 http cache @types/estree@https://registry.npmjs.org/@types/estree/-/estree-1.0.9.tgz 0ms (cache hit)
369 http cache @rtsao/scc@https://registry.npmjs.org/@rtsao/scc/-/scc-1.1.0.tgz 0ms (cache hit)
370 http cache @swc/helpers@https://registry.npmjs.org/@swc/helpers/-/helpers-0.5.15.tgz 0ms (cache hit)
371 http cache @tailwindcss/postcss@https://registry.npmjs.org/@tailwindcss/postcss/-/postcss-4.2.1.tgz 0ms (cache hit)
372 http cache @tailwindcss/oxide-win32-x64-msvc@https://registry.npmjs.org/@tailwindcss/oxide-win32-x64-msvc/-/oxide-win32-x64-msvc-4.2.1.tgz 0ms (cache hit)
373 http cache @tailwindcss/oxide@https://registry.npmjs.org/@tailwindcss/oxide/-/oxide-4.2.1.tgz 0ms (cache hit)
374 http cache @tailwindcss/node@https://registry.npmjs.org/@tailwindcss/node/-/node-4.2.1.tgz 0ms (cache hit)
375 http cache @nolyfill/is-core-module@https://registry.npmjs.org/@nolyfill/is-core-module/-/is-core-module-1.0.39.tgz 0ms (cache hit)
376 http cache @jridgewell/trace-mapping@https://registry.npmjs.org/@jridgewell/trace-mapping/-/trace-mapping-0.3.31.tgz 0ms (cache hit)
377 http cache @jridgewell/sourcemap-codec@https://registry.npmjs.org/@jridgewell/sourcemap-codec/-/sourcemap-codec-1.5.5.tgz 0ms (cache hit)
378 http cache @jridgewell/resolve-uri@https://registry.npmjs.org/@jridgewell/resolve-uri/-/resolve-uri-3.1.2.tgz 0ms (cache hit)
379 http cache @jridgewell/remapping@https://registry.npmjs.org/@jridgewell/remapping/-/remapping-2.3.5.tgz 0ms (cache hit)
380 http cache @jridgewell/gen-mapping@https://registry.npmjs.org/@jridgewell/gen-mapping/-/gen-mapping-0.3.13.tgz 0ms (cache hit)
381 http cache @nodelib/fs.walk@https://registry.npmjs.org/@nodelib/fs.walk/-/fs.walk-1.2.8.tgz 0ms (cache hit)
382 http cache @next/swc-win32-x64-msvc@https://registry.npmjs.org/@next/swc-win32-x64-msvc/-/swc-win32-x64-msvc-16.2.6.tgz 0ms (cache hit)
383 http cache @nodelib/fs.stat@https://registry.npmjs.org/@nodelib/fs.stat/-/fs.stat-2.0.5.tgz 0ms (cache hit)
384 http cache @nodelib/fs.scandir@https://registry.npmjs.org/@nodelib/fs.scandir/-/fs.scandir-2.1.5.tgz 0ms (cache hit)
385 http cache @next/eslint-plugin-next@https://registry.npmjs.org/@next/eslint-plugin-next/-/eslint-plugin-next-16.2.6.tgz 0ms (cache hit)
386 http cache @next/env@https://registry.npmjs.org/@next/env/-/env-16.2.6.tgz 0ms (cache hit)
387 http cache @img/colour@https://registry.npmjs.org/@img/colour/-/colour-1.1.0.tgz 0ms (cache hit)
388 http cache @img/sharp-win32-x64@https://registry.npmjs.org/@img/sharp-win32-x64/-/sharp-win32-x64-0.34.5.tgz 0ms (cache hit)
389 http cache @humanfs/types@https://registry.npmjs.org/@humanfs/types/-/types-0.15.0.tgz 0ms (cache hit)
390 http cache @humanfs/node@https://registry.npmjs.org/@humanfs/node/-/node-0.16.8.tgz 0ms (cache hit)
391 http cache @humanfs/core@https://registry.npmjs.org/@humanfs/core/-/core-0.19.2.tgz 0ms (cache hit)
392 http cache @humanwhocodes/retry@https://registry.npmjs.org/@humanwhocodes/retry/-/retry-0.4.3.tgz 0ms (cache hit)
393 http cache @humanwhocodes/module-importer@https://registry.npmjs.org/@humanwhocodes/module-importer/-/module-importer-1.0.1.tgz 0ms (cache hit)
394 http cache @eslint-community/regexpp@https://registry.npmjs.org/@eslint-community/regexpp/-/regexpp-4.12.2.tgz 0ms (cache hit)
395 http cache @eslint/object-schema@https://registry.npmjs.org/@eslint/object-schema/-/object-schema-2.1.7.tgz 0ms (cache hit)
396 http cache @eslint/plugin-kit@https://registry.npmjs.org/@eslint/plugin-kit/-/plugin-kit-0.4.1.tgz 0ms (cache hit)
397 http cache @eslint-community/eslint-utils@https://registry.npmjs.org/@eslint-community/eslint-utils/-/eslint-utils-4.9.1.tgz 0ms (cache hit)
398 http cache @eslint/eslintrc@https://registry.npmjs.org/@eslint/eslintrc/-/eslintrc-3.3.5.tgz 0ms (cache hit)
399 http cache @eslint/js@https://registry.npmjs.org/@eslint/js/-/js-9.39.4.tgz 0ms (cache hit)
400 http cache @eslint/core@https://registry.npmjs.org/@eslint/core/-/core-0.17.0.tgz 0ms (cache hit)
401 http cache @babel/types@https://registry.npmjs.org/@babel/types/-/types-7.29.0.tgz 0ms (cache hit)
402 http cache @eslint/config-helpers@https://registry.npmjs.org/@eslint/config-helpers/-/config-helpers-0.4.2.tgz 0ms (cache hit)
403 http cache @babel/parser@https://registry.npmjs.org/@babel/parser/-/parser-7.29.3.tgz 0ms (cache hit)
404 http cache @babel/template@https://registry.npmjs.org/@babel/template/-/template-7.28.6.tgz 0ms (cache hit)
405 http cache @babel/traverse@https://registry.npmjs.org/@babel/traverse/-/traverse-7.29.0.tgz 0ms (cache hit)
406 http cache @eslint/config-array@https://registry.npmjs.org/@eslint/config-array/-/config-array-0.21.2.tgz 0ms (cache hit)
407 http cache @babel/helpers@https://registry.npmjs.org/@babel/helpers/-/helpers-7.29.2.tgz 0ms (cache hit)
408 http cache @babel/helper-validator-option@https://registry.npmjs.org/@babel/helper-validator-option/-/helper-validator-option-7.27.1.tgz 0ms (cache hit)
409 http cache @babel/helper-module-transforms@https://registry.npmjs.org/@babel/helper-module-transforms/-/helper-module-transforms-7.28.6.tgz 0ms (cache hit)
410 http cache @babel/helper-validator-identifier@https://registry.npmjs.org/@babel/helper-validator-identifier/-/helper-validator-identifier-7.28.5.tgz 0ms (cache hit)
411 http cache @babel/helper-string-parser@https://registry.npmjs.org/@babel/helper-string-parser/-/helper-string-parser-7.27.1.tgz 0ms (cache hit)
412 http cache @babel/helper-module-imports@https://registry.npmjs.org/@babel/helper-module-imports/-/helper-module-imports-7.28.6.tgz 0ms (cache hit)
413 http cache @babel/generator@https://registry.npmjs.org/@babel/generator/-/generator-7.29.1.tgz 0ms (cache hit)
414 http cache @babel/helper-compilation-targets@https://registry.npmjs.org/@babel/helper-compilation-targets/-/helper-compilation-targets-7.28.6.tgz 0ms (cache hit)
415 http cache @babel/helper-globals@https://registry.npmjs.org/@babel/helper-globals/-/helper-globals-7.28.0.tgz 0ms (cache hit)
416 http cache @babel/core@https://registry.npmjs.org/@babel/core/-/core-7.29.0.tgz 0ms (cache hit)
417 http cache @alloc/quick-lru@https://registry.npmjs.org/@alloc/quick-lru/-/quick-lru-5.2.0.tgz 0ms (cache hit)
418 http cache @babel/code-frame@https://registry.npmjs.org/@babel/code-frame/-/code-frame-7.29.0.tgz 0ms (cache hit)
419 http cache zod-validation-error@https://registry.npmjs.org/zod-validation-error/-/zod-validation-error-4.0.2.tgz 0ms (cache hit)
420 http cache @babel/compat-data@https://registry.npmjs.org/@babel/compat-data/-/compat-data-7.29.3.tgz 0ms (cache hit)
421 http cache yallist@https://registry.npmjs.org/yallist/-/yallist-3.1.1.tgz 0ms (cache hit)
422 http cache yocto-queue@https://registry.npmjs.org/yocto-queue/-/yocto-queue-0.1.0.tgz 0ms (cache hit)
423 http cache which-typed-array@https://registry.npmjs.org/which-typed-array/-/which-typed-array-1.1.20.tgz 0ms (cache hit)
424 http cache which-collection@https://registry.npmjs.org/which-collection/-/which-collection-1.0.2.tgz 0ms (cache hit)
425 http cache word-wrap@https://registry.npmjs.org/word-wrap/-/word-wrap-1.2.5.tgz 0ms (cache hit)
426 http cache zod@https://registry.npmjs.org/zod/-/zod-4.4.3.tgz 0ms (cache hit)
427 http cache which-builtin-type@https://registry.npmjs.org/which-builtin-type/-/which-builtin-type-1.2.1.tgz 0ms (cache hit)
428 http cache which-boxed-primitive@https://registry.npmjs.org/which-boxed-primitive/-/which-boxed-primitive-1.1.1.tgz 0ms (cache hit)
429 http cache uri-js@https://registry.npmjs.org/uri-js/-/uri-js-4.4.1.tgz 0ms (cache hit)
430 http cache which@https://registry.npmjs.org/which/-/which-2.0.2.tgz 0ms (cache hit)
431 http cache update-browserslist-db@https://registry.npmjs.org/update-browserslist-db/-/update-browserslist-db-1.2.3.tgz 0ms (cache hit)
432 http cache unrs-resolver@https://registry.npmjs.org/unrs-resolver/-/unrs-resolver-1.11.1.tgz 0ms (cache hit)
433 http cache typescript-eslint@https://registry.npmjs.org/typescript-eslint/-/typescript-eslint-8.59.3.tgz 0ms (cache hit)
434 http cache undici-types@https://registry.npmjs.org/undici-types/-/undici-types-6.21.0.tgz 0ms (cache hit)
435 http cache unbox-primitive@https://registry.npmjs.org/unbox-primitive/-/unbox-primitive-1.1.0.tgz 0ms (cache hit)
436 http cache typescript@https://registry.npmjs.org/typescript/-/typescript-5.9.3.tgz 0ms (cache hit)
437 http cache typed-array-length@https://registry.npmjs.org/typed-array-length/-/typed-array-length-1.0.7.tgz 0ms (cache hit)
438 http cache type-check@https://registry.npmjs.org/type-check/-/type-check-0.4.0.tgz 0ms (cache hit)
439 http cache typed-array-buffer@https://registry.npmjs.org/typed-array-buffer/-/typed-array-buffer-1.0.3.tgz 0ms (cache hit)
440 http cache typed-array-byte-offset@https://registry.npmjs.org/typed-array-byte-offset/-/typed-array-byte-offset-1.0.4.tgz 0ms (cache hit)
441 http cache typed-array-byte-length@https://registry.npmjs.org/typed-array-byte-length/-/typed-array-byte-length-1.0.3.tgz 0ms (cache hit)
442 http cache tslib@https://registry.npmjs.org/tslib/-/tslib-2.8.1.tgz 0ms (cache hit)
443 http cache tsconfig-paths@https://registry.npmjs.org/tsconfig-paths/-/tsconfig-paths-3.15.0.tgz 0ms (cache hit)
444 http cache tinyglobby@https://registry.npmjs.org/tinyglobby/-/tinyglobby-0.2.16.tgz 0ms (cache hit)
445 http cache ts-api-utils@https://registry.npmjs.org/ts-api-utils/-/ts-api-utils-2.5.0.tgz 0ms (cache hit)
446 http cache to-regex-range@https://registry.npmjs.org/to-regex-range/-/to-regex-range-5.0.1.tgz 0ms (cache hit)
447 http cache tailwindcss@https://registry.npmjs.org/tailwindcss/-/tailwindcss-4.2.1.tgz 0ms (cache hit)
448 http cache tapable@https://registry.npmjs.org/tapable/-/tapable-2.3.3.tgz 0ms (cache hit)
449 http cache supports-preserve-symlinks-flag@https://registry.npmjs.org/supports-preserve-symlinks-flag/-/supports-preserve-symlinks-flag-1.0.0.tgz 0ms (cache hit)
450 http cache supports-color@https://registry.npmjs.org/supports-color/-/supports-color-7.2.0.tgz 0ms (cache hit)
451 http cache styled-jsx@https://registry.npmjs.org/styled-jsx/-/styled-jsx-5.1.6.tgz 0ms (cache hit)
452 http cache strip-json-comments@https://registry.npmjs.org/strip-json-comments/-/strip-json-comments-3.1.1.tgz 0ms (cache hit)
453 http cache string.prototype.trimend@https://registry.npmjs.org/string.prototype.trimend/-/string.prototype.trimend-1.0.9.tgz 0ms (cache hit)
454 http cache strip-bom@https://registry.npmjs.org/strip-bom/-/strip-bom-3.0.0.tgz 0ms (cache hit)
455 http cache string.prototype.trimstart@https://registry.npmjs.org/string.prototype.trimstart/-/string.prototype.trimstart-1.0.8.tgz 0ms (cache hit)
456 http cache string.prototype.trim@https://registry.npmjs.org/string.prototype.trim/-/string.prototype.trim-1.2.10.tgz 0ms (cache hit)
457 http cache string.prototype.repeat@https://registry.npmjs.org/string.prototype.repeat/-/string.prototype.repeat-1.0.0.tgz 0ms (cache hit)
458 http cache stop-iteration-iterator@https://registry.npmjs.org/stop-iteration-iterator/-/stop-iteration-iterator-1.1.0.tgz 0ms (cache hit)
459 http cache string.prototype.matchall@https://registry.npmjs.org/string.prototype.matchall/-/string.prototype.matchall-4.0.12.tgz 0ms (cache hit)
460 http cache string.prototype.includes@https://registry.npmjs.org/string.prototype.includes/-/string.prototype.includes-2.0.1.tgz 0ms (cache hit)
461 http cache stable-hash@https://registry.npmjs.org/stable-hash/-/stable-hash-0.0.5.tgz 0ms (cache hit)
462 http cache source-map-js@https://registry.npmjs.org/source-map-js/-/source-map-js-1.2.1.tgz 0ms (cache hit)
463 http cache side-channel-weakmap@https://registry.npmjs.org/side-channel-weakmap/-/side-channel-weakmap-1.0.2.tgz 0ms (cache hit)
464 http cache side-channel-list@https://registry.npmjs.org/side-channel-list/-/side-channel-list-1.0.1.tgz 0ms (cache hit)
465 http cache shebang-regex@https://registry.npmjs.org/shebang-regex/-/shebang-regex-3.0.0.tgz 0ms (cache hit)
466 http cache side-channel@https://registry.npmjs.org/side-channel/-/side-channel-1.1.0.tgz 0ms (cache hit)
467 http cache side-channel-map@https://registry.npmjs.org/side-channel-map/-/side-channel-map-1.0.1.tgz 0ms (cache hit)
468 http cache shebang-command@https://registry.npmjs.org/shebang-command/-/shebang-command-2.0.0.tgz 0ms (cache hit)
469 http cache set-function-name@https://registry.npmjs.org/set-function-name/-/set-function-name-2.0.2.tgz 0ms (cache hit)
470 http cache sharp@https://registry.npmjs.org/sharp/-/sharp-0.34.5.tgz 0ms (cache hit)
471 http cache set-function-length@https://registry.npmjs.org/set-function-length/-/set-function-length-1.2.2.tgz 0ms (cache hit)
472 http cache semver@https://registry.npmjs.org/semver/-/semver-6.3.1.tgz 0ms (cache hit)
473 http cache safe-regex-test@https://registry.npmjs.org/safe-regex-test/-/safe-regex-test-1.1.0.tgz 0ms (cache hit)
474 http cache set-proto@https://registry.npmjs.org/set-proto/-/set-proto-1.0.0.tgz 0ms (cache hit)
475 http cache scheduler@https://registry.npmjs.org/scheduler/-/scheduler-0.27.0.tgz 0ms (cache hit)
476 http cache safe-push-apply@https://registry.npmjs.org/safe-push-apply/-/safe-push-apply-1.0.0.tgz 0ms (cache hit)
477 http cache safe-array-concat@https://registry.npmjs.org/safe-array-concat/-/safe-array-concat-1.1.4.tgz 0ms (cache hit)
478 http cache reusify@https://registry.npmjs.org/reusify/-/reusify-1.1.0.tgz 0ms (cache hit)
479 http cache resolve-pkg-maps@https://registry.npmjs.org/resolve-pkg-maps/-/resolve-pkg-maps-1.0.0.tgz 1ms (cache hit)
480 http cache run-parallel@https://registry.npmjs.org/run-parallel/-/run-parallel-1.2.0.tgz 0ms (cache hit)
481 http cache resolve-from@https://registry.npmjs.org/resolve-from/-/resolve-from-4.0.0.tgz 0ms (cache hit)
482 http cache regexp.prototype.flags@https://registry.npmjs.org/regexp.prototype.flags/-/regexp.prototype.flags-1.5.4.tgz 0ms (cache hit)
483 http cache resolve@https://registry.npmjs.org/resolve/-/resolve-2.0.0-next.7.tgz 0ms (cache hit)
484 http cache react-dom@https://registry.npmjs.org/react-dom/-/react-dom-19.2.6.tgz 0ms (cache hit)
485 http cache react@https://registry.npmjs.org/react/-/react-19.2.6.tgz 0ms (cache hit)
486 http cache reflect.getprototypeof@https://registry.npmjs.org/reflect.getprototypeof/-/reflect.getprototypeof-1.0.10.tgz 0ms (cache hit)
487 http cache react-is@https://registry.npmjs.org/react-is/-/react-is-16.13.1.tgz 0ms (cache hit)
488 http cache queue-microtask@https://registry.npmjs.org/queue-microtask/-/queue-microtask-1.2.3.tgz 0ms (cache hit)
489 http cache punycode@https://registry.npmjs.org/punycode/-/punycode-2.3.1.tgz 0ms (cache hit)
490 http cache possible-typed-array-names@https://registry.npmjs.org/possible-typed-array-names/-/possible-typed-array-names-1.1.0.tgz 0ms (cache hit)
491 http cache postcss@https://registry.npmjs.org/postcss/-/postcss-8.5.14.tgz 0ms (cache hit)
492 http cache prop-types@https://registry.npmjs.org/prop-types/-/prop-types-15.8.1.tgz 0ms (cache hit)
493 http cache picomatch@https://registry.npmjs.org/picomatch/-/picomatch-2.3.2.tgz 0ms (cache hit)
494 http cache prelude-ls@https://registry.npmjs.org/prelude-ls/-/prelude-ls-1.2.1.tgz 0ms (cache hit)
495 http cache path-parse@https://registry.npmjs.org/path-parse/-/path-parse-1.0.7.tgz 0ms (cache hit)
496 http cache picocolors@https://registry.npmjs.org/picocolors/-/picocolors-1.1.1.tgz 0ms (cache hit)
497 http cache path-key@https://registry.npmjs.org/path-key/-/path-key-3.1.1.tgz 0ms (cache hit)
498 http cache p-limit@https://registry.npmjs.org/p-limit/-/p-limit-3.1.0.tgz 0ms (cache hit)
499 http cache path-exists@https://registry.npmjs.org/path-exists/-/path-exists-4.0.0.tgz 0ms (cache hit)
500 http cache parent-module@https://registry.npmjs.org/parent-module/-/parent-module-1.0.1.tgz 0ms (cache hit)
501 http cache p-locate@https://registry.npmjs.org/p-locate/-/p-locate-5.0.0.tgz 0ms (cache hit)
502 http cache optionator@https://registry.npmjs.org/optionator/-/optionator-0.9.4.tgz 0ms (cache hit)
503 http cache own-keys@https://registry.npmjs.org/own-keys/-/own-keys-1.0.1.tgz 0ms (cache hit)
504 http cache object.values@https://registry.npmjs.org/object.values/-/object.values-1.2.1.tgz 0ms (cache hit)
505 http cache object.fromentries@https://registry.npmjs.org/object.fromentries/-/object.fromentries-2.0.8.tgz 0ms (cache hit)
506 http cache object.assign@https://registry.npmjs.org/object.assign/-/object.assign-4.1.7.tgz 0ms (cache hit)
507 http cache object.groupby@https://registry.npmjs.org/object.groupby/-/object.groupby-1.0.3.tgz 0ms (cache hit)
508 http cache object-keys@https://registry.npmjs.org/object-keys/-/object-keys-1.1.1.tgz 0ms (cache hit)
509 http cache object.entries@https://registry.npmjs.org/object.entries/-/object.entries-1.1.9.tgz 0ms (cache hit)
510 http cache object-inspect@https://registry.npmjs.org/object-inspect/-/object-inspect-1.13.4.tgz 0ms (cache hit)
511 http cache object-assign@https://registry.npmjs.org/object-assign/-/object-assign-4.1.1.tgz 0ms (cache hit)
512 http cache node-releases@https://registry.npmjs.org/node-releases/-/node-releases-2.0.44.tgz 0ms (cache hit)
513 http cache natural-compare@https://registry.npmjs.org/natural-compare/-/natural-compare-1.4.0.tgz 0ms (cache hit)
514 http cache next@https://registry.npmjs.org/next/-/next-16.2.6.tgz 0ms (cache hit)
515 http cache node-exports-info@https://registry.npmjs.org/node-exports-info/-/node-exports-info-1.6.0.tgz 0ms (cache hit)
516 http cache napi-postinstall@https://registry.npmjs.org/napi-postinstall/-/napi-postinstall-0.3.4.tgz 1ms (cache hit)
517 http cache nanoid@https://registry.npmjs.org/nanoid/-/nanoid-3.3.12.tgz 0ms (cache hit)
518 http cache ms@https://registry.npmjs.org/ms/-/ms-2.1.3.tgz 0ms (cache hit)
519 http cache minimatch@https://registry.npmjs.org/minimatch/-/minimatch-3.1.5.tgz 0ms (cache hit)
520 http cache micromatch@https://registry.npmjs.org/micromatch/-/micromatch-4.0.8.tgz 0ms (cache hit)
521 http cache minimist@https://registry.npmjs.org/minimist/-/minimist-1.2.8.tgz 0ms (cache hit)
522 http cache math-intrinsics@https://registry.npmjs.org/math-intrinsics/-/math-intrinsics-1.1.0.tgz 0ms (cache hit)
523 http cache merge2@https://registry.npmjs.org/merge2/-/merge2-1.4.1.tgz 0ms (cache hit)
524 http cache magic-string@https://registry.npmjs.org/magic-string/-/magic-string-0.30.21.tgz 0ms (cache hit)
525 http cache lru-cache@https://registry.npmjs.org/lru-cache/-/lru-cache-5.1.1.tgz 0ms (cache hit)
526 http cache loose-envify@https://registry.npmjs.org/loose-envify/-/loose-envify-1.4.0.tgz 0ms (cache hit)
527 http cache locate-path@https://registry.npmjs.org/locate-path/-/locate-path-6.0.0.tgz 0ms (cache hit)
528 http cache lodash.merge@https://registry.npmjs.org/lodash.merge/-/lodash.merge-4.6.2.tgz 0ms (cache hit)
529 http cache lightningcss-win32-x64-msvc@https://registry.npmjs.org/lightningcss-win32-x64-msvc/-/lightningcss-win32-x64-msvc-1.31.1.tgz 0ms (cache hit)
530 http cache lightningcss@https://registry.npmjs.org/lightningcss/-/lightningcss-1.31.1.tgz 0ms (cache hit)
531 http cache levn@https://registry.npmjs.org/levn/-/levn-0.4.1.tgz 0ms (cache hit)
532 http cache language-tags@https://registry.npmjs.org/language-tags/-/language-tags-1.0.9.tgz 0ms (cache hit)
533 http cache keyv@https://registry.npmjs.org/keyv/-/keyv-4.5.4.tgz 0ms (cache hit)
534 http cache jsx-ast-utils@https://registry.npmjs.org/jsx-ast-utils/-/jsx-ast-utils-3.3.5.tgz 0ms (cache hit)
535 http cache language-subtag-registry@https://registry.npmjs.org/language-subtag-registry/-/language-subtag-registry-0.3.23.tgz 0ms (cache hit)
536 http cache json-stable-stringify-without-jsonify@https://registry.npmjs.org/json-stable-stringify-without-jsonify/-/json-stable-stringify-without-jsonify-1.0.1.tgz 0ms (cache hit)
537 http cache json-schema-traverse@https://registry.npmjs.org/json-schema-traverse/-/json-schema-traverse-0.4.1.tgz 0ms (cache hit)
538 http cache json5@https://registry.npmjs.org/json5/-/json5-2.2.3.tgz 0ms (cache hit)
539 http cache json-buffer@https://registry.npmjs.org/json-buffer/-/json-buffer-3.0.1.tgz 0ms (cache hit)
540 http cache jsesc@https://registry.npmjs.org/jsesc/-/jsesc-3.1.0.tgz 0ms (cache hit)
541 http cache js-yaml@https://registry.npmjs.org/js-yaml/-/js-yaml-4.1.1.tgz 0ms (cache hit)
542 http cache jiti@https://registry.npmjs.org/jiti/-/jiti-2.7.0.tgz 0ms (cache hit)
543 http cache isexe@https://registry.npmjs.org/isexe/-/isexe-2.0.0.tgz 0ms (cache hit)
544 http cache isarray@https://registry.npmjs.org/isarray/-/isarray-2.0.5.tgz 0ms (cache hit)
545 http cache iterator.prototype@https://registry.npmjs.org/iterator.prototype/-/iterator.prototype-1.1.5.tgz 0ms (cache hit)
546 http cache is-weakset@https://registry.npmjs.org/is-weakset/-/is-weakset-2.0.4.tgz 0ms (cache hit)
547 http cache js-tokens@https://registry.npmjs.org/js-tokens/-/js-tokens-4.0.0.tgz 0ms (cache hit)
548 http cache is-weakref@https://registry.npmjs.org/is-weakref/-/is-weakref-1.1.1.tgz 0ms (cache hit)
549 http cache is-symbol@https://registry.npmjs.org/is-symbol/-/is-symbol-1.1.1.tgz 0ms (cache hit)
550 http cache is-weakmap@https://registry.npmjs.org/is-weakmap/-/is-weakmap-2.0.2.tgz 0ms (cache hit)
551 http cache is-typed-array@https://registry.npmjs.org/is-typed-array/-/is-typed-array-1.1.15.tgz 0ms (cache hit)
552 http cache is-set@https://registry.npmjs.org/is-set/-/is-set-2.0.3.tgz 0ms (cache hit)
553 http cache is-string@https://registry.npmjs.org/is-string/-/is-string-1.1.1.tgz 0ms (cache hit)
554 http cache is-shared-array-buffer@https://registry.npmjs.org/is-shared-array-buffer/-/is-shared-array-buffer-1.0.4.tgz 0ms (cache hit)
555 http cache is-regex@https://registry.npmjs.org/is-regex/-/is-regex-1.2.1.tgz 0ms (cache hit)
556 http cache is-number-object@https://registry.npmjs.org/is-number-object/-/is-number-object-1.1.1.tgz 0ms (cache hit)
557 http cache is-number@https://registry.npmjs.org/is-number/-/is-number-7.0.0.tgz 0ms (cache hit)
558 http cache is-negative-zero@https://registry.npmjs.org/is-negative-zero/-/is-negative-zero-2.0.3.tgz 0ms (cache hit)
559 http cache is-map@https://registry.npmjs.org/is-map/-/is-map-2.0.3.tgz 0ms (cache hit)
560 http cache is-glob@https://registry.npmjs.org/is-glob/-/is-glob-4.0.3.tgz 0ms (cache hit)
561 http cache is-date-object@https://registry.npmjs.org/is-date-object/-/is-date-object-1.1.0.tgz 0ms (cache hit)
562 http cache is-finalizationregistry@https://registry.npmjs.org/is-finalizationregistry/-/is-finalizationregistry-1.1.1.tgz 0ms (cache hit)
563 http cache is-generator-function@https://registry.npmjs.org/is-generator-function/-/is-generator-function-1.1.2.tgz 0ms (cache hit)
564 http cache is-core-module@https://registry.npmjs.org/is-core-module/-/is-core-module-2.16.2.tgz 0ms (cache hit)
565 http cache is-data-view@https://registry.npmjs.org/is-data-view/-/is-data-view-1.0.2.tgz 0ms (cache hit)
566 http cache is-extglob@https://registry.npmjs.org/is-extglob/-/is-extglob-2.1.1.tgz 0ms (cache hit)
567 http cache is-callable@https://registry.npmjs.org/is-callable/-/is-callable-1.2.7.tgz 0ms (cache hit)
568 http cache is-boolean-object@https://registry.npmjs.org/is-boolean-object/-/is-boolean-object-1.2.2.tgz 0ms (cache hit)
569 http cache is-array-buffer@https://registry.npmjs.org/is-array-buffer/-/is-array-buffer-3.0.5.tgz 0ms (cache hit)
570 http cache is-async-function@https://registry.npmjs.org/is-async-function/-/is-async-function-2.1.1.tgz 0ms (cache hit)
571 http cache is-bigint@https://registry.npmjs.org/is-bigint/-/is-bigint-1.1.0.tgz 0ms (cache hit)
572 http cache internal-slot@https://registry.npmjs.org/internal-slot/-/internal-slot-1.1.0.tgz 0ms (cache hit)
573 http cache is-bun-module@https://registry.npmjs.org/is-bun-module/-/is-bun-module-2.0.0.tgz 0ms (cache hit)
574 http cache imurmurhash@https://registry.npmjs.org/imurmurhash/-/imurmurhash-0.1.4.tgz 0ms (cache hit)
575 http cache import-fresh@https://registry.npmjs.org/import-fresh/-/import-fresh-3.3.1.tgz 0ms (cache hit)
576 http cache ignore@https://registry.npmjs.org/ignore/-/ignore-5.3.2.tgz 0ms (cache hit)
577 http cache hermes-estree@https://registry.npmjs.org/hermes-estree/-/hermes-estree-0.25.1.tgz 0ms (cache hit)
578 http cache hermes-parser@https://registry.npmjs.org/hermes-parser/-/hermes-parser-0.25.1.tgz 0ms (cache hit)
579 http cache hasown@https://registry.npmjs.org/hasown/-/hasown-2.0.3.tgz 0ms (cache hit)
580 http cache has-flag@https://registry.npmjs.org/has-flag/-/has-flag-4.0.0.tgz 0ms (cache hit)
581 http cache has-proto@https://registry.npmjs.org/has-proto/-/has-proto-1.2.0.tgz 0ms (cache hit)
582 http cache has-tostringtag@https://registry.npmjs.org/has-tostringtag/-/has-tostringtag-1.0.2.tgz 0ms (cache hit)
583 http cache has-symbols@https://registry.npmjs.org/has-symbols/-/has-symbols-1.1.0.tgz 0ms (cache hit)
584 http cache has-property-descriptors@https://registry.npmjs.org/has-property-descriptors/-/has-property-descriptors-1.0.2.tgz 0ms (cache hit)
585 http cache globalthis@https://registry.npmjs.org/globalthis/-/globalthis-1.0.4.tgz 0ms (cache hit)
586 http cache gopd@https://registry.npmjs.org/gopd/-/gopd-1.2.0.tgz 0ms (cache hit)
587 http cache graceful-fs@https://registry.npmjs.org/graceful-fs/-/graceful-fs-4.2.11.tgz 0ms (cache hit)
588 http cache has-bigints@https://registry.npmjs.org/has-bigints/-/has-bigints-1.1.0.tgz 0ms (cache hit)
589 http cache globals@https://registry.npmjs.org/globals/-/globals-14.0.0.tgz 0ms (cache hit)
590 http cache get-proto@https://registry.npmjs.org/get-proto/-/get-proto-1.0.1.tgz 0ms (cache hit)
591 http cache get-tsconfig@https://registry.npmjs.org/get-tsconfig/-/get-tsconfig-4.14.0.tgz 0ms (cache hit)
592 http cache gensync@https://registry.npmjs.org/gensync/-/gensync-1.0.0-beta.2.tgz 0ms (cache hit)
593 http cache glob-parent@https://registry.npmjs.org/glob-parent/-/glob-parent-6.0.2.tgz 0ms (cache hit)
594 http cache generator-function@https://registry.npmjs.org/generator-function/-/generator-function-2.0.1.tgz 0ms (cache hit)
595 http cache get-intrinsic@https://registry.npmjs.org/get-intrinsic/-/get-intrinsic-1.3.0.tgz 0ms (cache hit)
596 http cache get-symbol-description@https://registry.npmjs.org/get-symbol-description/-/get-symbol-description-1.1.0.tgz 0ms (cache hit)
597 http cache function-bind@https://registry.npmjs.org/function-bind/-/function-bind-1.1.2.tgz 0ms (cache hit)
598 http cache for-each@https://registry.npmjs.org/for-each/-/for-each-0.3.5.tgz 0ms (cache hit)
599 http cache function.prototype.name@https://registry.npmjs.org/function.prototype.name/-/function.prototype.name-1.1.8.tgz 0ms (cache hit)
600 http cache flatted@https://registry.npmjs.org/flatted/-/flatted-3.4.2.tgz 0ms (cache hit)
601 http cache flat-cache@https://registry.npmjs.org/flat-cache/-/flat-cache-4.0.1.tgz 0ms (cache hit)
602 http cache fill-range@https://registry.npmjs.org/fill-range/-/fill-range-7.1.1.tgz 0ms (cache hit)
603 http cache find-up@https://registry.npmjs.org/find-up/-/find-up-5.0.0.tgz 0ms (cache hit)
604 http cache file-entry-cache@https://registry.npmjs.org/file-entry-cache/-/file-entry-cache-8.0.0.tgz 0ms (cache hit)
605 http cache fastq@https://registry.npmjs.org/fastq/-/fastq-1.20.1.tgz 0ms (cache hit)
606 http cache fast-levenshtein@https://registry.npmjs.org/fast-levenshtein/-/fast-levenshtein-2.0.6.tgz 0ms (cache hit)
607 http cache fast-json-stable-stringify@https://registry.npmjs.org/fast-json-stable-stringify/-/fast-json-stable-stringify-2.1.0.tgz 0ms (cache hit)
608 http cache fast-deep-equal@https://registry.npmjs.org/fast-deep-equal/-/fast-deep-equal-3.1.3.tgz 0ms (cache hit)
609 http cache esutils@https://registry.npmjs.org/esutils/-/esutils-2.0.3.tgz 0ms (cache hit)
610 http cache functions-have-names@https://registry.npmjs.org/functions-have-names/-/functions-have-names-1.2.3.tgz 0ms (cache hit)
611 http cache estraverse@https://registry.npmjs.org/estraverse/-/estraverse-5.3.0.tgz 0ms (cache hit)
612 http cache fast-glob@https://registry.npmjs.org/fast-glob/-/fast-glob-3.3.1.tgz 0ms (cache hit)
613 http cache esrecurse@https://registry.npmjs.org/esrecurse/-/esrecurse-4.3.0.tgz 0ms (cache hit)
614 http cache espree@https://registry.npmjs.org/espree/-/espree-10.4.0.tgz 0ms (cache hit)
615 http cache esquery@https://registry.npmjs.org/esquery/-/esquery-1.7.0.tgz 0ms (cache hit)
616 http cache eslint-visitor-keys@https://registry.npmjs.org/eslint-visitor-keys/-/eslint-visitor-keys-4.2.1.tgz 0ms (cache hit)
617 http cache eslint-scope@https://registry.npmjs.org/eslint-scope/-/eslint-scope-8.4.0.tgz 0ms (cache hit)
618 http cache eslint-plugin-react-hooks@https://registry.npmjs.org/eslint-plugin-react-hooks/-/eslint-plugin-react-hooks-7.1.1.tgz 0ms (cache hit)
619 http cache eslint-plugin-react@https://registry.npmjs.org/eslint-plugin-react/-/eslint-plugin-react-7.37.5.tgz 0ms (cache hit)
620 http cache eslint-plugin-jsx-a11y@https://registry.npmjs.org/eslint-plugin-jsx-a11y/-/eslint-plugin-jsx-a11y-6.10.2.tgz 0ms (cache hit)
621 http cache eslint-plugin-import@https://registry.npmjs.org/eslint-plugin-import/-/eslint-plugin-import-2.32.0.tgz 0ms (cache hit)
622 http cache eslint-module-utils@https://registry.npmjs.org/eslint-module-utils/-/eslint-module-utils-2.12.1.tgz 0ms (cache hit)
623 http cache eslint-config-next@https://registry.npmjs.org/eslint-config-next/-/eslint-config-next-16.2.6.tgz 0ms (cache hit)
624 http cache escape-string-regexp@https://registry.npmjs.org/escape-string-regexp/-/escape-string-regexp-4.0.0.tgz 0ms (cache hit)
625 http cache eslint-import-resolver-typescript@https://registry.npmjs.org/eslint-import-resolver-typescript/-/eslint-import-resolver-typescript-3.10.1.tgz 0ms (cache hit)
626 http cache eslint-import-resolver-node@https://registry.npmjs.org/eslint-import-resolver-node/-/eslint-import-resolver-node-0.3.10.tgz 0ms (cache hit)
627 http cache eslint@https://registry.npmjs.org/eslint/-/eslint-9.39.4.tgz 0ms (cache hit)
628 http cache escalade@https://registry.npmjs.org/escalade/-/escalade-3.2.0.tgz 0ms (cache hit)
629 http cache es-to-primitive@https://registry.npmjs.org/es-to-primitive/-/es-to-primitive-1.3.0.tgz 0ms (cache hit)
630 http cache es-set-tostringtag@https://registry.npmjs.org/es-set-tostringtag/-/es-set-tostringtag-2.1.0.tgz 0ms (cache hit)
631 http cache es-object-atoms@https://registry.npmjs.org/es-object-atoms/-/es-object-atoms-1.1.1.tgz 0ms (cache hit)
632 http cache es-shim-unscopables@https://registry.npmjs.org/es-shim-unscopables/-/es-shim-unscopables-1.1.0.tgz 0ms (cache hit)
633 http cache es-iterator-helpers@https://registry.npmjs.org/es-iterator-helpers/-/es-iterator-helpers-1.3.2.tgz 0ms (cache hit)
634 http cache es-abstract@https://registry.npmjs.org/es-abstract/-/es-abstract-1.24.2.tgz 0ms (cache hit)
635 http cache es-define-property@https://registry.npmjs.org/es-define-property/-/es-define-property-1.0.1.tgz 0ms (cache hit)
636 http cache es-errors@https://registry.npmjs.org/es-errors/-/es-errors-1.3.0.tgz 0ms (cache hit)
637 http cache electron-to-chromium@https://registry.npmjs.org/electron-to-chromium/-/electron-to-chromium-1.5.358.tgz 0ms (cache hit)
638 http cache emoji-regex@https://registry.npmjs.org/emoji-regex/-/emoji-regex-9.2.2.tgz 0ms (cache hit)
639 http cache enhanced-resolve@https://registry.npmjs.org/enhanced-resolve/-/enhanced-resolve-5.21.3.tgz 0ms (cache hit)
640 http cache dunder-proto@https://registry.npmjs.org/dunder-proto/-/dunder-proto-1.0.1.tgz 0ms (cache hit)
641 http cache doctrine@https://registry.npmjs.org/doctrine/-/doctrine-2.1.0.tgz 0ms (cache hit)
642 http cache detect-libc@https://registry.npmjs.org/detect-libc/-/detect-libc-2.1.2.tgz 0ms (cache hit)
643 http cache define-data-property@https://registry.npmjs.org/define-data-property/-/define-data-property-1.1.4.tgz 0ms (cache hit)
644 http cache deep-is@https://registry.npmjs.org/deep-is/-/deep-is-0.1.4.tgz 0ms (cache hit)
645 http cache define-properties@https://registry.npmjs.org/define-properties/-/define-properties-1.2.1.tgz 0ms (cache hit)
646 http cache debug@https://registry.npmjs.org/debug/-/debug-4.4.3.tgz 0ms (cache hit)
647 http cache data-view-byte-length@https://registry.npmjs.org/data-view-byte-length/-/data-view-byte-length-1.0.2.tgz 0ms (cache hit)
648 http cache data-view-byte-offset@https://registry.npmjs.org/data-view-byte-offset/-/data-view-byte-offset-1.0.1.tgz 0ms (cache hit)
649 http cache csstype@https://registry.npmjs.org/csstype/-/csstype-3.2.3.tgz 0ms (cache hit)
650 http cache damerau-levenshtein@https://registry.npmjs.org/damerau-levenshtein/-/damerau-levenshtein-1.0.8.tgz 0ms (cache hit)
651 http cache cross-spawn@https://registry.npmjs.org/cross-spawn/-/cross-spawn-7.0.6.tgz 0ms (cache hit)
652 http cache convert-source-map@https://registry.npmjs.org/convert-source-map/-/convert-source-map-2.0.0.tgz 0ms (cache hit)
653 http cache data-view-buffer@https://registry.npmjs.org/data-view-buffer/-/data-view-buffer-1.0.2.tgz 0ms (cache hit)
654 http cache concat-map@https://registry.npmjs.org/concat-map/-/concat-map-0.0.1.tgz 0ms (cache hit)
655 http cache color-name@https://registry.npmjs.org/color-name/-/color-name-1.1.4.tgz 0ms (cache hit)
656 http cache color-convert@https://registry.npmjs.org/color-convert/-/color-convert-2.0.1.tgz 0ms (cache hit)
657 http cache client-only@https://registry.npmjs.org/client-only/-/client-only-0.0.1.tgz 0ms (cache hit)
658 http cache caniuse-lite@https://registry.npmjs.org/caniuse-lite/-/caniuse-lite-1.0.30001793.tgz 0ms (cache hit)
659 http cache chalk@https://registry.npmjs.org/chalk/-/chalk-4.1.2.tgz 0ms (cache hit)
660 http cache callsites@https://registry.npmjs.org/callsites/-/callsites-3.1.0.tgz 0ms (cache hit)
661 http cache call-bind@https://registry.npmjs.org/call-bind/-/call-bind-1.0.9.tgz 0ms (cache hit)
662 http cache call-bound@https://registry.npmjs.org/call-bound/-/call-bound-1.0.4.tgz 0ms (cache hit)
663 http cache call-bind-apply-helpers@https://registry.npmjs.org/call-bind-apply-helpers/-/call-bind-apply-helpers-1.0.2.tgz 0ms (cache hit)
664 http cache braces@https://registry.npmjs.org/braces/-/braces-3.0.3.tgz 0ms (cache hit)
665 http cache browserslist@https://registry.npmjs.org/browserslist/-/browserslist-4.28.2.tgz 0ms (cache hit)
666 http cache brace-expansion@https://registry.npmjs.org/brace-expansion/-/brace-expansion-1.1.14.tgz 0ms (cache hit)
667 http cache baseline-browser-mapping@https://registry.npmjs.org/baseline-browser-mapping/-/baseline-browser-mapping-2.10.30.tgz 0ms (cache hit)
668 http cache balanced-match@https://registry.npmjs.org/balanced-match/-/balanced-match-1.0.2.tgz 0ms (cache hit)
669 http cache available-typed-arrays@https://registry.npmjs.org/available-typed-arrays/-/available-typed-arrays-1.0.7.tgz 0ms (cache hit)
670 http cache axobject-query@https://registry.npmjs.org/axobject-query/-/axobject-query-4.1.0.tgz 0ms (cache hit)
671 http cache axe-core@https://registry.npmjs.org/axe-core/-/axe-core-4.11.4.tgz 0ms (cache hit)
672 http cache async-function@https://registry.npmjs.org/async-function/-/async-function-1.0.0.tgz 0ms (cache hit)
673 http cache ast-types-flow@https://registry.npmjs.org/ast-types-flow/-/ast-types-flow-0.0.8.tgz 0ms (cache hit)
674 http cache array.prototype.tosorted@https://registry.npmjs.org/array.prototype.tosorted/-/array.prototype.tosorted-1.1.4.tgz 0ms (cache hit)
675 http cache arraybuffer.prototype.slice@https://registry.npmjs.org/arraybuffer.prototype.slice/-/arraybuffer.prototype.slice-1.0.4.tgz 0ms (cache hit)
676 http cache array.prototype.flatmap@https://registry.npmjs.org/array.prototype.flatmap/-/array.prototype.flatmap-1.3.3.tgz 0ms (cache hit)
677 http cache array.prototype.flat@https://registry.npmjs.org/array.prototype.flat/-/array.prototype.flat-1.3.3.tgz 0ms (cache hit)
678 http cache array.prototype.findlast@https://registry.npmjs.org/array.prototype.findlast/-/array.prototype.findlast-1.2.5.tgz 0ms (cache hit)
679 http cache array-buffer-byte-length@https://registry.npmjs.org/array-buffer-byte-length/-/array-buffer-byte-length-1.0.2.tgz 0ms (cache hit)
680 http cache array-includes@https://registry.npmjs.org/array-includes/-/array-includes-3.1.9.tgz 0ms (cache hit)
681 http cache aria-query@https://registry.npmjs.org/aria-query/-/aria-query-5.3.2.tgz 0ms (cache hit)
682 http cache ansi-styles@https://registry.npmjs.org/ansi-styles/-/ansi-styles-4.3.0.tgz 0ms (cache hit)
683 http cache ajv@https://registry.npmjs.org/ajv/-/ajv-6.15.0.tgz 0ms (cache hit)
684 http cache array.prototype.findlastindex@https://registry.npmjs.org/array.prototype.findlastindex/-/array.prototype.findlastindex-1.2.6.tgz 0ms (cache hit)
685 http cache argparse@https://registry.npmjs.org/argparse/-/argparse-2.0.1.tgz 0ms (cache hit)
686 http cache acorn-jsx@https://registry.npmjs.org/acorn-jsx/-/acorn-jsx-5.3.2.tgz 0ms (cache hit)
687 http cache acorn@https://registry.npmjs.org/acorn/-/acorn-8.16.0.tgz 0ms (cache hit)
688 http cache brace-expansion@https://registry.npmjs.org/brace-expansion/-/brace-expansion-5.0.6.tgz 0ms (cache hit)
689 http cache minimatch@https://registry.npmjs.org/minimatch/-/minimatch-10.2.5.tgz 0ms (cache hit)
690 http cache balanced-match@https://registry.npmjs.org/balanced-match/-/balanced-match-4.0.4.tgz 0ms (cache hit)
691 http cache eslint-visitor-keys@https://registry.npmjs.org/eslint-visitor-keys/-/eslint-visitor-keys-5.0.1.tgz 0ms (cache hit)
692 http cache ignore@https://registry.npmjs.org/ignore/-/ignore-7.0.5.tgz 0ms (cache hit)
693 http cache eslint-visitor-keys@https://registry.npmjs.org/eslint-visitor-keys/-/eslint-visitor-keys-3.4.3.tgz 0ms (cache hit)
694 http cache semver@https://registry.npmjs.org/semver/-/semver-7.8.0.tgz 0ms (cache hit)
695 http cache json5@https://registry.npmjs.org/json5/-/json5-1.0.2.tgz 0ms (cache hit)
696 http cache picomatch@https://registry.npmjs.org/picomatch/-/picomatch-4.0.4.tgz 0ms (cache hit)
697 http cache fdir@https://registry.npmjs.org/fdir/-/fdir-6.5.0.tgz 0ms (cache hit)
698 http cache postcss@https://registry.npmjs.org/postcss/-/postcss-8.4.31.tgz 0ms (cache hit)
699 http cache semver@https://registry.npmjs.org/semver/-/semver-7.8.0.tgz 0ms (cache hit)
700 http cache semver@https://registry.npmjs.org/semver/-/semver-7.8.0.tgz 0ms (cache hit)
701 http cache debug@https://registry.npmjs.org/debug/-/debug-3.2.7.tgz 0ms (cache hit)
702 http cache glob-parent@https://registry.npmjs.org/glob-parent/-/glob-parent-5.1.2.tgz 0ms (cache hit)
703 silly tarball no local data for @unrs/resolver-binding-win32-x64-msvc@https://registry.npmjs.org/@unrs/resolver-binding-win32-x64-msvc/-/resolver-binding-win32-x64-msvc-1.11.1.tgz. Extracting by manifest.
704 http cache debug@https://registry.npmjs.org/debug/-/debug-3.2.7.tgz 0ms (cache hit)
705 silly tarball no local data for @typescript-eslint/visitor-keys@https://registry.npmjs.org/@typescript-eslint/visitor-keys/-/visitor-keys-8.59.3.tgz. Extracting by manifest.
706 silly tarball no local data for @typescript-eslint/types@https://registry.npmjs.org/@typescript-eslint/types/-/types-8.59.3.tgz. Extracting by manifest.
707 http cache debug@https://registry.npmjs.org/debug/-/debug-3.2.7.tgz 0ms (cache hit)
708 silly tarball no local data for @typescript-eslint/typescript-estree@https://registry.npmjs.org/@typescript-eslint/typescript-estree/-/typescript-estree-8.59.3.tgz. Extracting by manifest.
709 silly tarball no local data for @typescript-eslint/utils@https://registry.npmjs.org/@typescript-eslint/utils/-/utils-8.59.3.tgz. Extracting by manifest.
710 silly tarball no local data for @typescript-eslint/tsconfig-utils@https://registry.npmjs.org/@typescript-eslint/tsconfig-utils/-/tsconfig-utils-8.59.3.tgz. Extracting by manifest.
711 silly tarball no local data for @typescript-eslint/type-utils@https://registry.npmjs.org/@typescript-eslint/type-utils/-/type-utils-8.59.3.tgz. Extracting by manifest.
712 silly tarball no local data for @typescript-eslint/scope-manager@https://registry.npmjs.org/@typescript-eslint/scope-manager/-/scope-manager-8.59.3.tgz. Extracting by manifest.
713 silly tarball no local data for @typescript-eslint/project-service@https://registry.npmjs.org/@typescript-eslint/project-service/-/project-service-8.59.3.tgz. Extracting by manifest.
714 silly tarball no local data for @typescript-eslint/eslint-plugin@https://registry.npmjs.org/@typescript-eslint/eslint-plugin/-/eslint-plugin-8.59.3.tgz. Extracting by manifest.
715 silly tarball no local data for @typescript-eslint/parser@https://registry.npmjs.org/@typescript-eslint/parser/-/parser-8.59.3.tgz. Extracting by manifest.
716 silly tarball no local data for @types/react-dom@https://registry.npmjs.org/@types/react-dom/-/react-dom-19.2.3.tgz. Extracting by manifest.
717 silly tarball no local data for @types/react@https://registry.npmjs.org/@types/react/-/react-19.2.14.tgz. Extracting by manifest.
718 silly tarball no local data for @types/node@https://registry.npmjs.org/@types/node/-/node-22.19.19.tgz. Extracting by manifest.
719 silly tarball no local data for @types/json-schema@https://registry.npmjs.org/@types/json-schema/-/json-schema-7.0.15.tgz. Extracting by manifest.
720 silly tarball no local data for @types/json5@https://registry.npmjs.org/@types/json5/-/json5-0.0.29.tgz. Extracting by manifest.
721 silly tarball no local data for @types/estree@https://registry.npmjs.org/@types/estree/-/estree-1.0.9.tgz. Extracting by manifest.
722 silly tarball no local data for @rtsao/scc@https://registry.npmjs.org/@rtsao/scc/-/scc-1.1.0.tgz. Extracting by manifest.
723 silly tarball no local data for @swc/helpers@https://registry.npmjs.org/@swc/helpers/-/helpers-0.5.15.tgz. Extracting by manifest.
724 silly tarball no local data for @tailwindcss/postcss@https://registry.npmjs.org/@tailwindcss/postcss/-/postcss-4.2.1.tgz. Extracting by manifest.
725 silly tarball no local data for @tailwindcss/oxide-win32-x64-msvc@https://registry.npmjs.org/@tailwindcss/oxide-win32-x64-msvc/-/oxide-win32-x64-msvc-4.2.1.tgz. Extracting by manifest.
726 silly tarball no local data for @tailwindcss/oxide@https://registry.npmjs.org/@tailwindcss/oxide/-/oxide-4.2.1.tgz. Extracting by manifest.
727 silly tarball no local data for @tailwindcss/node@https://registry.npmjs.org/@tailwindcss/node/-/node-4.2.1.tgz. Extracting by manifest.
728 silly tarball no local data for @nolyfill/is-core-module@https://registry.npmjs.org/@nolyfill/is-core-module/-/is-core-module-1.0.39.tgz. Extracting by manifest.
729 silly tarball no local data for @jridgewell/trace-mapping@https://registry.npmjs.org/@jridgewell/trace-mapping/-/trace-mapping-0.3.31.tgz. Extracting by manifest.
730 silly tarball no local data for @jridgewell/sourcemap-codec@https://registry.npmjs.org/@jridgewell/sourcemap-codec/-/sourcemap-codec-1.5.5.tgz. Extracting by manifest.
731 silly tarball no local data for @jridgewell/resolve-uri@https://registry.npmjs.org/@jridgewell/resolve-uri/-/resolve-uri-3.1.2.tgz. Extracting by manifest.
732 silly tarball no local data for @jridgewell/remapping@https://registry.npmjs.org/@jridgewell/remapping/-/remapping-2.3.5.tgz. Extracting by manifest.
733 silly tarball no local data for @jridgewell/gen-mapping@https://registry.npmjs.org/@jridgewell/gen-mapping/-/gen-mapping-0.3.13.tgz. Extracting by manifest.
734 silly tarball no local data for @nodelib/fs.walk@https://registry.npmjs.org/@nodelib/fs.walk/-/fs.walk-1.2.8.tgz. Extracting by manifest.
735 http cache globals@https://registry.npmjs.org/globals/-/globals-16.4.0.tgz 1ms (cache hit)
736 silly tarball no local data for @next/swc-win32-x64-msvc@https://registry.npmjs.org/@next/swc-win32-x64-msvc/-/swc-win32-x64-msvc-16.2.6.tgz. Extracting by manifest.
737 silly tarball no local data for @nodelib/fs.stat@https://registry.npmjs.org/@nodelib/fs.stat/-/fs.stat-2.0.5.tgz. Extracting by manifest.
738 silly tarball no local data for @nodelib/fs.scandir@https://registry.npmjs.org/@nodelib/fs.scandir/-/fs.scandir-2.1.5.tgz. Extracting by manifest.
739 silly tarball no local data for @next/eslint-plugin-next@https://registry.npmjs.org/@next/eslint-plugin-next/-/eslint-plugin-next-16.2.6.tgz. Extracting by manifest.
740 silly tarball no local data for @next/env@https://registry.npmjs.org/@next/env/-/env-16.2.6.tgz. Extracting by manifest.
741 silly tarball no local data for @img/colour@https://registry.npmjs.org/@img/colour/-/colour-1.1.0.tgz. Extracting by manifest.
742 silly tarball no local data for @img/sharp-win32-x64@https://registry.npmjs.org/@img/sharp-win32-x64/-/sharp-win32-x64-0.34.5.tgz. Extracting by manifest.
743 silly tarball no local data for @humanfs/types@https://registry.npmjs.org/@humanfs/types/-/types-0.15.0.tgz. Extracting by manifest.
744 silly tarball no local data for @humanfs/node@https://registry.npmjs.org/@humanfs/node/-/node-0.16.8.tgz. Extracting by manifest.
745 silly tarball no local data for @humanfs/core@https://registry.npmjs.org/@humanfs/core/-/core-0.19.2.tgz. Extracting by manifest.
746 silly tarball no local data for @humanwhocodes/retry@https://registry.npmjs.org/@humanwhocodes/retry/-/retry-0.4.3.tgz. Extracting by manifest.
747 silly tarball no local data for @humanwhocodes/module-importer@https://registry.npmjs.org/@humanwhocodes/module-importer/-/module-importer-1.0.1.tgz. Extracting by manifest.
748 silly tarball no local data for @eslint-community/regexpp@https://registry.npmjs.org/@eslint-community/regexpp/-/regexpp-4.12.2.tgz. Extracting by manifest.
749 silly tarball no local data for @eslint/object-schema@https://registry.npmjs.org/@eslint/object-schema/-/object-schema-2.1.7.tgz. Extracting by manifest.
750 silly tarball no local data for @eslint/plugin-kit@https://registry.npmjs.org/@eslint/plugin-kit/-/plugin-kit-0.4.1.tgz. Extracting by manifest.
751 silly tarball no local data for @eslint-community/eslint-utils@https://registry.npmjs.org/@eslint-community/eslint-utils/-/eslint-utils-4.9.1.tgz. Extracting by manifest.
752 silly tarball no local data for @eslint/eslintrc@https://registry.npmjs.org/@eslint/eslintrc/-/eslintrc-3.3.5.tgz. Extracting by manifest.
753 silly tarball no local data for @eslint/js@https://registry.npmjs.org/@eslint/js/-/js-9.39.4.tgz. Extracting by manifest.
754 silly tarball no local data for @eslint/core@https://registry.npmjs.org/@eslint/core/-/core-0.17.0.tgz. Extracting by manifest.
755 silly tarball no local data for @babel/types@https://registry.npmjs.org/@babel/types/-/types-7.29.0.tgz. Extracting by manifest.
756 silly tarball no local data for @eslint/config-helpers@https://registry.npmjs.org/@eslint/config-helpers/-/config-helpers-0.4.2.tgz. Extracting by manifest.
757 silly tarball no local data for @babel/parser@https://registry.npmjs.org/@babel/parser/-/parser-7.29.3.tgz. Extracting by manifest.
758 silly tarball no local data for @babel/template@https://registry.npmjs.org/@babel/template/-/template-7.28.6.tgz. Extracting by manifest.
759 silly tarball no local data for @babel/traverse@https://registry.npmjs.org/@babel/traverse/-/traverse-7.29.0.tgz. Extracting by manifest.
760 silly tarball no local data for @eslint/config-array@https://registry.npmjs.org/@eslint/config-array/-/config-array-0.21.2.tgz. Extracting by manifest.
761 silly tarball no local data for @babel/helpers@https://registry.npmjs.org/@babel/helpers/-/helpers-7.29.2.tgz. Extracting by manifest.
762 silly tarball no local data for @babel/helper-validator-option@https://registry.npmjs.org/@babel/helper-validator-option/-/helper-validator-option-7.27.1.tgz. Extracting by manifest.
763 silly tarball no local data for @babel/helper-module-transforms@https://registry.npmjs.org/@babel/helper-module-transforms/-/helper-module-transforms-7.28.6.tgz. Extracting by manifest.
764 silly tarball no local data for @babel/helper-validator-identifier@https://registry.npmjs.org/@babel/helper-validator-identifier/-/helper-validator-identifier-7.28.5.tgz. Extracting by manifest.
765 silly tarball no local data for @babel/helper-string-parser@https://registry.npmjs.org/@babel/helper-string-parser/-/helper-string-parser-7.27.1.tgz. Extracting by manifest.
766 silly tarball no local data for @babel/helper-module-imports@https://registry.npmjs.org/@babel/helper-module-imports/-/helper-module-imports-7.28.6.tgz. Extracting by manifest.
767 silly tarball no local data for @babel/generator@https://registry.npmjs.org/@babel/generator/-/generator-7.29.1.tgz. Extracting by manifest.
768 silly tarball no local data for @babel/helper-compilation-targets@https://registry.npmjs.org/@babel/helper-compilation-targets/-/helper-compilation-targets-7.28.6.tgz. Extracting by manifest.
769 silly tarball no local data for @babel/helper-globals@https://registry.npmjs.org/@babel/helper-globals/-/helper-globals-7.28.0.tgz. Extracting by manifest.
770 silly tarball no local data for @babel/core@https://registry.npmjs.org/@babel/core/-/core-7.29.0.tgz. Extracting by manifest.
771 silly tarball no local data for @alloc/quick-lru@https://registry.npmjs.org/@alloc/quick-lru/-/quick-lru-5.2.0.tgz. Extracting by manifest.
772 silly tarball no local data for @babel/code-frame@https://registry.npmjs.org/@babel/code-frame/-/code-frame-7.29.0.tgz. Extracting by manifest.
773 silly tarball no local data for zod-validation-error@https://registry.npmjs.org/zod-validation-error/-/zod-validation-error-4.0.2.tgz. Extracting by manifest.
774 silly tarball no local data for @babel/compat-data@https://registry.npmjs.org/@babel/compat-data/-/compat-data-7.29.3.tgz. Extracting by manifest.
775 silly tarball no local data for yallist@https://registry.npmjs.org/yallist/-/yallist-3.1.1.tgz. Extracting by manifest.
776 silly tarball no local data for yocto-queue@https://registry.npmjs.org/yocto-queue/-/yocto-queue-0.1.0.tgz. Extracting by manifest.
777 silly tarball no local data for which-typed-array@https://registry.npmjs.org/which-typed-array/-/which-typed-array-1.1.20.tgz. Extracting by manifest.
778 silly tarball no local data for which-collection@https://registry.npmjs.org/which-collection/-/which-collection-1.0.2.tgz. Extracting by manifest.
779 silly tarball no local data for word-wrap@https://registry.npmjs.org/word-wrap/-/word-wrap-1.2.5.tgz. Extracting by manifest.
780 silly tarball no local data for zod@https://registry.npmjs.org/zod/-/zod-4.4.3.tgz. Extracting by manifest.
781 silly tarball no local data for which-builtin-type@https://registry.npmjs.org/which-builtin-type/-/which-builtin-type-1.2.1.tgz. Extracting by manifest.
782 silly tarball no local data for which-boxed-primitive@https://registry.npmjs.org/which-boxed-primitive/-/which-boxed-primitive-1.1.1.tgz. Extracting by manifest.
783 silly tarball no local data for uri-js@https://registry.npmjs.org/uri-js/-/uri-js-4.4.1.tgz. Extracting by manifest.
784 silly tarball no local data for which@https://registry.npmjs.org/which/-/which-2.0.2.tgz. Extracting by manifest.
785 silly tarball no local data for update-browserslist-db@https://registry.npmjs.org/update-browserslist-db/-/update-browserslist-db-1.2.3.tgz. Extracting by manifest.
786 silly tarball no local data for unrs-resolver@https://registry.npmjs.org/unrs-resolver/-/unrs-resolver-1.11.1.tgz. Extracting by manifest.
787 silly tarball no local data for typescript-eslint@https://registry.npmjs.org/typescript-eslint/-/typescript-eslint-8.59.3.tgz. Extracting by manifest.
788 silly tarball no local data for undici-types@https://registry.npmjs.org/undici-types/-/undici-types-6.21.0.tgz. Extracting by manifest.
789 silly tarball no local data for unbox-primitive@https://registry.npmjs.org/unbox-primitive/-/unbox-primitive-1.1.0.tgz. Extracting by manifest.
790 silly tarball no local data for typescript@https://registry.npmjs.org/typescript/-/typescript-5.9.3.tgz. Extracting by manifest.
791 silly tarball no local data for typed-array-length@https://registry.npmjs.org/typed-array-length/-/typed-array-length-1.0.7.tgz. Extracting by manifest.
792 silly tarball no local data for type-check@https://registry.npmjs.org/type-check/-/type-check-0.4.0.tgz. Extracting by manifest.
793 silly tarball no local data for typed-array-buffer@https://registry.npmjs.org/typed-array-buffer/-/typed-array-buffer-1.0.3.tgz. Extracting by manifest.
794 silly tarball no local data for typed-array-byte-offset@https://registry.npmjs.org/typed-array-byte-offset/-/typed-array-byte-offset-1.0.4.tgz. Extracting by manifest.
795 silly tarball no local data for typed-array-byte-length@https://registry.npmjs.org/typed-array-byte-length/-/typed-array-byte-length-1.0.3.tgz. Extracting by manifest.
796 silly tarball no local data for tslib@https://registry.npmjs.org/tslib/-/tslib-2.8.1.tgz. Extracting by manifest.
797 silly tarball no local data for tsconfig-paths@https://registry.npmjs.org/tsconfig-paths/-/tsconfig-paths-3.15.0.tgz. Extracting by manifest.
798 silly tarball no local data for tinyglobby@https://registry.npmjs.org/tinyglobby/-/tinyglobby-0.2.16.tgz. Extracting by manifest.
799 silly tarball no local data for ts-api-utils@https://registry.npmjs.org/ts-api-utils/-/ts-api-utils-2.5.0.tgz. Extracting by manifest.
800 silly tarball no local data for to-regex-range@https://registry.npmjs.org/to-regex-range/-/to-regex-range-5.0.1.tgz. Extracting by manifest.
801 silly tarball no local data for tailwindcss@https://registry.npmjs.org/tailwindcss/-/tailwindcss-4.2.1.tgz. Extracting by manifest.
802 silly tarball no local data for tapable@https://registry.npmjs.org/tapable/-/tapable-2.3.3.tgz. Extracting by manifest.
803 silly tarball no local data for supports-preserve-symlinks-flag@https://registry.npmjs.org/supports-preserve-symlinks-flag/-/supports-preserve-symlinks-flag-1.0.0.tgz. Extracting by manifest.
804 silly tarball no local data for supports-color@https://registry.npmjs.org/supports-color/-/supports-color-7.2.0.tgz. Extracting by manifest.
805 silly tarball no local data for styled-jsx@https://registry.npmjs.org/styled-jsx/-/styled-jsx-5.1.6.tgz. Extracting by manifest.
806 silly tarball no local data for strip-json-comments@https://registry.npmjs.org/strip-json-comments/-/strip-json-comments-3.1.1.tgz. Extracting by manifest.
807 silly tarball no local data for string.prototype.trimend@https://registry.npmjs.org/string.prototype.trimend/-/string.prototype.trimend-1.0.9.tgz. Extracting by manifest.
808 silly tarball no local data for strip-bom@https://registry.npmjs.org/strip-bom/-/strip-bom-3.0.0.tgz. Extracting by manifest.
809 silly tarball no local data for string.prototype.trimstart@https://registry.npmjs.org/string.prototype.trimstart/-/string.prototype.trimstart-1.0.8.tgz. Extracting by manifest.
810 silly tarball no local data for string.prototype.trim@https://registry.npmjs.org/string.prototype.trim/-/string.prototype.trim-1.2.10.tgz. Extracting by manifest.
811 silly tarball no local data for string.prototype.repeat@https://registry.npmjs.org/string.prototype.repeat/-/string.prototype.repeat-1.0.0.tgz. Extracting by manifest.
812 silly tarball no local data for stop-iteration-iterator@https://registry.npmjs.org/stop-iteration-iterator/-/stop-iteration-iterator-1.1.0.tgz. Extracting by manifest.
813 silly tarball no local data for string.prototype.matchall@https://registry.npmjs.org/string.prototype.matchall/-/string.prototype.matchall-4.0.12.tgz. Extracting by manifest.
814 silly tarball no local data for string.prototype.includes@https://registry.npmjs.org/string.prototype.includes/-/string.prototype.includes-2.0.1.tgz. Extracting by manifest.
815 silly tarball no local data for stable-hash@https://registry.npmjs.org/stable-hash/-/stable-hash-0.0.5.tgz. Extracting by manifest.
816 silly tarball no local data for source-map-js@https://registry.npmjs.org/source-map-js/-/source-map-js-1.2.1.tgz. Extracting by manifest.
817 silly tarball no local data for side-channel-weakmap@https://registry.npmjs.org/side-channel-weakmap/-/side-channel-weakmap-1.0.2.tgz. Extracting by manifest.
818 silly tarball no local data for side-channel-list@https://registry.npmjs.org/side-channel-list/-/side-channel-list-1.0.1.tgz. Extracting by manifest.
819 silly tarball no local data for shebang-regex@https://registry.npmjs.org/shebang-regex/-/shebang-regex-3.0.0.tgz. Extracting by manifest.
820 silly tarball no local data for side-channel@https://registry.npmjs.org/side-channel/-/side-channel-1.1.0.tgz. Extracting by manifest.
821 silly tarball no local data for side-channel-map@https://registry.npmjs.org/side-channel-map/-/side-channel-map-1.0.1.tgz. Extracting by manifest.
822 silly tarball no local data for shebang-command@https://registry.npmjs.org/shebang-command/-/shebang-command-2.0.0.tgz. Extracting by manifest.
823 silly tarball no local data for set-function-name@https://registry.npmjs.org/set-function-name/-/set-function-name-2.0.2.tgz. Extracting by manifest.
824 silly tarball no local data for sharp@https://registry.npmjs.org/sharp/-/sharp-0.34.5.tgz. Extracting by manifest.
825 silly tarball no local data for set-function-length@https://registry.npmjs.org/set-function-length/-/set-function-length-1.2.2.tgz. Extracting by manifest.
826 silly tarball no local data for semver@https://registry.npmjs.org/semver/-/semver-6.3.1.tgz. Extracting by manifest.
827 silly tarball no local data for safe-regex-test@https://registry.npmjs.org/safe-regex-test/-/safe-regex-test-1.1.0.tgz. Extracting by manifest.
828 silly tarball no local data for set-proto@https://registry.npmjs.org/set-proto/-/set-proto-1.0.0.tgz. Extracting by manifest.
829 silly tarball no local data for scheduler@https://registry.npmjs.org/scheduler/-/scheduler-0.27.0.tgz. Extracting by manifest.
830 silly tarball no local data for safe-push-apply@https://registry.npmjs.org/safe-push-apply/-/safe-push-apply-1.0.0.tgz. Extracting by manifest.
831 silly tarball no local data for safe-array-concat@https://registry.npmjs.org/safe-array-concat/-/safe-array-concat-1.1.4.tgz. Extracting by manifest.
832 silly tarball no local data for reusify@https://registry.npmjs.org/reusify/-/reusify-1.1.0.tgz. Extracting by manifest.
833 silly tarball no local data for resolve-pkg-maps@https://registry.npmjs.org/resolve-pkg-maps/-/resolve-pkg-maps-1.0.0.tgz. Extracting by manifest.
834 silly tarball no local data for run-parallel@https://registry.npmjs.org/run-parallel/-/run-parallel-1.2.0.tgz. Extracting by manifest.
835 silly tarball no local data for resolve-from@https://registry.npmjs.org/resolve-from/-/resolve-from-4.0.0.tgz. Extracting by manifest.
836 silly tarball no local data for regexp.prototype.flags@https://registry.npmjs.org/regexp.prototype.flags/-/regexp.prototype.flags-1.5.4.tgz. Extracting by manifest.
837 silly tarball no local data for resolve@https://registry.npmjs.org/resolve/-/resolve-2.0.0-next.7.tgz. Extracting by manifest.
838 silly tarball no local data for react-dom@https://registry.npmjs.org/react-dom/-/react-dom-19.2.6.tgz. Extracting by manifest.
839 silly tarball no local data for react@https://registry.npmjs.org/react/-/react-19.2.6.tgz. Extracting by manifest.
840 silly tarball no local data for reflect.getprototypeof@https://registry.npmjs.org/reflect.getprototypeof/-/reflect.getprototypeof-1.0.10.tgz. Extracting by manifest.
841 silly tarball no local data for react-is@https://registry.npmjs.org/react-is/-/react-is-16.13.1.tgz. Extracting by manifest.
842 silly tarball no local data for queue-microtask@https://registry.npmjs.org/queue-microtask/-/queue-microtask-1.2.3.tgz. Extracting by manifest.
843 silly tarball no local data for punycode@https://registry.npmjs.org/punycode/-/punycode-2.3.1.tgz. Extracting by manifest.
844 silly tarball no local data for possible-typed-array-names@https://registry.npmjs.org/possible-typed-array-names/-/possible-typed-array-names-1.1.0.tgz. Extracting by manifest.
845 silly tarball no local data for postcss@https://registry.npmjs.org/postcss/-/postcss-8.5.14.tgz. Extracting by manifest.
846 silly tarball no local data for prop-types@https://registry.npmjs.org/prop-types/-/prop-types-15.8.1.tgz. Extracting by manifest.
847 silly tarball no local data for picomatch@https://registry.npmjs.org/picomatch/-/picomatch-2.3.2.tgz. Extracting by manifest.
848 silly tarball no local data for prelude-ls@https://registry.npmjs.org/prelude-ls/-/prelude-ls-1.2.1.tgz. Extracting by manifest.
849 silly tarball no local data for path-parse@https://registry.npmjs.org/path-parse/-/path-parse-1.0.7.tgz. Extracting by manifest.
850 silly tarball no local data for picocolors@https://registry.npmjs.org/picocolors/-/picocolors-1.1.1.tgz. Extracting by manifest.
851 silly tarball no local data for path-key@https://registry.npmjs.org/path-key/-/path-key-3.1.1.tgz. Extracting by manifest.
852 silly tarball no local data for p-limit@https://registry.npmjs.org/p-limit/-/p-limit-3.1.0.tgz. Extracting by manifest.
853 silly tarball no local data for path-exists@https://registry.npmjs.org/path-exists/-/path-exists-4.0.0.tgz. Extracting by manifest.
854 silly tarball no local data for parent-module@https://registry.npmjs.org/parent-module/-/parent-module-1.0.1.tgz. Extracting by manifest.
855 silly tarball no local data for p-locate@https://registry.npmjs.org/p-locate/-/p-locate-5.0.0.tgz. Extracting by manifest.
856 silly tarball no local data for optionator@https://registry.npmjs.org/optionator/-/optionator-0.9.4.tgz. Extracting by manifest.
857 silly tarball no local data for own-keys@https://registry.npmjs.org/own-keys/-/own-keys-1.0.1.tgz. Extracting by manifest.
858 silly tarball no local data for object.values@https://registry.npmjs.org/object.values/-/object.values-1.2.1.tgz. Extracting by manifest.
859 silly tarball no local data for object.fromentries@https://registry.npmjs.org/object.fromentries/-/object.fromentries-2.0.8.tgz. Extracting by manifest.
860 silly tarball no local data for object.assign@https://registry.npmjs.org/object.assign/-/object.assign-4.1.7.tgz. Extracting by manifest.
861 silly tarball no local data for object.groupby@https://registry.npmjs.org/object.groupby/-/object.groupby-1.0.3.tgz. Extracting by manifest.
862 silly tarball no local data for object-keys@https://registry.npmjs.org/object-keys/-/object-keys-1.1.1.tgz. Extracting by manifest.
863 silly tarball no local data for object.entries@https://registry.npmjs.org/object.entries/-/object.entries-1.1.9.tgz. Extracting by manifest.
864 silly tarball no local data for object-inspect@https://registry.npmjs.org/object-inspect/-/object-inspect-1.13.4.tgz. Extracting by manifest.
865 silly tarball no local data for object-assign@https://registry.npmjs.org/object-assign/-/object-assign-4.1.1.tgz. Extracting by manifest.
866 silly tarball no local data for node-releases@https://registry.npmjs.org/node-releases/-/node-releases-2.0.44.tgz. Extracting by manifest.
867 silly tarball no local data for natural-compare@https://registry.npmjs.org/natural-compare/-/natural-compare-1.4.0.tgz. Extracting by manifest.
868 silly tarball no local data for next@https://registry.npmjs.org/next/-/next-16.2.6.tgz. Extracting by manifest.
869 silly tarball no local data for node-exports-info@https://registry.npmjs.org/node-exports-info/-/node-exports-info-1.6.0.tgz. Extracting by manifest.
870 silly tarball no local data for napi-postinstall@https://registry.npmjs.org/napi-postinstall/-/napi-postinstall-0.3.4.tgz. Extracting by manifest.
871 silly tarball no local data for nanoid@https://registry.npmjs.org/nanoid/-/nanoid-3.3.12.tgz. Extracting by manifest.
872 silly tarball no local data for ms@https://registry.npmjs.org/ms/-/ms-2.1.3.tgz. Extracting by manifest.
873 silly tarball no local data for minimatch@https://registry.npmjs.org/minimatch/-/minimatch-3.1.5.tgz. Extracting by manifest.
874 silly tarball no local data for micromatch@https://registry.npmjs.org/micromatch/-/micromatch-4.0.8.tgz. Extracting by manifest.
875 silly tarball no local data for minimist@https://registry.npmjs.org/minimist/-/minimist-1.2.8.tgz. Extracting by manifest.
876 silly tarball no local data for math-intrinsics@https://registry.npmjs.org/math-intrinsics/-/math-intrinsics-1.1.0.tgz. Extracting by manifest.
877 silly tarball no local data for merge2@https://registry.npmjs.org/merge2/-/merge2-1.4.1.tgz. Extracting by manifest.
878 silly tarball no local data for magic-string@https://registry.npmjs.org/magic-string/-/magic-string-0.30.21.tgz. Extracting by manifest.
879 silly tarball no local data for lru-cache@https://registry.npmjs.org/lru-cache/-/lru-cache-5.1.1.tgz. Extracting by manifest.
880 silly tarball no local data for loose-envify@https://registry.npmjs.org/loose-envify/-/loose-envify-1.4.0.tgz. Extracting by manifest.
881 silly tarball no local data for locate-path@https://registry.npmjs.org/locate-path/-/locate-path-6.0.0.tgz. Extracting by manifest.
882 silly tarball no local data for lodash.merge@https://registry.npmjs.org/lodash.merge/-/lodash.merge-4.6.2.tgz. Extracting by manifest.
883 silly tarball no local data for lightningcss-win32-x64-msvc@https://registry.npmjs.org/lightningcss-win32-x64-msvc/-/lightningcss-win32-x64-msvc-1.31.1.tgz. Extracting by manifest.
884 silly tarball no local data for lightningcss@https://registry.npmjs.org/lightningcss/-/lightningcss-1.31.1.tgz. Extracting by manifest.
885 silly tarball no local data for levn@https://registry.npmjs.org/levn/-/levn-0.4.1.tgz. Extracting by manifest.
886 silly tarball no local data for language-tags@https://registry.npmjs.org/language-tags/-/language-tags-1.0.9.tgz. Extracting by manifest.
887 silly tarball no local data for keyv@https://registry.npmjs.org/keyv/-/keyv-4.5.4.tgz. Extracting by manifest.
888 silly tarball no local data for jsx-ast-utils@https://registry.npmjs.org/jsx-ast-utils/-/jsx-ast-utils-3.3.5.tgz. Extracting by manifest.
889 silly tarball no local data for language-subtag-registry@https://registry.npmjs.org/language-subtag-registry/-/language-subtag-registry-0.3.23.tgz. Extracting by manifest.
890 silly tarball no local data for json-stable-stringify-without-jsonify@https://registry.npmjs.org/json-stable-stringify-without-jsonify/-/json-stable-stringify-without-jsonify-1.0.1.tgz. Extracting by manifest.
891 silly tarball no local data for json-schema-traverse@https://registry.npmjs.org/json-schema-traverse/-/json-schema-traverse-0.4.1.tgz. Extracting by manifest.
892 silly tarball no local data for json5@https://registry.npmjs.org/json5/-/json5-2.2.3.tgz. Extracting by manifest.
893 silly tarball no local data for json-buffer@https://registry.npmjs.org/json-buffer/-/json-buffer-3.0.1.tgz. Extracting by manifest.
894 silly tarball no local data for jsesc@https://registry.npmjs.org/jsesc/-/jsesc-3.1.0.tgz. Extracting by manifest.
895 silly tarball no local data for js-yaml@https://registry.npmjs.org/js-yaml/-/js-yaml-4.1.1.tgz. Extracting by manifest.
896 silly tarball no local data for jiti@https://registry.npmjs.org/jiti/-/jiti-2.7.0.tgz. Extracting by manifest.
897 silly tarball no local data for isexe@https://registry.npmjs.org/isexe/-/isexe-2.0.0.tgz. Extracting by manifest.
898 silly tarball no local data for isarray@https://registry.npmjs.org/isarray/-/isarray-2.0.5.tgz. Extracting by manifest.
899 silly tarball no local data for iterator.prototype@https://registry.npmjs.org/iterator.prototype/-/iterator.prototype-1.1.5.tgz. Extracting by manifest.
900 silly tarball no local data for is-weakset@https://registry.npmjs.org/is-weakset/-/is-weakset-2.0.4.tgz. Extracting by manifest.
901 silly tarball no local data for js-tokens@https://registry.npmjs.org/js-tokens/-/js-tokens-4.0.0.tgz. Extracting by manifest.
902 silly tarball no local data for is-weakref@https://registry.npmjs.org/is-weakref/-/is-weakref-1.1.1.tgz. Extracting by manifest.
903 silly tarball no local data for is-symbol@https://registry.npmjs.org/is-symbol/-/is-symbol-1.1.1.tgz. Extracting by manifest.
904 silly tarball no local data for is-weakmap@https://registry.npmjs.org/is-weakmap/-/is-weakmap-2.0.2.tgz. Extracting by manifest.
905 silly tarball no local data for is-typed-array@https://registry.npmjs.org/is-typed-array/-/is-typed-array-1.1.15.tgz. Extracting by manifest.
906 silly tarball no local data for is-set@https://registry.npmjs.org/is-set/-/is-set-2.0.3.tgz. Extracting by manifest.
907 silly tarball no local data for is-string@https://registry.npmjs.org/is-string/-/is-string-1.1.1.tgz. Extracting by manifest.
908 silly tarball no local data for is-shared-array-buffer@https://registry.npmjs.org/is-shared-array-buffer/-/is-shared-array-buffer-1.0.4.tgz. Extracting by manifest.
909 silly tarball no local data for is-regex@https://registry.npmjs.org/is-regex/-/is-regex-1.2.1.tgz. Extracting by manifest.
910 silly tarball no local data for is-number-object@https://registry.npmjs.org/is-number-object/-/is-number-object-1.1.1.tgz. Extracting by manifest.
911 silly tarball no local data for is-number@https://registry.npmjs.org/is-number/-/is-number-7.0.0.tgz. Extracting by manifest.
912 silly tarball no local data for is-negative-zero@https://registry.npmjs.org/is-negative-zero/-/is-negative-zero-2.0.3.tgz. Extracting by manifest.
913 silly tarball no local data for is-map@https://registry.npmjs.org/is-map/-/is-map-2.0.3.tgz. Extracting by manifest.
914 silly tarball no local data for is-glob@https://registry.npmjs.org/is-glob/-/is-glob-4.0.3.tgz. Extracting by manifest.
915 silly tarball no local data for is-date-object@https://registry.npmjs.org/is-date-object/-/is-date-object-1.1.0.tgz. Extracting by manifest.
916 silly tarball no local data for is-finalizationregistry@https://registry.npmjs.org/is-finalizationregistry/-/is-finalizationregistry-1.1.1.tgz. Extracting by manifest.
917 silly tarball no local data for is-generator-function@https://registry.npmjs.org/is-generator-function/-/is-generator-function-1.1.2.tgz. Extracting by manifest.
918 silly tarball no local data for is-core-module@https://registry.npmjs.org/is-core-module/-/is-core-module-2.16.2.tgz. Extracting by manifest.
919 silly tarball no local data for is-data-view@https://registry.npmjs.org/is-data-view/-/is-data-view-1.0.2.tgz. Extracting by manifest.
920 silly tarball no local data for is-extglob@https://registry.npmjs.org/is-extglob/-/is-extglob-2.1.1.tgz. Extracting by manifest.
921 silly tarball no local data for is-callable@https://registry.npmjs.org/is-callable/-/is-callable-1.2.7.tgz. Extracting by manifest.
922 silly tarball no local data for is-boolean-object@https://registry.npmjs.org/is-boolean-object/-/is-boolean-object-1.2.2.tgz. Extracting by manifest.
923 silly tarball no local data for is-array-buffer@https://registry.npmjs.org/is-array-buffer/-/is-array-buffer-3.0.5.tgz. Extracting by manifest.
924 silly tarball no local data for is-async-function@https://registry.npmjs.org/is-async-function/-/is-async-function-2.1.1.tgz. Extracting by manifest.
925 silly tarball no local data for is-bigint@https://registry.npmjs.org/is-bigint/-/is-bigint-1.1.0.tgz. Extracting by manifest.
926 silly tarball no local data for internal-slot@https://registry.npmjs.org/internal-slot/-/internal-slot-1.1.0.tgz. Extracting by manifest.
927 silly tarball no local data for is-bun-module@https://registry.npmjs.org/is-bun-module/-/is-bun-module-2.0.0.tgz. Extracting by manifest.
928 silly tarball no local data for imurmurhash@https://registry.npmjs.org/imurmurhash/-/imurmurhash-0.1.4.tgz. Extracting by manifest.
929 silly tarball no local data for import-fresh@https://registry.npmjs.org/import-fresh/-/import-fresh-3.3.1.tgz. Extracting by manifest.
930 silly tarball no local data for ignore@https://registry.npmjs.org/ignore/-/ignore-5.3.2.tgz. Extracting by manifest.
931 silly tarball no local data for hermes-estree@https://registry.npmjs.org/hermes-estree/-/hermes-estree-0.25.1.tgz. Extracting by manifest.
932 silly tarball no local data for hermes-parser@https://registry.npmjs.org/hermes-parser/-/hermes-parser-0.25.1.tgz. Extracting by manifest.
933 silly tarball no local data for hasown@https://registry.npmjs.org/hasown/-/hasown-2.0.3.tgz. Extracting by manifest.
934 silly tarball no local data for has-flag@https://registry.npmjs.org/has-flag/-/has-flag-4.0.0.tgz. Extracting by manifest.
935 silly tarball no local data for has-proto@https://registry.npmjs.org/has-proto/-/has-proto-1.2.0.tgz. Extracting by manifest.
936 silly tarball no local data for has-tostringtag@https://registry.npmjs.org/has-tostringtag/-/has-tostringtag-1.0.2.tgz. Extracting by manifest.
937 silly tarball no local data for has-symbols@https://registry.npmjs.org/has-symbols/-/has-symbols-1.1.0.tgz. Extracting by manifest.
938 silly tarball no local data for has-property-descriptors@https://registry.npmjs.org/has-property-descriptors/-/has-property-descriptors-1.0.2.tgz. Extracting by manifest.
939 silly tarball no local data for globalthis@https://registry.npmjs.org/globalthis/-/globalthis-1.0.4.tgz. Extracting by manifest.
940 silly tarball no local data for gopd@https://registry.npmjs.org/gopd/-/gopd-1.2.0.tgz. Extracting by manifest.
941 silly tarball no local data for graceful-fs@https://registry.npmjs.org/graceful-fs/-/graceful-fs-4.2.11.tgz. Extracting by manifest.
942 silly tarball no local data for has-bigints@https://registry.npmjs.org/has-bigints/-/has-bigints-1.1.0.tgz. Extracting by manifest.
943 silly tarball no local data for globals@https://registry.npmjs.org/globals/-/globals-14.0.0.tgz. Extracting by manifest.
944 silly tarball no local data for get-proto@https://registry.npmjs.org/get-proto/-/get-proto-1.0.1.tgz. Extracting by manifest.
945 silly tarball no local data for get-tsconfig@https://registry.npmjs.org/get-tsconfig/-/get-tsconfig-4.14.0.tgz. Extracting by manifest.
946 silly tarball no local data for gensync@https://registry.npmjs.org/gensync/-/gensync-1.0.0-beta.2.tgz. Extracting by manifest.
947 silly tarball no local data for glob-parent@https://registry.npmjs.org/glob-parent/-/glob-parent-6.0.2.tgz. Extracting by manifest.
948 silly tarball no local data for generator-function@https://registry.npmjs.org/generator-function/-/generator-function-2.0.1.tgz. Extracting by manifest.
949 silly tarball no local data for get-intrinsic@https://registry.npmjs.org/get-intrinsic/-/get-intrinsic-1.3.0.tgz. Extracting by manifest.
950 silly tarball no local data for get-symbol-description@https://registry.npmjs.org/get-symbol-description/-/get-symbol-description-1.1.0.tgz. Extracting by manifest.
951 silly tarball no local data for function-bind@https://registry.npmjs.org/function-bind/-/function-bind-1.1.2.tgz. Extracting by manifest.
952 silly tarball no local data for for-each@https://registry.npmjs.org/for-each/-/for-each-0.3.5.tgz. Extracting by manifest.
953 silly tarball no local data for function.prototype.name@https://registry.npmjs.org/function.prototype.name/-/function.prototype.name-1.1.8.tgz. Extracting by manifest.
954 silly tarball no local data for flatted@https://registry.npmjs.org/flatted/-/flatted-3.4.2.tgz. Extracting by manifest.
955 silly tarball no local data for flat-cache@https://registry.npmjs.org/flat-cache/-/flat-cache-4.0.1.tgz. Extracting by manifest.
956 silly tarball no local data for fill-range@https://registry.npmjs.org/fill-range/-/fill-range-7.1.1.tgz. Extracting by manifest.
957 silly tarball no local data for find-up@https://registry.npmjs.org/find-up/-/find-up-5.0.0.tgz. Extracting by manifest.
958 silly tarball no local data for file-entry-cache@https://registry.npmjs.org/file-entry-cache/-/file-entry-cache-8.0.0.tgz. Extracting by manifest.
959 silly tarball no local data for fastq@https://registry.npmjs.org/fastq/-/fastq-1.20.1.tgz. Extracting by manifest.
960 silly tarball no local data for fast-levenshtein@https://registry.npmjs.org/fast-levenshtein/-/fast-levenshtein-2.0.6.tgz. Extracting by manifest.
961 silly tarball no local data for fast-json-stable-stringify@https://registry.npmjs.org/fast-json-stable-stringify/-/fast-json-stable-stringify-2.1.0.tgz. Extracting by manifest.
962 silly tarball no local data for fast-deep-equal@https://registry.npmjs.org/fast-deep-equal/-/fast-deep-equal-3.1.3.tgz. Extracting by manifest.
963 silly tarball no local data for esutils@https://registry.npmjs.org/esutils/-/esutils-2.0.3.tgz. Extracting by manifest.
964 silly tarball no local data for functions-have-names@https://registry.npmjs.org/functions-have-names/-/functions-have-names-1.2.3.tgz. Extracting by manifest.
965 silly tarball no local data for estraverse@https://registry.npmjs.org/estraverse/-/estraverse-5.3.0.tgz. Extracting by manifest.
966 silly tarball no local data for fast-glob@https://registry.npmjs.org/fast-glob/-/fast-glob-3.3.1.tgz. Extracting by manifest.
967 silly tarball no local data for esrecurse@https://registry.npmjs.org/esrecurse/-/esrecurse-4.3.0.tgz. Extracting by manifest.
968 silly tarball no local data for espree@https://registry.npmjs.org/espree/-/espree-10.4.0.tgz. Extracting by manifest.
969 silly tarball no local data for esquery@https://registry.npmjs.org/esquery/-/esquery-1.7.0.tgz. Extracting by manifest.
970 silly tarball no local data for eslint-visitor-keys@https://registry.npmjs.org/eslint-visitor-keys/-/eslint-visitor-keys-4.2.1.tgz. Extracting by manifest.
971 silly tarball no local data for eslint-scope@https://registry.npmjs.org/eslint-scope/-/eslint-scope-8.4.0.tgz. Extracting by manifest.
972 silly tarball no local data for eslint-plugin-react-hooks@https://registry.npmjs.org/eslint-plugin-react-hooks/-/eslint-plugin-react-hooks-7.1.1.tgz. Extracting by manifest.
973 silly tarball no local data for eslint-plugin-react@https://registry.npmjs.org/eslint-plugin-react/-/eslint-plugin-react-7.37.5.tgz. Extracting by manifest.
974 silly tarball no local data for eslint-plugin-jsx-a11y@https://registry.npmjs.org/eslint-plugin-jsx-a11y/-/eslint-plugin-jsx-a11y-6.10.2.tgz. Extracting by manifest.
975 silly tarball no local data for eslint-plugin-import@https://registry.npmjs.org/eslint-plugin-import/-/eslint-plugin-import-2.32.0.tgz. Extracting by manifest.
976 silly tarball no local data for eslint-module-utils@https://registry.npmjs.org/eslint-module-utils/-/eslint-module-utils-2.12.1.tgz. Extracting by manifest.
977 silly tarball no local data for eslint-config-next@https://registry.npmjs.org/eslint-config-next/-/eslint-config-next-16.2.6.tgz. Extracting by manifest.
978 silly tarball no local data for escape-string-regexp@https://registry.npmjs.org/escape-string-regexp/-/escape-string-regexp-4.0.0.tgz. Extracting by manifest.
979 silly tarball no local data for eslint-import-resolver-typescript@https://registry.npmjs.org/eslint-import-resolver-typescript/-/eslint-import-resolver-typescript-3.10.1.tgz. Extracting by manifest.
980 silly tarball no local data for eslint-import-resolver-node@https://registry.npmjs.org/eslint-import-resolver-node/-/eslint-import-resolver-node-0.3.10.tgz. Extracting by manifest.
981 silly tarball no local data for eslint@https://registry.npmjs.org/eslint/-/eslint-9.39.4.tgz. Extracting by manifest.
982 silly tarball no local data for escalade@https://registry.npmjs.org/escalade/-/escalade-3.2.0.tgz. Extracting by manifest.
983 silly tarball no local data for es-to-primitive@https://registry.npmjs.org/es-to-primitive/-/es-to-primitive-1.3.0.tgz. Extracting by manifest.
984 silly tarball no local data for es-set-tostringtag@https://registry.npmjs.org/es-set-tostringtag/-/es-set-tostringtag-2.1.0.tgz. Extracting by manifest.
985 silly tarball no local data for es-object-atoms@https://registry.npmjs.org/es-object-atoms/-/es-object-atoms-1.1.1.tgz. Extracting by manifest.
986 silly tarball no local data for es-shim-unscopables@https://registry.npmjs.org/es-shim-unscopables/-/es-shim-unscopables-1.1.0.tgz. Extracting by manifest.
987 silly tarball no local data for es-iterator-helpers@https://registry.npmjs.org/es-iterator-helpers/-/es-iterator-helpers-1.3.2.tgz. Extracting by manifest.
988 silly tarball no local data for es-abstract@https://registry.npmjs.org/es-abstract/-/es-abstract-1.24.2.tgz. Extracting by manifest.
989 silly tarball no local data for es-define-property@https://registry.npmjs.org/es-define-property/-/es-define-property-1.0.1.tgz. Extracting by manifest.
990 silly tarball no local data for es-errors@https://registry.npmjs.org/es-errors/-/es-errors-1.3.0.tgz. Extracting by manifest.
991 silly tarball no local data for electron-to-chromium@https://registry.npmjs.org/electron-to-chromium/-/electron-to-chromium-1.5.358.tgz. Extracting by manifest.
992 silly tarball no local data for emoji-regex@https://registry.npmjs.org/emoji-regex/-/emoji-regex-9.2.2.tgz. Extracting by manifest.
993 silly tarball no local data for enhanced-resolve@https://registry.npmjs.org/enhanced-resolve/-/enhanced-resolve-5.21.3.tgz. Extracting by manifest.
994 silly tarball no local data for dunder-proto@https://registry.npmjs.org/dunder-proto/-/dunder-proto-1.0.1.tgz. Extracting by manifest.
995 silly tarball no local data for doctrine@https://registry.npmjs.org/doctrine/-/doctrine-2.1.0.tgz. Extracting by manifest.
996 silly tarball no local data for detect-libc@https://registry.npmjs.org/detect-libc/-/detect-libc-2.1.2.tgz. Extracting by manifest.
997 silly tarball no local data for define-data-property@https://registry.npmjs.org/define-data-property/-/define-data-property-1.1.4.tgz. Extracting by manifest.
998 silly tarball no local data for deep-is@https://registry.npmjs.org/deep-is/-/deep-is-0.1.4.tgz. Extracting by manifest.
999 silly tarball no local data for define-properties@https://registry.npmjs.org/define-properties/-/define-properties-1.2.1.tgz. Extracting by manifest.
1000 silly tarball no local data for debug@https://registry.npmjs.org/debug/-/debug-4.4.3.tgz. Extracting by manifest.
1001 silly tarball no local data for data-view-byte-length@https://registry.npmjs.org/data-view-byte-length/-/data-view-byte-length-1.0.2.tgz. Extracting by manifest.
1002 silly tarball no local data for data-view-byte-offset@https://registry.npmjs.org/data-view-byte-offset/-/data-view-byte-offset-1.0.1.tgz. Extracting by manifest.
1003 silly tarball no local data for csstype@https://registry.npmjs.org/csstype/-/csstype-3.2.3.tgz. Extracting by manifest.
1004 silly tarball no local data for damerau-levenshtein@https://registry.npmjs.org/damerau-levenshtein/-/damerau-levenshtein-1.0.8.tgz. Extracting by manifest.
1005 silly tarball no local data for cross-spawn@https://registry.npmjs.org/cross-spawn/-/cross-spawn-7.0.6.tgz. Extracting by manifest.
1006 silly tarball no local data for convert-source-map@https://registry.npmjs.org/convert-source-map/-/convert-source-map-2.0.0.tgz. Extracting by manifest.
1007 silly tarball no local data for data-view-buffer@https://registry.npmjs.org/data-view-buffer/-/data-view-buffer-1.0.2.tgz. Extracting by manifest.
1008 silly tarball no local data for concat-map@https://registry.npmjs.org/concat-map/-/concat-map-0.0.1.tgz. Extracting by manifest.
1009 silly tarball no local data for color-name@https://registry.npmjs.org/color-name/-/color-name-1.1.4.tgz. Extracting by manifest.
1010 silly tarball no local data for color-convert@https://registry.npmjs.org/color-convert/-/color-convert-2.0.1.tgz. Extracting by manifest.
1011 silly tarball no local data for client-only@https://registry.npmjs.org/client-only/-/client-only-0.0.1.tgz. Extracting by manifest.
1012 silly tarball no local data for caniuse-lite@https://registry.npmjs.org/caniuse-lite/-/caniuse-lite-1.0.30001793.tgz. Extracting by manifest.
1013 silly tarball no local data for chalk@https://registry.npmjs.org/chalk/-/chalk-4.1.2.tgz. Extracting by manifest.
1014 silly tarball no local data for callsites@https://registry.npmjs.org/callsites/-/callsites-3.1.0.tgz. Extracting by manifest.
1015 silly tarball no local data for call-bind@https://registry.npmjs.org/call-bind/-/call-bind-1.0.9.tgz. Extracting by manifest.
1016 silly tarball no local data for call-bound@https://registry.npmjs.org/call-bound/-/call-bound-1.0.4.tgz. Extracting by manifest.
1017 silly tarball no local data for call-bind-apply-helpers@https://registry.npmjs.org/call-bind-apply-helpers/-/call-bind-apply-helpers-1.0.2.tgz. Extracting by manifest.
1018 silly tarball no local data for braces@https://registry.npmjs.org/braces/-/braces-3.0.3.tgz. Extracting by manifest.
1019 silly tarball no local data for browserslist@https://registry.npmjs.org/browserslist/-/browserslist-4.28.2.tgz. Extracting by manifest.
1020 silly tarball no local data for brace-expansion@https://registry.npmjs.org/brace-expansion/-/brace-expansion-1.1.14.tgz. Extracting by manifest.
1021 silly tarball no local data for baseline-browser-mapping@https://registry.npmjs.org/baseline-browser-mapping/-/baseline-browser-mapping-2.10.30.tgz. Extracting by manifest.
1022 silly tarball no local data for balanced-match@https://registry.npmjs.org/balanced-match/-/balanced-match-1.0.2.tgz. Extracting by manifest.
1023 silly tarball no local data for available-typed-arrays@https://registry.npmjs.org/available-typed-arrays/-/available-typed-arrays-1.0.7.tgz. Extracting by manifest.
1024 silly tarball no local data for axobject-query@https://registry.npmjs.org/axobject-query/-/axobject-query-4.1.0.tgz. Extracting by manifest.
1025 silly tarball no local data for axe-core@https://registry.npmjs.org/axe-core/-/axe-core-4.11.4.tgz. Extracting by manifest.
1026 silly tarball no local data for async-function@https://registry.npmjs.org/async-function/-/async-function-1.0.0.tgz. Extracting by manifest.
1027 silly tarball no local data for ast-types-flow@https://registry.npmjs.org/ast-types-flow/-/ast-types-flow-0.0.8.tgz. Extracting by manifest.
1028 silly tarball no local data for array.prototype.tosorted@https://registry.npmjs.org/array.prototype.tosorted/-/array.prototype.tosorted-1.1.4.tgz. Extracting by manifest.
1029 silly tarball no local data for arraybuffer.prototype.slice@https://registry.npmjs.org/arraybuffer.prototype.slice/-/arraybuffer.prototype.slice-1.0.4.tgz. Extracting by manifest.
1030 silly tarball no local data for array.prototype.flatmap@https://registry.npmjs.org/array.prototype.flatmap/-/array.prototype.flatmap-1.3.3.tgz. Extracting by manifest.
1031 silly tarball no local data for array.prototype.flat@https://registry.npmjs.org/array.prototype.flat/-/array.prototype.flat-1.3.3.tgz. Extracting by manifest.
1032 silly tarball no local data for array.prototype.findlast@https://registry.npmjs.org/array.prototype.findlast/-/array.prototype.findlast-1.2.5.tgz. Extracting by manifest.
1033 silly tarball no local data for array-buffer-byte-length@https://registry.npmjs.org/array-buffer-byte-length/-/array-buffer-byte-length-1.0.2.tgz. Extracting by manifest.
1034 silly tarball no local data for array-includes@https://registry.npmjs.org/array-includes/-/array-includes-3.1.9.tgz. Extracting by manifest.
1035 silly tarball no local data for aria-query@https://registry.npmjs.org/aria-query/-/aria-query-5.3.2.tgz. Extracting by manifest.
1036 silly tarball no local data for ansi-styles@https://registry.npmjs.org/ansi-styles/-/ansi-styles-4.3.0.tgz. Extracting by manifest.
1037 silly tarball no local data for ajv@https://registry.npmjs.org/ajv/-/ajv-6.15.0.tgz. Extracting by manifest.
1038 silly tarball no local data for array.prototype.findlastindex@https://registry.npmjs.org/array.prototype.findlastindex/-/array.prototype.findlastindex-1.2.6.tgz. Extracting by manifest.
1039 silly tarball no local data for argparse@https://registry.npmjs.org/argparse/-/argparse-2.0.1.tgz. Extracting by manifest.
1040 silly tarball no local data for acorn-jsx@https://registry.npmjs.org/acorn-jsx/-/acorn-jsx-5.3.2.tgz. Extracting by manifest.
1041 silly tarball no local data for acorn@https://registry.npmjs.org/acorn/-/acorn-8.16.0.tgz. Extracting by manifest.
1042 silly tarball no local data for brace-expansion@https://registry.npmjs.org/brace-expansion/-/brace-expansion-5.0.6.tgz. Extracting by manifest.
1043 silly tarball no local data for minimatch@https://registry.npmjs.org/minimatch/-/minimatch-10.2.5.tgz. Extracting by manifest.
1044 silly tarball no local data for balanced-match@https://registry.npmjs.org/balanced-match/-/balanced-match-4.0.4.tgz. Extracting by manifest.
1045 silly tarball no local data for eslint-visitor-keys@https://registry.npmjs.org/eslint-visitor-keys/-/eslint-visitor-keys-5.0.1.tgz. Extracting by manifest.
1046 silly tarball no local data for ignore@https://registry.npmjs.org/ignore/-/ignore-7.0.5.tgz. Extracting by manifest.
1047 silly tarball no local data for eslint-visitor-keys@https://registry.npmjs.org/eslint-visitor-keys/-/eslint-visitor-keys-3.4.3.tgz. Extracting by manifest.
1048 silly tarball no local data for semver@https://registry.npmjs.org/semver/-/semver-7.8.0.tgz. Extracting by manifest.
1049 silly tarball no local data for json5@https://registry.npmjs.org/json5/-/json5-1.0.2.tgz. Extracting by manifest.
1050 silly tarball no local data for picomatch@https://registry.npmjs.org/picomatch/-/picomatch-4.0.4.tgz. Extracting by manifest.
1051 silly tarball no local data for fdir@https://registry.npmjs.org/fdir/-/fdir-6.5.0.tgz. Extracting by manifest.
1052 silly tarball no local data for postcss@https://registry.npmjs.org/postcss/-/postcss-8.4.31.tgz. Extracting by manifest.
1053 silly tarball no local data for semver@https://registry.npmjs.org/semver/-/semver-7.8.0.tgz. Extracting by manifest.
1054 silly tarball no local data for semver@https://registry.npmjs.org/semver/-/semver-7.8.0.tgz. Extracting by manifest.
1055 silly tarball no local data for debug@https://registry.npmjs.org/debug/-/debug-3.2.7.tgz. Extracting by manifest.
1056 silly tarball no local data for glob-parent@https://registry.npmjs.org/glob-parent/-/glob-parent-5.1.2.tgz. Extracting by manifest.
1057 silly tarball no local data for debug@https://registry.npmjs.org/debug/-/debug-3.2.7.tgz. Extracting by manifest.
1058 silly tarball no local data for debug@https://registry.npmjs.org/debug/-/debug-3.2.7.tgz. Extracting by manifest.
1059 silly tarball no local data for globals@https://registry.npmjs.org/globals/-/globals-16.4.0.tgz. Extracting by manifest.
1060 http fetch GET 200 https://registry.npmjs.org/@types/json5/-/json5-0.0.29.tgz 711ms (cache miss)
1061 http fetch GET 200 https://registry.npmjs.org/@types/json-schema/-/json-schema-7.0.15.tgz 722ms (cache miss)
1062 http fetch GET 200 https://registry.npmjs.org/@typescript-eslint/tsconfig-utils/-/tsconfig-utils-8.59.3.tgz 786ms (cache miss)
1063 http fetch GET 200 https://registry.npmjs.org/@typescript-eslint/visitor-keys/-/visitor-keys-8.59.3.tgz 792ms (cache miss)
1064 http fetch GET 200 https://registry.npmjs.org/@tailwindcss/oxide/-/oxide-4.2.1.tgz 785ms (cache miss)
1065 http fetch GET 200 https://registry.npmjs.org/@typescript-eslint/project-service/-/project-service-8.59.3.tgz 795ms (cache miss)
1066 http fetch GET 200 https://registry.npmjs.org/@types/estree/-/estree-1.0.9.tgz 814ms (cache miss)
1067 http fetch GET 200 https://registry.npmjs.org/@nolyfill/is-core-module/-/is-core-module-1.0.39.tgz 814ms (cache miss)
1068 http fetch GET 200 https://registry.npmjs.org/@typescript-eslint/parser/-/parser-8.59.3.tgz 923ms (cache miss)
1069 http fetch GET 200 https://registry.npmjs.org/@typescript-eslint/types/-/types-8.59.3.tgz 941ms (cache miss)
1070 http fetch GET 200 https://registry.npmjs.org/@jridgewell/resolve-uri/-/resolve-uri-3.1.2.tgz 939ms (cache miss)
1071 http fetch GET 200 https://registry.npmjs.org/@next/env/-/env-16.2.6.tgz 964ms (cache miss)
1072 http fetch GET 200 https://registry.npmjs.org/@types/react-dom/-/react-dom-19.2.3.tgz 978ms (cache miss)
1073 http fetch GET 200 https://registry.npmjs.org/@tailwindcss/postcss/-/postcss-4.2.1.tgz 992ms (cache miss)
1074 http fetch GET 200 https://registry.npmjs.org/@rtsao/scc/-/scc-1.1.0.tgz 1052ms (cache miss)
1075 http fetch GET 200 https://registry.npmjs.org/@tailwindcss/node/-/node-4.2.1.tgz 1050ms (cache miss)
1076 http fetch GET 200 https://registry.npmjs.org/@img/colour/-/colour-1.1.0.tgz 1058ms (cache miss)
1077 http fetch GET 200 https://registry.npmjs.org/@types/react/-/react-19.2.14.tgz 1089ms (cache miss)
1078 http fetch GET 200 https://registry.npmjs.org/@humanfs/node/-/node-0.16.8.tgz 1080ms (cache miss)
1079 http fetch GET 200 https://registry.npmjs.org/@humanwhocodes/module-importer/-/module-importer-1.0.1.tgz 1103ms (cache miss)
1080 http fetch GET 200 https://registry.npmjs.org/@humanfs/types/-/types-0.15.0.tgz 1107ms (cache miss)
1081 http fetch GET 200 https://registry.npmjs.org/@eslint/js/-/js-9.39.4.tgz 1127ms (cache miss)
1082 http fetch GET 200 https://registry.npmjs.org/@eslint/config-helpers/-/config-helpers-0.4.2.tgz 1160ms (cache miss)
1083 http fetch GET 200 https://registry.npmjs.org/@eslint/core/-/core-0.17.0.tgz 1168ms (cache miss)
1084 http fetch GET 200 https://registry.npmjs.org/@nodelib/fs.stat/-/fs.stat-2.0.5.tgz 1181ms (cache miss)
1085 http fetch GET 200 https://registry.npmjs.org/@humanfs/core/-/core-0.19.2.tgz 1189ms (cache miss)
1086 http fetch GET 200 https://registry.npmjs.org/@eslint-community/eslint-utils/-/eslint-utils-4.9.1.tgz 1290ms (cache miss)
1087 http fetch GET 200 https://registry.npmjs.org/@eslint/plugin-kit/-/plugin-kit-0.4.1.tgz 1295ms (cache miss)
1088 http fetch GET 200 https://registry.npmjs.org/@jridgewell/sourcemap-codec/-/sourcemap-codec-1.5.5.tgz 1358ms (cache miss)
1089 http fetch GET 200 https://registry.npmjs.org/@unrs/resolver-binding-win32-x64-msvc/-/resolver-binding-win32-x64-msvc-1.11.1.tgz 1401ms (cache miss)
1090 http fetch GET 200 https://registry.npmjs.org/@babel/helper-string-parser/-/helper-string-parser-7.27.1.tgz 1380ms (cache miss)
1091 http fetch GET 200 https://registry.npmjs.org/@nodelib/fs.scandir/-/fs.scandir-2.1.5.tgz 1422ms (cache miss)
1092 http fetch GET 200 https://registry.npmjs.org/@babel/helper-compilation-targets/-/helper-compilation-targets-7.28.6.tgz 1416ms (cache miss)
1093 http fetch GET 200 https://registry.npmjs.org/@babel/helper-validator-identifier/-/helper-validator-identifier-7.28.5.tgz 1420ms (cache miss)
1094 http fetch GET 200 https://registry.npmjs.org/@babel/helper-validator-option/-/helper-validator-option-7.27.1.tgz 1424ms (cache miss)
1095 http fetch GET 200 https://registry.npmjs.org/@babel/helper-globals/-/helper-globals-7.28.0.tgz 1665ms (cache miss)
1096 http fetch GET 200 https://registry.npmjs.org/@alloc/quick-lru/-/quick-lru-5.2.0.tgz 1721ms (cache miss)
1097 http fetch GET 200 https://registry.npmjs.org/@eslint/object-schema/-/object-schema-2.1.7.tgz 1767ms (cache miss)
1098 http fetch GET 200 https://registry.npmjs.org/@babel/code-frame/-/code-frame-7.29.0.tgz 1759ms (cache miss)
1099 http fetch GET 200 https://registry.npmjs.org/yallist/-/yallist-3.1.1.tgz 1760ms (cache miss)
1100 http fetch GET 200 https://registry.npmjs.org/@babel/compat-data/-/compat-data-7.29.3.tgz 1765ms (cache miss)
1101 http fetch GET 200 https://registry.npmjs.org/yocto-queue/-/yocto-queue-0.1.0.tgz 1773ms (cache miss)
1102 http fetch GET 200 https://registry.npmjs.org/which-typed-array/-/which-typed-array-1.1.20.tgz 1775ms (cache miss)
1103 http fetch GET 200 https://registry.npmjs.org/@nodelib/fs.walk/-/fs.walk-1.2.8.tgz 1802ms (cache miss)
1104 http fetch GET 200 https://registry.npmjs.org/@jridgewell/remapping/-/remapping-2.3.5.tgz 1813ms (cache miss)
1105 http fetch GET 200 https://registry.npmjs.org/which-collection/-/which-collection-1.0.2.tgz 1791ms (cache miss)
1106 http fetch GET 200 https://registry.npmjs.org/unrs-resolver/-/unrs-resolver-1.11.1.tgz 1786ms (cache miss)
1107 http fetch GET 200 https://registry.npmjs.org/typed-array-buffer/-/typed-array-buffer-1.0.3.tgz 1784ms (cache miss)
1108 http fetch GET 200 https://registry.npmjs.org/typed-array-byte-offset/-/typed-array-byte-offset-1.0.4.tgz 1785ms (cache miss)
1109 http fetch GET 200 https://registry.npmjs.org/tinyglobby/-/tinyglobby-0.2.16.tgz 1784ms (cache miss)
1110 http fetch GET 200 https://registry.npmjs.org/word-wrap/-/word-wrap-1.2.5.tgz 1810ms (cache miss)
1111 http fetch GET 200 https://registry.npmjs.org/which-builtin-type/-/which-builtin-type-1.2.1.tgz 1810ms (cache miss)
1112 http fetch GET 200 https://registry.npmjs.org/typescript-eslint/-/typescript-eslint-8.59.3.tgz 1807ms (cache miss)
1113 http fetch GET 200 https://registry.npmjs.org/typed-array-length/-/typed-array-length-1.0.7.tgz 1808ms (cache miss)
1114 http fetch GET 200 https://registry.npmjs.org/typed-array-byte-length/-/typed-array-byte-length-1.0.3.tgz 1807ms (cache miss)
1115 http fetch GET 200 https://registry.npmjs.org/supports-preserve-symlinks-flag/-/supports-preserve-symlinks-flag-1.0.0.tgz 1803ms (cache miss)
1116 http fetch GET 200 https://registry.npmjs.org/which/-/which-2.0.2.tgz 1818ms (cache miss)
1117 http fetch GET 200 https://registry.npmjs.org/supports-color/-/supports-color-7.2.0.tgz 1809ms (cache miss)
1118 http fetch GET 200 https://registry.npmjs.org/to-regex-range/-/to-regex-range-5.0.1.tgz 1815ms (cache miss)
1119 http fetch GET 200 https://registry.npmjs.org/strip-json-comments/-/strip-json-comments-3.1.1.tgz 1813ms (cache miss)
1120 http fetch GET 200 https://registry.npmjs.org/strip-bom/-/strip-bom-3.0.0.tgz 1815ms (cache miss)
1121 http fetch GET 200 https://registry.npmjs.org/@jridgewell/gen-mapping/-/gen-mapping-0.3.13.tgz 1872ms (cache miss)
1122 http fetch GET 200 https://registry.npmjs.org/@humanwhocodes/retry/-/retry-0.4.3.tgz 1871ms (cache miss)
1123 http fetch GET 200 https://registry.npmjs.org/string.prototype.trim/-/string.prototype.trim-1.2.10.tgz 1849ms (cache miss)
1124 http fetch GET 200 https://registry.npmjs.org/@babel/helper-module-imports/-/helper-module-imports-7.28.6.tgz 1891ms (cache miss)
1125 http fetch GET 200 https://registry.npmjs.org/update-browserslist-db/-/update-browserslist-db-1.2.3.tgz 1882ms (cache miss)
1126 http fetch GET 200 https://registry.npmjs.org/@eslint-community/regexpp/-/regexpp-4.12.2.tgz 1920ms (cache miss)
1127 http fetch GET 200 https://registry.npmjs.org/@babel/template/-/template-7.28.6.tgz 1937ms (cache miss)
1128 http fetch GET 200 https://registry.npmjs.org/side-channel-list/-/side-channel-list-1.0.1.tgz 1899ms (cache miss)
1129 http fetch GET 200 https://registry.npmjs.org/string.prototype.matchall/-/string.prototype.matchall-4.0.12.tgz 1902ms (cache miss)
1130 http fetch GET 200 https://registry.npmjs.org/type-check/-/type-check-0.4.0.tgz 1925ms (cache miss)
1131 http fetch GET 200 https://registry.npmjs.org/@babel/helper-module-transforms/-/helper-module-transforms-7.28.6.tgz 1970ms (cache miss)
1132 http fetch GET 200 https://registry.npmjs.org/unbox-primitive/-/unbox-primitive-1.1.0.tgz 1980ms (cache miss)
1133 http fetch GET 200 https://registry.npmjs.org/which-boxed-primitive/-/which-boxed-primitive-1.1.1.tgz 1990ms (cache miss)
1134 http fetch GET 200 https://registry.npmjs.org/side-channel/-/side-channel-1.1.0.tgz 1962ms (cache miss)
1135 http fetch GET 200 https://registry.npmjs.org/shebang-regex/-/shebang-regex-3.0.0.tgz 1990ms (cache miss)
1136 http fetch GET 200 https://registry.npmjs.org/side-channel-map/-/side-channel-map-1.0.1.tgz 1994ms (cache miss)
1137 http fetch GET 200 https://registry.npmjs.org/shebang-command/-/shebang-command-2.0.0.tgz 1999ms (cache miss)
1138 http fetch GET 200 https://registry.npmjs.org/set-function-name/-/set-function-name-2.0.2.tgz 2006ms (cache miss)
1139 http fetch GET 200 https://registry.npmjs.org/ts-api-utils/-/ts-api-utils-2.5.0.tgz 2041ms (cache miss)
1140 http fetch GET 200 https://registry.npmjs.org/string.prototype.repeat/-/string.prototype.repeat-1.0.0.tgz 2078ms (cache miss)
1141 http fetch GET 200 https://registry.npmjs.org/tslib/-/tslib-2.8.1.tgz 2122ms (cache miss)
1142 http fetch GET 200 https://registry.npmjs.org/set-function-length/-/set-function-length-1.2.2.tgz 2099ms (cache miss)
1143 http fetch GET 200 https://registry.npmjs.org/safe-array-concat/-/safe-array-concat-1.1.4.tgz 2103ms (cache miss)
1144 http fetch GET 200 https://registry.npmjs.org/reusify/-/reusify-1.1.0.tgz 2108ms (cache miss)
1145 http fetch GET 200 https://registry.npmjs.org/set-proto/-/set-proto-1.0.0.tgz 2110ms (cache miss)
1146 http fetch GET 200 https://registry.npmjs.org/safe-regex-test/-/safe-regex-test-1.1.0.tgz 2113ms (cache miss)
1147 http fetch GET 200 https://registry.npmjs.org/side-channel-weakmap/-/side-channel-weakmap-1.0.2.tgz 2136ms (cache miss)
1148 http fetch GET 200 https://registry.npmjs.org/resolve-pkg-maps/-/resolve-pkg-maps-1.0.0.tgz 2145ms (cache miss)
1149 http fetch GET 200 https://registry.npmjs.org/@eslint/config-array/-/config-array-0.21.2.tgz 2199ms (cache miss)
1150 http fetch GET 200 https://registry.npmjs.org/string.prototype.trimend/-/string.prototype.trimend-1.0.9.tgz 2170ms (cache miss)
1151 http fetch GET 200 https://registry.npmjs.org/stable-hash/-/stable-hash-0.0.5.tgz 2178ms (cache miss)
1152 http fetch GET 200 https://registry.npmjs.org/run-parallel/-/run-parallel-1.2.0.tgz 2169ms (cache miss)
1153 http fetch GET 200 https://registry.npmjs.org/reflect.getprototypeof/-/reflect.getprototypeof-1.0.10.tgz 2180ms (cache miss)
1154 http fetch GET 200 https://registry.npmjs.org/regexp.prototype.flags/-/regexp.prototype.flags-1.5.4.tgz 2198ms (cache miss)
1155 http fetch GET 200 https://registry.npmjs.org/resolve-from/-/resolve-from-4.0.0.tgz 2211ms (cache miss)
1156 http fetch GET 200 https://registry.npmjs.org/semver/-/semver-6.3.1.tgz 2226ms (cache miss)
1157 http fetch GET 200 https://registry.npmjs.org/@tailwindcss/oxide-win32-x64-msvc/-/oxide-win32-x64-msvc-4.2.1.tgz 2303ms (cache miss)
1158 http fetch GET 200 https://registry.npmjs.org/queue-microtask/-/queue-microtask-1.2.3.tgz 2261ms (cache miss)
1159 http fetch GET 200 https://registry.npmjs.org/string.prototype.trimstart/-/string.prototype.trimstart-1.0.8.tgz 2290ms (cache miss)
1160 http fetch GET 200 https://registry.npmjs.org/zod-validation-error/-/zod-validation-error-4.0.2.tgz 2338ms (cache miss)
1161 http fetch GET 200 https://registry.npmjs.org/punycode/-/punycode-2.3.1.tgz 2297ms (cache miss)
1162 http fetch GET 200 https://registry.npmjs.org/p-limit/-/p-limit-3.1.0.tgz 2317ms (cache miss)
1163 http fetch GET 200 https://registry.npmjs.org/path-parse/-/path-parse-1.0.7.tgz 2321ms (cache miss)
1164 http fetch GET 200 https://registry.npmjs.org/path-key/-/path-key-3.1.1.tgz 2325ms (cache miss)
1165 http fetch GET 200 https://registry.npmjs.org/@typescript-eslint/type-utils/-/type-utils-8.59.3.tgz 2412ms (cache miss)
1166 http fetch GET 200 https://registry.npmjs.org/@babel/parser/-/parser-7.29.3.tgz 2389ms (cache miss)
1167 http fetch GET 200 https://registry.npmjs.org/picocolors/-/picocolors-1.1.1.tgz 2341ms (cache miss)
1168 http fetch GET 200 https://registry.npmjs.org/safe-push-apply/-/safe-push-apply-1.0.0.tgz 2364ms (cache miss)
1169 http fetch GET 200 https://registry.npmjs.org/path-exists/-/path-exists-4.0.0.tgz 2355ms (cache miss)
1170 http fetch GET 200 https://registry.npmjs.org/own-keys/-/own-keys-1.0.1.tgz 2362ms (cache miss)
1171 http fetch GET 200 https://registry.npmjs.org/p-locate/-/p-locate-5.0.0.tgz 2363ms (cache miss)
1172 http fetch GET 200 https://registry.npmjs.org/stop-iteration-iterator/-/stop-iteration-iterator-1.1.0.tgz 2400ms (cache miss)
1173 http fetch GET 200 https://registry.npmjs.org/object.fromentries/-/object.fromentries-2.0.8.tgz 2391ms (cache miss)
1174 http fetch GET 200 https://registry.npmjs.org/parent-module/-/parent-module-1.0.1.tgz 2406ms (cache miss)
1175 http fetch GET 200 https://registry.npmjs.org/react-is/-/react-is-16.13.1.tgz 2429ms (cache miss)
1176 http fetch GET 200 https://registry.npmjs.org/object-keys/-/object-keys-1.1.1.tgz 2421ms (cache miss)
1177 http fetch GET 200 https://registry.npmjs.org/natural-compare/-/natural-compare-1.4.0.tgz 2484ms (cache miss)
1178 http fetch GET 200 https://registry.npmjs.org/tapable/-/tapable-2.3.3.tgz 2536ms (cache miss)
1179 http fetch GET 200 https://registry.npmjs.org/object.groupby/-/object.groupby-1.0.3.tgz 2502ms (cache miss)
1180 http fetch GET 200 https://registry.npmjs.org/optionator/-/optionator-0.9.4.tgz 2506ms (cache miss)
1181 http fetch GET 200 https://registry.npmjs.org/node-releases/-/node-releases-2.0.44.tgz 2522ms (cache miss)
1182 http fetch GET 200 https://registry.npmjs.org/node-exports-info/-/node-exports-info-1.6.0.tgz 2529ms (cache miss)
1183 http fetch GET 200 https://registry.npmjs.org/source-map-js/-/source-map-js-1.2.1.tgz 2571ms (cache miss)
1184 http fetch GET 200 https://registry.npmjs.org/prelude-ls/-/prelude-ls-1.2.1.tgz 2562ms (cache miss)
1185 http fetch GET 200 https://registry.npmjs.org/ms/-/ms-2.1.3.tgz 2557ms (cache miss)
1186 http fetch GET 200 https://registry.npmjs.org/scheduler/-/scheduler-0.27.0.tgz 2598ms (cache miss)
1187 http fetch GET 200 https://registry.npmjs.org/possible-typed-array-names/-/possible-typed-array-names-1.1.0.tgz 2596ms (cache miss)
1188 http fetch GET 200 https://registry.npmjs.org/prop-types/-/prop-types-15.8.1.tgz 2606ms (cache miss)
1189 http fetch GET 200 https://registry.npmjs.org/minimatch/-/minimatch-3.1.5.tgz 2591ms (cache miss)
1190 http fetch GET 200 https://registry.npmjs.org/string.prototype.includes/-/string.prototype.includes-2.0.1.tgz 2638ms (cache miss)
1191 http fetch GET 200 https://registry.npmjs.org/micromatch/-/micromatch-4.0.8.tgz 2623ms (cache miss)
1192 http fetch GET 200 https://registry.npmjs.org/object.entries/-/object.entries-1.1.9.tgz 2643ms (cache miss)
1193 http fetch GET 200 https://registry.npmjs.org/picomatch/-/picomatch-2.3.2.tgz 2655ms (cache miss)
1194 http fetch GET 200 https://registry.npmjs.org/lru-cache/-/lru-cache-5.1.1.tgz 2658ms (cache miss)
1195 http fetch GET 200 https://registry.npmjs.org/loose-envify/-/loose-envify-1.4.0.tgz 2663ms (cache miss)
1196 http fetch GET 200 https://registry.npmjs.org/merge2/-/merge2-1.4.1.tgz 2671ms (cache miss)
1197 http fetch GET 200 https://registry.npmjs.org/locate-path/-/locate-path-6.0.0.tgz 2669ms (cache miss)
1198 http fetch GET 200 https://registry.npmjs.org/@jridgewell/trace-mapping/-/trace-mapping-0.3.31.tgz 2767ms (cache miss)
1199 http fetch GET 200 https://registry.npmjs.org/@eslint/eslintrc/-/eslintrc-3.3.5.tgz 2767ms (cache miss)
1200 http fetch GET 200 https://registry.npmjs.org/styled-jsx/-/styled-jsx-5.1.6.tgz 2774ms (cache miss)
1201 http fetch GET 200 https://registry.npmjs.org/object.values/-/object.values-1.2.1.tgz 2790ms (cache miss)
1202 http fetch GET 200 https://registry.npmjs.org/undici-types/-/undici-types-6.21.0.tgz 2883ms (cache miss)
1203 http fetch GET 200 https://registry.npmjs.org/keyv/-/keyv-4.5.4.tgz 2830ms (cache miss)
1204 http fetch GET 200 https://registry.npmjs.org/lodash.merge/-/lodash.merge-4.6.2.tgz 2836ms (cache miss)
1205 http fetch GET 200 https://registry.npmjs.org/json-stable-stringify-without-jsonify/-/json-stable-stringify-without-jsonify-1.0.1.tgz 2834ms (cache miss)
1206 http fetch GET 200 https://registry.npmjs.org/object-assign/-/object-assign-4.1.1.tgz 2862ms (cache miss)
1207 http fetch GET 200 https://registry.npmjs.org/json-schema-traverse/-/json-schema-traverse-0.4.1.tgz 2862ms (cache miss)
1208 http fetch GET 200 https://registry.npmjs.org/json-buffer/-/json-buffer-3.0.1.tgz 2865ms (cache miss)
1209 http fetch GET 200 https://registry.npmjs.org/levn/-/levn-0.4.1.tgz 2870ms (cache miss)
1210 http fetch GET 200 https://registry.npmjs.org/isexe/-/isexe-2.0.0.tgz 2949ms (cache miss)
1211 http fetch GET 200 https://registry.npmjs.org/iterator.prototype/-/iterator.prototype-1.1.5.tgz 2951ms (cache miss)
1212 http fetch GET 200 https://registry.npmjs.org/isarray/-/isarray-2.0.5.tgz 2981ms (cache miss)
1213 http fetch GET 200 https://registry.npmjs.org/object.assign/-/object.assign-4.1.7.tgz 3025ms (cache miss)
1214 http fetch GET 200 https://registry.npmjs.org/react/-/react-19.2.6.tgz 3046ms (cache miss)
1215 http fetch GET 200 https://registry.npmjs.org/js-tokens/-/js-tokens-4.0.0.tgz 3016ms (cache miss)
1216 http fetch GET 200 https://registry.npmjs.org/is-weakref/-/is-weakref-1.1.1.tgz 3023ms (cache miss)
1217 http fetch GET 200 https://registry.npmjs.org/jsesc/-/jsesc-3.1.0.tgz 3035ms (cache miss)
1218 http fetch GET 200 https://registry.npmjs.org/magic-string/-/magic-string-0.30.21.tgz 3048ms (cache miss)
1219 http fetch GET 200 https://registry.npmjs.org/nanoid/-/nanoid-3.3.12.tgz 3113ms (cache miss)
1220 http fetch GET 200 https://registry.npmjs.org/tailwindcss/-/tailwindcss-4.2.1.tgz 3166ms (cache miss)
1221 http fetch GET 200 https://registry.npmjs.org/napi-postinstall/-/napi-postinstall-0.3.4.tgz 3125ms (cache miss)
1222 http fetch GET 200 https://registry.npmjs.org/lightningcss/-/lightningcss-1.31.1.tgz 3139ms (cache miss)
1223 http fetch GET 200 https://registry.npmjs.org/minimist/-/minimist-1.2.8.tgz 3165ms (cache miss)
1224 http fetch GET 200 https://registry.npmjs.org/@next/eslint-plugin-next/-/eslint-plugin-next-16.2.6.tgz 3265ms (cache miss)
1225 http fetch GET 200 https://registry.npmjs.org/sharp/-/sharp-0.34.5.tgz 3234ms (cache miss)
1226 http fetch GET 200 https://registry.npmjs.org/is-shared-array-buffer/-/is-shared-array-buffer-1.0.4.tgz 3238ms (cache miss)
1227 http fetch GET 200 https://registry.npmjs.org/math-intrinsics/-/math-intrinsics-1.1.0.tgz 3273ms (cache miss)
1228 http fetch GET 200 https://registry.npmjs.org/json5/-/json5-2.2.3.tgz 3264ms (cache miss)
1229 http fetch GET 200 https://registry.npmjs.org/is-symbol/-/is-symbol-1.1.1.tgz 3268ms (cache miss)
1230 http fetch GET 200 https://registry.npmjs.org/is-weakset/-/is-weakset-2.0.4.tgz 3284ms (cache miss)
1231 http fetch GET 200 https://registry.npmjs.org/object-inspect/-/object-inspect-1.13.4.tgz 3312ms (cache miss)
1232 http fetch GET 200 https://registry.npmjs.org/is-string/-/is-string-1.1.1.tgz 3291ms (cache miss)
1233 http fetch GET 200 https://registry.npmjs.org/is-typed-array/-/is-typed-array-1.1.15.tgz 3293ms (cache miss)
1234 http fetch GET 200 https://registry.npmjs.org/language-tags/-/language-tags-1.0.9.tgz 3361ms (cache miss)
1235 http fetch GET 200 https://registry.npmjs.org/is-glob/-/is-glob-4.0.3.tgz 3373ms (cache miss)
1236 http fetch GET 200 https://registry.npmjs.org/is-date-object/-/is-date-object-1.1.0.tgz 3403ms (cache miss)
1237 http fetch GET 200 https://registry.npmjs.org/is-number/-/is-number-7.0.0.tgz 3434ms (cache miss)
1238 http fetch GET 200 https://registry.npmjs.org/is-set/-/is-set-2.0.3.tgz 3456ms (cache miss)
1239 http fetch GET 200 https://registry.npmjs.org/is-regex/-/is-regex-1.2.1.tgz 3464ms (cache miss)
1240 http fetch GET 200 https://registry.npmjs.org/is-finalizationregistry/-/is-finalizationregistry-1.1.1.tgz 3476ms (cache miss)
1241 http fetch GET 200 https://registry.npmjs.org/is-number-object/-/is-number-object-1.1.1.tgz 3490ms (cache miss)
1242 http fetch GET 200 https://registry.npmjs.org/@types/node/-/node-22.19.19.tgz 3607ms (cache miss)
1243 http fetch GET 200 https://registry.npmjs.org/is-generator-function/-/is-generator-function-1.1.2.tgz 3504ms (cache miss)
1244 http fetch GET 200 https://registry.npmjs.org/is-data-view/-/is-data-view-1.0.2.tgz 3515ms (cache miss)
1245 http fetch GET 200 https://registry.npmjs.org/is-array-buffer/-/is-array-buffer-3.0.5.tgz 3526ms (cache miss)
1246 http fetch GET 200 https://registry.npmjs.org/is-extglob/-/is-extglob-2.1.1.tgz 3550ms (cache miss)
1247 http fetch GET 200 https://registry.npmjs.org/@babel/generator/-/generator-7.29.1.tgz 3652ms (cache miss)
1248 http fetch GET 200 https://registry.npmjs.org/is-bigint/-/is-bigint-1.1.0.tgz 3570ms (cache miss)
1249 http fetch GET 200 https://registry.npmjs.org/is-bun-module/-/is-bun-module-2.0.0.tgz 3584ms (cache miss)
1250 http fetch GET 200 https://registry.npmjs.org/imurmurhash/-/imurmurhash-0.1.4.tgz 3600ms (cache miss)
1251 http fetch GET 200 https://registry.npmjs.org/import-fresh/-/import-fresh-3.3.1.tgz 3612ms (cache miss)
1252 http fetch GET 200 https://registry.npmjs.org/is-map/-/is-map-2.0.3.tgz 3635ms (cache miss)
1253 http fetch GET 200 https://registry.npmjs.org/is-boolean-object/-/is-boolean-object-1.2.2.tgz 3634ms (cache miss)
1254 http fetch GET 200 https://registry.npmjs.org/is-core-module/-/is-core-module-2.16.2.tgz 3638ms (cache miss)
1255 http fetch GET 200 https://registry.npmjs.org/ignore/-/ignore-5.3.2.tgz 3653ms (cache miss)
1256 http fetch GET 200 https://registry.npmjs.org/is-weakmap/-/is-weakmap-2.0.2.tgz 3668ms (cache miss)
1257 http fetch GET 200 https://registry.npmjs.org/hasown/-/hasown-2.0.3.tgz 3655ms (cache miss)
1258 http fetch GET 200 https://registry.npmjs.org/has-flag/-/has-flag-4.0.0.tgz 3674ms (cache miss)
1259 http fetch GET 200 https://registry.npmjs.org/is-callable/-/is-callable-1.2.7.tgz 3681ms (cache miss)
1260 http fetch GET 200 https://registry.npmjs.org/has-proto/-/has-proto-1.2.0.tgz 3676ms (cache miss)
1261 http fetch GET 200 https://registry.npmjs.org/internal-slot/-/internal-slot-1.1.0.tgz 3696ms (cache miss)
1262 http fetch GET 200 https://registry.npmjs.org/is-async-function/-/is-async-function-2.1.1.tgz 3702ms (cache miss)
1263 http fetch GET 200 https://registry.npmjs.org/has-property-descriptors/-/has-property-descriptors-1.0.2.tgz 3698ms (cache miss)
1264 http fetch GET 200 https://registry.npmjs.org/gopd/-/gopd-1.2.0.tgz 3714ms (cache miss)
1265 http fetch GET 200 https://registry.npmjs.org/has-tostringtag/-/has-tostringtag-1.0.2.tgz 3717ms (cache miss)
1266 http fetch GET 200 https://registry.npmjs.org/is-negative-zero/-/is-negative-zero-2.0.3.tgz 3730ms (cache miss)
1267 http fetch GET 200 https://registry.npmjs.org/globalthis/-/globalthis-1.0.4.tgz 3739ms (cache miss)
1268 http fetch GET 200 https://registry.npmjs.org/has-bigints/-/has-bigints-1.1.0.tgz 3777ms (cache miss)
1269 http fetch GET 200 https://registry.npmjs.org/jiti/-/jiti-2.7.0.tgz 3819ms (cache miss)
1270 http fetch GET 200 https://registry.npmjs.org/get-proto/-/get-proto-1.0.1.tgz 3797ms (cache miss)
1271 http fetch GET 200 https://registry.npmjs.org/globals/-/globals-14.0.0.tgz 3820ms (cache miss)
1272 http fetch GET 200 https://registry.npmjs.org/postcss/-/postcss-8.5.14.tgz 3880ms (cache miss)
1273 http fetch GET 200 https://registry.npmjs.org/uri-js/-/uri-js-4.4.1.tgz 3934ms (cache miss)
1274 http fetch GET 200 https://registry.npmjs.org/graceful-fs/-/graceful-fs-4.2.11.tgz 3875ms (cache miss)
1275 http fetch GET 200 https://registry.npmjs.org/glob-parent/-/glob-parent-6.0.2.tgz 3870ms (cache miss)
1276 http fetch GET 200 https://registry.npmjs.org/gensync/-/gensync-1.0.0-beta.2.tgz 3885ms (cache miss)
1277 http fetch GET 200 https://registry.npmjs.org/generator-function/-/generator-function-2.0.1.tgz 3923ms (cache miss)
1278 http fetch GET 200 https://registry.npmjs.org/get-intrinsic/-/get-intrinsic-1.3.0.tgz 3926ms (cache miss)
1279 http fetch GET 200 https://registry.npmjs.org/@typescript-eslint/typescript-estree/-/typescript-estree-8.59.3.tgz 4073ms (cache miss)
1280 http fetch GET 200 https://registry.npmjs.org/get-symbol-description/-/get-symbol-description-1.1.0.tgz 3929ms (cache miss)
1281 http fetch GET 200 https://registry.npmjs.org/get-tsconfig/-/get-tsconfig-4.14.0.tgz 3967ms (cache miss)
1282 http fetch GET 200 https://registry.npmjs.org/hermes-estree/-/hermes-estree-0.25.1.tgz 3997ms (cache miss)
1283 http fetch GET 200 https://registry.npmjs.org/@typescript-eslint/utils/-/utils-8.59.3.tgz 4136ms (cache miss)
1284 http fetch GET 200 https://registry.npmjs.org/function-bind/-/function-bind-1.1.2.tgz 4058ms (cache miss)
1285 http fetch GET 200 https://registry.npmjs.org/fill-range/-/fill-range-7.1.1.tgz 4056ms (cache miss)
1286 http fetch GET 200 https://registry.npmjs.org/for-each/-/for-each-0.3.5.tgz 4083ms (cache miss)
1287 http fetch GET 200 https://registry.npmjs.org/fastq/-/fastq-1.20.1.tgz 4093ms (cache miss)
1288 http fetch GET 200 https://registry.npmjs.org/fast-levenshtein/-/fast-levenshtein-2.0.6.tgz 4106ms (cache miss)
1289 http fetch GET 200 https://registry.npmjs.org/has-symbols/-/has-symbols-1.1.0.tgz 4126ms (cache miss)
1290 http fetch GET 200 https://registry.npmjs.org/@babel/traverse/-/traverse-7.29.0.tgz 4233ms (cache miss)
1291 http fetch GET 200 https://registry.npmjs.org/fast-deep-equal/-/fast-deep-equal-3.1.3.tgz 4135ms (cache miss)
1292 http fetch GET 200 https://registry.npmjs.org/flat-cache/-/flat-cache-4.0.1.tgz 4142ms (cache miss)
1293 http fetch GET 200 https://registry.npmjs.org/estraverse/-/estraverse-5.3.0.tgz 4173ms (cache miss)
1294 http fetch GET 200 https://registry.npmjs.org/functions-have-names/-/functions-have-names-1.2.3.tgz 4179ms (cache miss)
1295 http fetch GET 200 https://registry.npmjs.org/fast-json-stable-stringify/-/fast-json-stable-stringify-2.1.0.tgz 4203ms (cache miss)
1296 http fetch GET 200 https://registry.npmjs.org/esrecurse/-/esrecurse-4.3.0.tgz 4201ms (cache miss)
1297 http fetch GET 200 https://registry.npmjs.org/js-yaml/-/js-yaml-4.1.1.tgz 4276ms (cache miss)
1298 http fetch GET 200 https://registry.npmjs.org/tsconfig-paths/-/tsconfig-paths-3.15.0.tgz 4345ms (cache miss)
1299 http fetch GET 200 https://registry.npmjs.org/function.prototype.name/-/function.prototype.name-1.1.8.tgz 4261ms (cache miss)
1300 http fetch GET 200 https://registry.npmjs.org/file-entry-cache/-/file-entry-cache-8.0.0.tgz 4262ms (cache miss)
1301 http fetch GET 200 https://registry.npmjs.org/eslint-visitor-keys/-/eslint-visitor-keys-4.2.1.tgz 4258ms (cache miss)
1302 http fetch GET 200 https://registry.npmjs.org/find-up/-/find-up-5.0.0.tgz 4294ms (cache miss)
1303 http fetch GET 200 https://registry.npmjs.org/esutils/-/esutils-2.0.3.tgz 4295ms (cache miss)
1304 http fetch GET 200 https://registry.npmjs.org/language-subtag-registry/-/language-subtag-registry-0.3.23.tgz 4361ms (cache miss)
1305 http fetch GET 200 https://registry.npmjs.org/eslint-config-next/-/eslint-config-next-16.2.6.tgz 4331ms (cache miss)
1306 http fetch GET 200 https://registry.npmjs.org/espree/-/espree-10.4.0.tgz 4340ms (cache miss)
1307 http fetch GET 200 https://registry.npmjs.org/flatted/-/flatted-3.4.2.tgz 4386ms (cache miss)
1308 http fetch GET 200 https://registry.npmjs.org/eslint-import-resolver-node/-/eslint-import-resolver-node-0.3.10.tgz 4398ms (cache miss)
1309 http fetch GET 200 https://registry.npmjs.org/eslint-import-resolver-typescript/-/eslint-import-resolver-typescript-3.10.1.tgz 4424ms (cache miss)
1310 http fetch GET 200 https://registry.npmjs.org/escalade/-/escalade-3.2.0.tgz 4439ms (cache miss)
1311 http fetch GET 200 https://registry.npmjs.org/es-set-tostringtag/-/es-set-tostringtag-2.1.0.tgz 4513ms (cache miss)
1312 http fetch GET 200 https://registry.npmjs.org/es-object-atoms/-/es-object-atoms-1.1.1.tgz 4533ms (cache miss)
1313 http fetch GET 200 https://registry.npmjs.org/eslint-module-utils/-/eslint-module-utils-2.12.1.tgz 4575ms (cache miss)
1314 http fetch GET 200 https://registry.npmjs.org/es-shim-unscopables/-/es-shim-unscopables-1.1.0.tgz 4615ms (cache miss)
1315 http fetch GET 200 https://registry.npmjs.org/es-define-property/-/es-define-property-1.0.1.tgz 4716ms (cache miss)
1316 http fetch GET 200 https://registry.npmjs.org/hermes-parser/-/hermes-parser-0.25.1.tgz 4843ms (cache miss)
1317 http fetch GET 200 https://registry.npmjs.org/eslint-scope/-/eslint-scope-8.4.0.tgz 4833ms (cache miss)
1318 http fetch GET 200 https://registry.npmjs.org/react-dom/-/react-dom-19.2.6.tgz 4944ms (cache miss)
1319 http fetch GET 200 https://registry.npmjs.org/es-errors/-/es-errors-1.3.0.tgz 4884ms (cache miss)
1320 http fetch GET 200 https://registry.npmjs.org/escape-string-regexp/-/escape-string-regexp-4.0.0.tgz 4952ms (cache miss)
1321 http fetch GET 200 https://registry.npmjs.org/eslint-plugin-react-hooks/-/eslint-plugin-react-hooks-7.1.1.tgz 4970ms (cache miss)
1322 http fetch GET 200 https://registry.npmjs.org/emoji-regex/-/emoji-regex-9.2.2.tgz 4963ms (cache miss)
1323 http fetch GET 200 https://registry.npmjs.org/dunder-proto/-/dunder-proto-1.0.1.tgz 4969ms (cache miss)
1324 http fetch GET 200 https://registry.npmjs.org/define-data-property/-/define-data-property-1.1.4.tgz 5026ms (cache miss)
1325 http fetch GET 200 https://registry.npmjs.org/deep-is/-/deep-is-0.1.4.tgz 5026ms (cache miss)
1326 http fetch GET 200 https://registry.npmjs.org/electron-to-chromium/-/electron-to-chromium-1.5.358.tgz 5033ms (cache miss)
1327 http fetch GET 200 https://registry.npmjs.org/define-properties/-/define-properties-1.2.1.tgz 5041ms (cache miss)
1328 http fetch GET 200 https://registry.npmjs.org/data-view-byte-length/-/data-view-byte-length-1.0.2.tgz 5114ms (cache miss)
1329 http fetch GET 200 https://registry.npmjs.org/data-view-byte-offset/-/data-view-byte-offset-1.0.1.tgz 5116ms (cache miss)
1330 http fetch GET 200 https://registry.npmjs.org/debug/-/debug-4.4.3.tgz 5188ms (cache miss)
1331 http fetch GET 200 https://registry.npmjs.org/detect-libc/-/detect-libc-2.1.2.tgz 5192ms (cache miss)
1332 http fetch GET 200 https://registry.npmjs.org/damerau-levenshtein/-/damerau-levenshtein-1.0.8.tgz 5305ms (cache miss)
1333 http fetch GET 200 https://registry.npmjs.org/data-view-buffer/-/data-view-buffer-1.0.2.tgz 5350ms (cache miss)
1334 http fetch GET 200 https://registry.npmjs.org/convert-source-map/-/convert-source-map-2.0.0.tgz 5422ms (cache miss)
1335 http fetch GET 200 https://registry.npmjs.org/concat-map/-/concat-map-0.0.1.tgz 5467ms (cache miss)
1336 http fetch GET 200 https://registry.npmjs.org/client-only/-/client-only-0.0.1.tgz 5493ms (cache miss)
1337 http fetch GET 200 https://registry.npmjs.org/cross-spawn/-/cross-spawn-7.0.6.tgz 5565ms (cache miss)
1338 http fetch GET 200 https://registry.npmjs.org/callsites/-/callsites-3.1.0.tgz 5640ms (cache miss)
1339 http fetch GET 200 https://registry.npmjs.org/color-convert/-/color-convert-2.0.1.tgz 5662ms (cache miss)
1340 http fetch GET 200 https://registry.npmjs.org/color-name/-/color-name-1.1.4.tgz 5688ms (cache miss)
1341 http fetch GET 200 https://registry.npmjs.org/call-bind-apply-helpers/-/call-bind-apply-helpers-1.0.2.tgz 5688ms (cache miss)
1342 http fetch GET 200 https://registry.npmjs.org/call-bound/-/call-bound-1.0.4.tgz 5696ms (cache miss)
1343 http fetch GET 200 https://registry.npmjs.org/call-bind/-/call-bind-1.0.9.tgz 5708ms (cache miss)
1344 http fetch GET 200 https://registry.npmjs.org/brace-expansion/-/brace-expansion-1.1.14.tgz 5723ms (cache miss)
1345 http fetch GET 200 https://registry.npmjs.org/resolve/-/resolve-2.0.0-next.7.tgz 5882ms (cache miss)
1346 http fetch GET 200 https://registry.npmjs.org/available-typed-arrays/-/available-typed-arrays-1.0.7.tgz 5794ms (cache miss)
1347 http fetch GET 200 https://registry.npmjs.org/chalk/-/chalk-4.1.2.tgz 5815ms (cache miss)
1348 http fetch GET 200 https://registry.npmjs.org/braces/-/braces-3.0.3.tgz 5841ms (cache miss)
1349 http fetch GET 200 https://registry.npmjs.org/esquery/-/esquery-1.7.0.tgz 5873ms (cache miss)
1350 http fetch GET 200 https://registry.npmjs.org/async-function/-/async-function-1.0.0.tgz 5938ms (cache miss)
1351 http fetch GET 200 https://registry.npmjs.org/array.prototype.tosorted/-/array.prototype.tosorted-1.1.4.tgz 5954ms (cache miss)
1352 http fetch GET 200 https://registry.npmjs.org/arraybuffer.prototype.slice/-/arraybuffer.prototype.slice-1.0.4.tgz 5961ms (cache miss)
1353 http fetch GET 200 https://registry.npmjs.org/ast-types-flow/-/ast-types-flow-0.0.8.tgz 5993ms (cache miss)
1354 http fetch GET 200 https://registry.npmjs.org/jsx-ast-utils/-/jsx-ast-utils-3.3.5.tgz 6083ms (cache miss)
1355 http fetch GET 200 https://registry.npmjs.org/browserslist/-/browserslist-4.28.2.tgz 6017ms (cache miss)
1356 http fetch GET 200 https://registry.npmjs.org/csstype/-/csstype-3.2.3.tgz 6063ms (cache miss)
1357 http fetch GET 200 https://registry.npmjs.org/balanced-match/-/balanced-match-1.0.2.tgz 6100ms (cache miss)
1358 http fetch GET 200 https://registry.npmjs.org/array.prototype.flatmap/-/array.prototype.flatmap-1.3.3.tgz 6125ms (cache miss)
1359 http fetch GET 200 https://registry.npmjs.org/array-includes/-/array-includes-3.1.9.tgz 6196ms (cache miss)
1360 http fetch GET 200 https://registry.npmjs.org/es-to-primitive/-/es-to-primitive-1.3.0.tgz 6232ms (cache miss)
1361 http fetch GET 200 https://registry.npmjs.org/fast-glob/-/fast-glob-3.3.1.tgz 6249ms (cache miss)
1362 http fetch GET 200 https://registry.npmjs.org/@babel/core/-/core-7.29.0.tgz 6397ms (cache miss)
1363 http fetch GET 200 https://registry.npmjs.org/ansi-styles/-/ansi-styles-4.3.0.tgz 6244ms (cache miss)
1364 http fetch GET 200 https://registry.npmjs.org/array.prototype.findlastindex/-/array.prototype.findlastindex-1.2.6.tgz 6252ms (cache miss)
1365 http fetch GET 200 https://registry.npmjs.org/acorn-jsx/-/acorn-jsx-5.3.2.tgz 6314ms (cache miss)
1366 http fetch GET 200 https://registry.npmjs.org/doctrine/-/doctrine-2.1.0.tgz 6379ms (cache miss)
1367 http fetch GET 200 https://registry.npmjs.org/array-buffer-byte-length/-/array-buffer-byte-length-1.0.2.tgz 6445ms (cache miss)
1368 http fetch GET 200 https://registry.npmjs.org/array.prototype.flat/-/array.prototype.flat-1.3.3.tgz 6487ms (cache miss)
1369 http fetch GET 200 https://registry.npmjs.org/balanced-match/-/balanced-match-4.0.4.tgz 6483ms (cache miss)
1370 http fetch GET 200 https://registry.npmjs.org/brace-expansion/-/brace-expansion-5.0.6.tgz 6507ms (cache miss)
1371 http fetch GET 200 https://registry.npmjs.org/array.prototype.findlast/-/array.prototype.findlast-1.2.5.tgz 6696ms (cache miss)
1372 http fetch GET 200 https://registry.npmjs.org/argparse/-/argparse-2.0.1.tgz 6715ms (cache miss)
1373 http fetch GET 200 https://registry.npmjs.org/eslint-visitor-keys/-/eslint-visitor-keys-5.0.1.tgz 6769ms (cache miss)
1374 http fetch GET 200 https://registry.npmjs.org/glob-parent/-/glob-parent-5.1.2.tgz 6781ms (cache miss)
1375 http fetch GET 200 https://registry.npmjs.org/ignore/-/ignore-7.0.5.tgz 6825ms (cache miss)
1376 http fetch GET 200 https://registry.npmjs.org/eslint-visitor-keys/-/eslint-visitor-keys-3.4.3.tgz 6830ms (cache miss)
1377 http fetch GET 200 https://registry.npmjs.org/acorn/-/acorn-8.16.0.tgz 6921ms (cache miss)
1378 http fetch GET 200 https://registry.npmjs.org/fdir/-/fdir-6.5.0.tgz 6935ms (cache miss)
1379 http fetch GET 200 https://registry.npmjs.org/json5/-/json5-1.0.2.tgz 6978ms (cache miss)
1380 http fetch GET 200 https://registry.npmjs.org/baseline-browser-mapping/-/baseline-browser-mapping-2.10.30.tgz 7039ms (cache miss)
1381 http fetch GET 200 https://registry.npmjs.org/lightningcss-win32-x64-msvc/-/lightningcss-win32-x64-msvc-1.31.1.tgz 7163ms (cache miss)
1382 http fetch GET 200 https://registry.npmjs.org/debug/-/debug-3.2.7.tgz 7084ms (cache miss)
1383 http fetch GET 200 https://registry.npmjs.org/debug/-/debug-3.2.7.tgz 7091ms (cache miss)
1384 http fetch GET 200 https://registry.npmjs.org/debug/-/debug-3.2.7.tgz 7178ms (cache miss)
1385 http fetch GET 200 https://registry.npmjs.org/picomatch/-/picomatch-4.0.4.tgz 7209ms (cache miss)
1386 http fetch GET 200 https://registry.npmjs.org/globals/-/globals-16.4.0.tgz 7248ms (cache miss)
1387 http fetch GET 200 https://registry.npmjs.org/enhanced-resolve/-/enhanced-resolve-5.21.3.tgz 7408ms (cache miss)
1388 http fetch GET 200 https://registry.npmjs.org/semver/-/semver-7.8.0.tgz 7757ms (cache miss)
1389 http fetch GET 200 https://registry.npmjs.org/semver/-/semver-7.8.0.tgz 7764ms (cache miss)
1390 http fetch GET 200 https://registry.npmjs.org/semver/-/semver-7.8.0.tgz 7761ms (cache miss)
1391 http fetch GET 200 https://registry.npmjs.org/axe-core/-/axe-core-4.11.4.tgz 7802ms (cache miss)
1392 http fetch GET 200 https://registry.npmjs.org/postcss/-/postcss-8.4.31.tgz 7825ms (cache miss)
1393 http fetch GET 200 https://registry.npmjs.org/minimatch/-/minimatch-10.2.5.tgz 7947ms (cache miss)
1394 http fetch GET 200 https://registry.npmjs.org/es-iterator-helpers/-/es-iterator-helpers-1.3.2.tgz 8029ms (cache miss)
1395 http fetch GET 200 https://registry.npmjs.org/@babel/types/-/types-7.29.0.tgz 8208ms (cache miss)
1396 http fetch GET 200 https://registry.npmjs.org/@img/sharp-win32-x64/-/sharp-win32-x64-0.34.5.tgz 8251ms (cache miss)
1397 http fetch GET 200 https://registry.npmjs.org/ajv/-/ajv-6.15.0.tgz 8303ms (cache miss)
1398 http fetch GET 200 https://registry.npmjs.org/eslint-plugin-import/-/eslint-plugin-import-2.32.0.tgz 8516ms (cache miss)
1399 http fetch GET 200 https://registry.npmjs.org/@babel/helpers/-/helpers-7.29.2.tgz 8702ms (cache miss)
1400 http fetch GET 200 https://registry.npmjs.org/axobject-query/-/axobject-query-4.1.0.tgz 8781ms (cache miss)
1401 http fetch GET 200 https://registry.npmjs.org/typescript/-/typescript-5.9.3.tgz 9038ms (cache miss)
1402 http fetch GET 200 https://registry.npmjs.org/@swc/helpers/-/helpers-0.5.15.tgz 9180ms (cache miss)
1403 http fetch GET 200 https://registry.npmjs.org/@typescript-eslint/scope-manager/-/scope-manager-8.59.3.tgz 9298ms (cache miss)
1404 http fetch GET 200 https://registry.npmjs.org/eslint-plugin-jsx-a11y/-/eslint-plugin-jsx-a11y-6.10.2.tgz 9159ms (cache miss)
1405 http fetch GET 200 https://registry.npmjs.org/aria-query/-/aria-query-5.3.2.tgz 9178ms (cache miss)
1406 http fetch GET 200 https://registry.npmjs.org/eslint-plugin-react/-/eslint-plugin-react-7.37.5.tgz 10178ms (cache miss)
1407 http fetch GET 200 https://registry.npmjs.org/@typescript-eslint/eslint-plugin/-/eslint-plugin-8.59.3.tgz 10348ms (cache miss)
1408 http fetch GET 200 https://registry.npmjs.org/eslint/-/eslint-9.39.4.tgz 10782ms (cache miss)
1409 http fetch GET 200 https://registry.npmjs.org/@next/swc-win32-x64-msvc/-/swc-win32-x64-msvc-16.2.6.tgz 13156ms (cache miss)
1410 http fetch GET 200 https://registry.npmjs.org/zod/-/zod-4.4.3.tgz 13147ms (cache miss)
1411 http fetch GET 200 https://registry.npmjs.org/caniuse-lite/-/caniuse-lite-1.0.30001793.tgz 13423ms (cache miss)
1412 http fetch GET 200 https://registry.npmjs.org/es-abstract/-/es-abstract-1.24.2.tgz 15624ms (cache miss)
1413 http fetch GET 200 https://registry.npmjs.org/next/-/next-16.2.6.tgz 38797ms (cache miss)
1414 silly CHANGE node_modules/@unrs/resolver-binding-win32-x64-msvc
1415 silly CHANGE node_modules/@typescript-eslint/visitor-keys
1416 silly CHANGE node_modules/@typescript-eslint/visitor-keys/node_modules/eslint-visitor-keys
1417 silly CHANGE node_modules/@typescript-eslint/utils
1418 silly CHANGE node_modules/@typescript-eslint/typescript-estree
1419 silly CHANGE node_modules/@typescript-eslint/typescript-estree/node_modules/semver
1420 silly CHANGE node_modules/@typescript-eslint/typescript-estree/node_modules/minimatch
1421 silly CHANGE node_modules/@typescript-eslint/typescript-estree/node_modules/brace-expansion
1422 silly CHANGE node_modules/@typescript-eslint/typescript-estree/node_modules/balanced-match
1423 silly CHANGE node_modules/@typescript-eslint/types
1424 silly CHANGE node_modules/@typescript-eslint/type-utils
1425 silly CHANGE node_modules/@typescript-eslint/tsconfig-utils
1426 silly CHANGE node_modules/@typescript-eslint/scope-manager
1427 silly CHANGE node_modules/@typescript-eslint/project-service
1428 silly CHANGE node_modules/@typescript-eslint/parser
1429 silly CHANGE node_modules/@typescript-eslint/eslint-plugin
1430 silly CHANGE node_modules/@typescript-eslint/eslint-plugin/node_modules/ignore
1431 silly CHANGE node_modules/@types/react-dom
1432 silly CHANGE node_modules/@types/react
1433 silly CHANGE node_modules/@types/node
1434 silly CHANGE node_modules/@types/json5
1435 silly CHANGE node_modules/@types/json-schema
1436 silly CHANGE node_modules/@types/estree
1437 silly CHANGE node_modules/@rtsao/scc
1438 silly CHANGE node_modules/@swc/helpers
1439 silly CHANGE node_modules/@tailwindcss/postcss
1440 silly CHANGE node_modules/@tailwindcss/oxide-win32-x64-msvc
1441 silly CHANGE node_modules/@tailwindcss/oxide
1442 silly CHANGE node_modules/@tailwindcss/node
1443 silly CHANGE node_modules/@nolyfill/is-core-module
1444 silly CHANGE node_modules/@jridgewell/trace-mapping
1445 silly CHANGE node_modules/@jridgewell/sourcemap-codec
1446 silly CHANGE node_modules/@jridgewell/resolve-uri
1447 silly CHANGE node_modules/@jridgewell/remapping
1448 silly CHANGE node_modules/@jridgewell/gen-mapping
1449 silly CHANGE node_modules/@nodelib/fs.walk
1450 silly CHANGE node_modules/@nodelib/fs.stat
1451 silly CHANGE node_modules/@nodelib/fs.scandir
1452 silly CHANGE node_modules/@next/swc-win32-x64-msvc
1453 silly CHANGE node_modules/@next/eslint-plugin-next
1454 silly CHANGE node_modules/@next/env
1455 silly CHANGE node_modules/@img/sharp-win32-x64
1456 silly CHANGE node_modules/@img/colour
1457 silly CHANGE node_modules/@humanfs/types
1458 silly CHANGE node_modules/@humanfs/node
1459 silly CHANGE node_modules/@humanfs/core
1460 silly CHANGE node_modules/@humanwhocodes/retry
1461 silly CHANGE node_modules/@humanwhocodes/module-importer
1462 silly CHANGE node_modules/@eslint-community/regexpp
1463 silly CHANGE node_modules/@eslint-community/eslint-utils
1464 silly CHANGE node_modules/@eslint-community/eslint-utils/node_modules/eslint-visitor-keys
1465 silly CHANGE node_modules/@eslint/plugin-kit
1466 silly CHANGE node_modules/@eslint/object-schema
1467 silly CHANGE node_modules/@eslint/js
1468 silly CHANGE node_modules/@eslint/eslintrc
1469 silly CHANGE node_modules/@eslint/core
1470 silly CHANGE node_modules/@eslint/config-helpers
1471 silly CHANGE node_modules/@eslint/config-array
1472 silly CHANGE node_modules/@babel/types
1473 silly CHANGE node_modules/@babel/traverse
1474 silly CHANGE node_modules/@babel/template
1475 silly CHANGE node_modules/@babel/parser
1476 silly CHANGE node_modules/@babel/helpers
1477 silly CHANGE node_modules/@babel/helper-validator-option
1478 silly CHANGE node_modules/@babel/helper-validator-identifier
1479 silly CHANGE node_modules/@babel/helper-string-parser
1480 silly CHANGE node_modules/@babel/helper-module-transforms
1481 silly CHANGE node_modules/@babel/helper-module-imports
1482 silly CHANGE node_modules/@babel/helper-globals
1483 silly CHANGE node_modules/@babel/helper-compilation-targets
1484 silly CHANGE node_modules/@babel/generator
1485 silly CHANGE node_modules/@babel/core
1486 silly CHANGE node_modules/@babel/compat-data
1487 silly CHANGE node_modules/@babel/code-frame
1488 silly CHANGE node_modules/@alloc/quick-lru
1489 silly CHANGE node_modules/zod-validation-error
1490 silly CHANGE node_modules/zod
1491 silly CHANGE node_modules/yallist
1492 silly CHANGE node_modules/yocto-queue
1493 silly CHANGE node_modules/word-wrap
1494 silly CHANGE node_modules/which-typed-array
1495 silly CHANGE node_modules/which-collection
1496 silly CHANGE node_modules/which-builtin-type
1497 silly CHANGE node_modules/which-boxed-primitive
1498 silly CHANGE node_modules/which
1499 silly CHANGE node_modules/uri-js
1500 silly CHANGE node_modules/update-browserslist-db
1501 silly CHANGE node_modules/unrs-resolver
1502 silly CHANGE node_modules/undici-types
1503 silly CHANGE node_modules/unbox-primitive
1504 silly CHANGE node_modules/typescript-eslint
1505 silly CHANGE node_modules/typescript
1506 silly CHANGE node_modules/typed-array-length
1507 silly CHANGE node_modules/typed-array-byte-offset
1508 silly CHANGE node_modules/typed-array-byte-length
1509 silly CHANGE node_modules/typed-array-buffer
1510 silly CHANGE node_modules/type-check
1511 silly CHANGE node_modules/tslib
1512 silly CHANGE node_modules/tsconfig-paths
1513 silly CHANGE node_modules/tsconfig-paths/node_modules/json5
1514 silly CHANGE node_modules/ts-api-utils
1515 silly CHANGE node_modules/to-regex-range
1516 silly CHANGE node_modules/tinyglobby
1517 silly CHANGE node_modules/tinyglobby/node_modules/picomatch
1518 silly CHANGE node_modules/tinyglobby/node_modules/fdir
1519 silly CHANGE node_modules/tapable
1520 silly CHANGE node_modules/tailwindcss
1521 silly CHANGE node_modules/supports-preserve-symlinks-flag
1522 silly CHANGE node_modules/supports-color
1523 silly CHANGE node_modules/styled-jsx
1524 silly CHANGE node_modules/strip-json-comments
1525 silly CHANGE node_modules/strip-bom
1526 silly CHANGE node_modules/string.prototype.trimstart
1527 silly CHANGE node_modules/string.prototype.trimend
1528 silly CHANGE node_modules/string.prototype.trim
1529 silly CHANGE node_modules/string.prototype.repeat
1530 silly CHANGE node_modules/string.prototype.matchall
1531 silly CHANGE node_modules/string.prototype.includes
1532 silly CHANGE node_modules/stop-iteration-iterator
1533 silly CHANGE node_modules/stable-hash
1534 silly CHANGE node_modules/source-map-js
1535 silly CHANGE node_modules/side-channel-weakmap
1536 silly CHANGE node_modules/side-channel-map
1537 silly CHANGE node_modules/side-channel-list
1538 silly CHANGE node_modules/side-channel
1539 silly CHANGE node_modules/shebang-regex
1540 silly CHANGE node_modules/shebang-command
1541 silly CHANGE node_modules/sharp
1542 silly CHANGE node_modules/sharp/node_modules/semver
1543 silly CHANGE node_modules/set-proto
1544 silly CHANGE node_modules/set-function-name
1545 silly CHANGE node_modules/set-function-length
1546 silly CHANGE node_modules/semver
1547 silly CHANGE node_modules/scheduler
1548 silly CHANGE node_modules/safe-regex-test
1549 silly CHANGE node_modules/safe-push-apply
1550 silly CHANGE node_modules/safe-array-concat
1551 silly CHANGE node_modules/run-parallel
1552 silly CHANGE node_modules/reusify
1553 silly CHANGE node_modules/resolve-pkg-maps
1554 silly CHANGE node_modules/resolve-from
1555 silly CHANGE node_modules/resolve
1556 silly CHANGE node_modules/regexp.prototype.flags
1557 silly CHANGE node_modules/reflect.getprototypeof
1558 silly CHANGE node_modules/react-is
1559 silly CHANGE node_modules/react-dom
1560 silly CHANGE node_modules/react
1561 silly CHANGE node_modules/queue-microtask
1562 silly CHANGE node_modules/punycode
1563 silly CHANGE node_modules/prop-types
1564 silly CHANGE node_modules/prelude-ls
1565 silly CHANGE node_modules/postcss
1566 silly CHANGE node_modules/possible-typed-array-names
1567 silly CHANGE node_modules/picomatch
1568 silly CHANGE node_modules/picocolors
1569 silly CHANGE node_modules/path-parse
1570 silly CHANGE node_modules/path-key
1571 silly CHANGE node_modules/path-exists
1572 silly CHANGE node_modules/parent-module
1573 silly CHANGE node_modules/p-locate
1574 silly CHANGE node_modules/p-limit
1575 silly CHANGE node_modules/own-keys
1576 silly CHANGE node_modules/optionator
1577 silly CHANGE node_modules/object.values
1578 silly CHANGE node_modules/object.groupby
1579 silly CHANGE node_modules/object.fromentries
1580 silly CHANGE node_modules/object.entries
1581 silly CHANGE node_modules/object.assign
1582 silly CHANGE node_modules/object-keys
1583 silly CHANGE node_modules/object-inspect
1584 silly CHANGE node_modules/object-assign
1585 silly CHANGE node_modules/node-releases
1586 silly CHANGE node_modules/node-exports-info
1587 silly CHANGE node_modules/next
1588 silly CHANGE node_modules/next/node_modules/postcss
1589 silly CHANGE node_modules/natural-compare
1590 silly CHANGE node_modules/napi-postinstall
1591 silly CHANGE node_modules/nanoid
1592 silly CHANGE node_modules/ms
1593 silly CHANGE node_modules/minimist
1594 silly CHANGE node_modules/minimatch
1595 silly CHANGE node_modules/micromatch
1596 silly CHANGE node_modules/merge2
1597 silly CHANGE node_modules/math-intrinsics
1598 silly CHANGE node_modules/magic-string
1599 silly CHANGE node_modules/lru-cache
1600 silly CHANGE node_modules/loose-envify
1601 silly CHANGE node_modules/lodash.merge
1602 silly CHANGE node_modules/locate-path
1603 silly CHANGE node_modules/lightningcss-win32-x64-msvc
1604 silly CHANGE node_modules/lightningcss
1605 silly CHANGE node_modules/levn
1606 silly CHANGE node_modules/language-tags
1607 silly CHANGE node_modules/language-subtag-registry
1608 silly CHANGE node_modules/keyv
1609 silly CHANGE node_modules/jsx-ast-utils
1610 silly CHANGE node_modules/json5
1611 silly CHANGE node_modules/json-stable-stringify-without-jsonify
1612 silly CHANGE node_modules/json-schema-traverse
1613 silly CHANGE node_modules/json-buffer
1614 silly CHANGE node_modules/jsesc
1615 silly CHANGE node_modules/js-yaml
1616 silly CHANGE node_modules/js-tokens
1617 silly CHANGE node_modules/jiti
1618 silly CHANGE node_modules/iterator.prototype
1619 silly CHANGE node_modules/isexe
1620 silly CHANGE node_modules/isarray
1621 silly CHANGE node_modules/is-weakset
1622 silly CHANGE node_modules/is-weakref
1623 silly CHANGE node_modules/is-weakmap
1624 silly CHANGE node_modules/is-typed-array
1625 silly CHANGE node_modules/is-symbol
1626 silly CHANGE node_modules/is-string
1627 silly CHANGE node_modules/is-shared-array-buffer
1628 silly CHANGE node_modules/is-set
1629 silly CHANGE node_modules/is-regex
1630 silly CHANGE node_modules/is-number-object
1631 silly CHANGE node_modules/is-number
1632 silly CHANGE node_modules/is-negative-zero
1633 silly CHANGE node_modules/is-map
1634 silly CHANGE node_modules/is-glob
1635 silly CHANGE node_modules/is-generator-function
1636 silly CHANGE node_modules/is-finalizationregistry
1637 silly CHANGE node_modules/is-extglob
1638 silly CHANGE node_modules/is-date-object
1639 silly CHANGE node_modules/is-data-view
1640 silly CHANGE node_modules/is-core-module
1641 silly CHANGE node_modules/is-callable
1642 silly CHANGE node_modules/is-bun-module
1643 silly CHANGE node_modules/is-bun-module/node_modules/semver
1644 silly CHANGE node_modules/is-boolean-object
1645 silly CHANGE node_modules/is-bigint
1646 silly CHANGE node_modules/is-async-function
1647 silly CHANGE node_modules/is-array-buffer
1648 silly CHANGE node_modules/internal-slot
1649 silly CHANGE node_modules/imurmurhash
1650 silly CHANGE node_modules/import-fresh
1651 silly CHANGE node_modules/ignore
1652 silly CHANGE node_modules/hermes-parser
1653 silly CHANGE node_modules/hermes-estree
1654 silly CHANGE node_modules/hasown
1655 silly CHANGE node_modules/has-tostringtag
1656 silly CHANGE node_modules/has-symbols
1657 silly CHANGE node_modules/has-proto
1658 silly CHANGE node_modules/has-property-descriptors
1659 silly CHANGE node_modules/has-flag
1660 silly CHANGE node_modules/has-bigints
1661 silly CHANGE node_modules/graceful-fs
1662 silly CHANGE node_modules/gopd
1663 silly CHANGE node_modules/globalthis
1664 silly CHANGE node_modules/globals
1665 silly CHANGE node_modules/glob-parent
1666 silly CHANGE node_modules/get-tsconfig
1667 silly CHANGE node_modules/get-symbol-description
1668 silly CHANGE node_modules/get-proto
1669 silly CHANGE node_modules/get-intrinsic
1670 silly CHANGE node_modules/gensync
1671 silly CHANGE node_modules/generator-function
1672 silly CHANGE node_modules/functions-have-names
1673 silly CHANGE node_modules/function.prototype.name
1674 silly CHANGE node_modules/function-bind
1675 silly CHANGE node_modules/for-each
1676 silly CHANGE node_modules/flatted
1677 silly CHANGE node_modules/flat-cache
1678 silly CHANGE node_modules/find-up
1679 silly CHANGE node_modules/fill-range
1680 silly CHANGE node_modules/file-entry-cache
1681 silly CHANGE node_modules/fastq
1682 silly CHANGE node_modules/fast-levenshtein
1683 silly CHANGE node_modules/fast-json-stable-stringify
1684 silly CHANGE node_modules/fast-glob
1685 silly CHANGE node_modules/fast-glob/node_modules/glob-parent
1686 silly CHANGE node_modules/fast-deep-equal
1687 silly CHANGE node_modules/esutils
1688 silly CHANGE node_modules/estraverse
1689 silly CHANGE node_modules/esrecurse
1690 silly CHANGE node_modules/esquery
1691 silly CHANGE node_modules/espree
1692 silly CHANGE node_modules/eslint-visitor-keys
1693 silly CHANGE node_modules/eslint-scope
1694 silly CHANGE node_modules/eslint-plugin-react-hooks
1695 silly CHANGE node_modules/eslint-plugin-react
1696 silly CHANGE node_modules/eslint-plugin-jsx-a11y
1697 silly CHANGE node_modules/eslint-plugin-import
1698 silly CHANGE node_modules/eslint-plugin-import/node_modules/debug
1699 silly CHANGE node_modules/eslint-module-utils
1700 silly CHANGE node_modules/eslint-module-utils/node_modules/debug
1701 silly CHANGE node_modules/eslint-import-resolver-typescript
1702 silly CHANGE node_modules/eslint-import-resolver-node
1703 silly CHANGE node_modules/eslint-import-resolver-node/node_modules/debug
1704 silly CHANGE node_modules/eslint-config-next
1705 silly CHANGE node_modules/eslint-config-next/node_modules/globals
1706 silly CHANGE node_modules/eslint
1707 silly CHANGE node_modules/escape-string-regexp
1708 silly CHANGE node_modules/escalade
1709 silly CHANGE node_modules/es-to-primitive
1710 silly CHANGE node_modules/es-set-tostringtag
1711 silly CHANGE node_modules/es-object-atoms
1712 silly CHANGE node_modules/es-shim-unscopables
1713 silly CHANGE node_modules/es-iterator-helpers
1714 silly CHANGE node_modules/es-errors
1715 silly CHANGE node_modules/es-define-property
1716 silly CHANGE node_modules/es-abstract
1717 silly CHANGE node_modules/enhanced-resolve
1718 silly CHANGE node_modules/emoji-regex
1719 silly CHANGE node_modules/electron-to-chromium
1720 silly CHANGE node_modules/dunder-proto
1721 silly CHANGE node_modules/doctrine
1722 silly CHANGE node_modules/detect-libc
1723 silly CHANGE node_modules/define-properties
1724 silly CHANGE node_modules/define-data-property
1725 silly CHANGE node_modules/deep-is
1726 silly CHANGE node_modules/debug
1727 silly CHANGE node_modules/data-view-byte-offset
1728 silly CHANGE node_modules/data-view-byte-length
1729 silly CHANGE node_modules/damerau-levenshtein
1730 silly CHANGE node_modules/data-view-buffer
1731 silly CHANGE node_modules/csstype
1732 silly CHANGE node_modules/cross-spawn
1733 silly CHANGE node_modules/convert-source-map
1734 silly CHANGE node_modules/concat-map
1735 silly CHANGE node_modules/color-name
1736 silly CHANGE node_modules/color-convert
1737 silly CHANGE node_modules/client-only
1738 silly CHANGE node_modules/chalk
1739 silly CHANGE node_modules/caniuse-lite
1740 silly CHANGE node_modules/callsites
1741 silly CHANGE node_modules/call-bound
1742 silly CHANGE node_modules/call-bind-apply-helpers
1743 silly CHANGE node_modules/call-bind
1744 silly CHANGE node_modules/browserslist
1745 silly CHANGE node_modules/braces
1746 silly CHANGE node_modules/brace-expansion
1747 silly CHANGE node_modules/baseline-browser-mapping
1748 silly CHANGE node_modules/balanced-match
1749 silly CHANGE node_modules/axobject-query
1750 silly CHANGE node_modules/axe-core
1751 silly CHANGE node_modules/available-typed-arrays
1752 silly CHANGE node_modules/async-function
1753 silly CHANGE node_modules/ast-types-flow
1754 silly CHANGE node_modules/arraybuffer.prototype.slice
1755 silly CHANGE node_modules/array.prototype.flatmap
1756 silly CHANGE node_modules/array.prototype.tosorted
1757 silly CHANGE node_modules/array.prototype.flat
1758 silly CHANGE node_modules/array.prototype.findlastindex
1759 silly CHANGE node_modules/array.prototype.findlast
1760 silly CHANGE node_modules/array-includes
1761 silly CHANGE node_modules/array-buffer-byte-length
1762 silly CHANGE node_modules/aria-query
1763 silly CHANGE node_modules/argparse
1764 silly CHANGE node_modules/ansi-styles
1765 silly CHANGE node_modules/ajv
1766 silly CHANGE node_modules/acorn
1767 silly CHANGE node_modules/acorn-jsx
1768 verbose cwd C:\Porfolio
1769 verbose os Windows_NT 10.0.26200
1770 verbose node v24.17.0
1771 verbose npm  v11.13.0
1772 verbose exit 0
1773 info ok
